// WYGENEROWANE przez tools/gen_pl_fonts.py - nie edytowac recznie.
// Polskie litery (18 znakow) dla Montserrat Medium 12, 14, 16, 20, 24, 28, 32, 40, 48 px, 4 bpp; reszta znakow z fallback =
// wbudowana lv_font_montserrat_N (ASCII rysuje sie identycznie jak bez tej czcionki).
#include "ui/fonts/console_fonts_pl.h"

/* ---------------------------------------------------------------- 12 px */
static LV_ATTRIBUTE_LARGE_CONST const uint8_t pl12_bitmap[] = {
    0x00, 0x00, 0x04, 0x70, 0x00, 0x00, 0x00, 0x5c, 0x20, 0x00, 0x00, 0x00, 0x00, 0x00, 0x00, 0x00,
    0x4b, 0xff, 0xc4, 0x00, 0x05, 0xf8, 0x32, 0x8f, 0x60, 0x1f, 0x60, 0x00, 0x05, 0xf1, 0x5f, 0x00,
    0x00, 0x00, 0xe6, 0x6d, 0x00, 0x00, 0x00, 0xc8, 0x5f, 0x00, 0x00, 0x00, 0xe6, 0x1f, 0x60, 0x00,
    0x05, 0xf1, 0x05, 0xf8, 0x32, 0x7f, 0x60, 0x00, 0x4b, 0xff, 0xc4, 0x00, 0x00, 0x00, 0x65, 0x00,
    0x00, 0x09, 0xa1, 0x00, 0x00, 0x00, 0x00, 0x00, 0x02, 0xbf, 0xe8, 0x00, 0x1e, 0xa2, 0x4e, 0x90,
    0x6e, 0x00, 0x04, 0xf0, 0x8b, 0x00, 0x01, 0xf1, 0x6e, 0x00, 0x04, 0xf0, 0x1e, 0xa2, 0x4e, 0x80,
    0x02, 0xbf, 0xe8, 0x00, 0x00, 0x07, 0xf3, 0x00, 0x00, 0x00, 0xde, 0xa0, 0x00, 0x00, 0x4f, 0x4f,
    0x10, 0x00, 0x0b, 0x90, 0xd7, 0x00, 0x02, 0xf3, 0x07, 0xe0, 0x00, 0x9d, 0x00, 0x1f, 0x50, 0x1f,
    0xff, 0xff, 0xfc, 0x06, 0xf2, 0x22, 0x24, 0xf3, 0xd7, 0x00, 0x00, 0x0d, 0xe0, 0x00, 0x00, 0x02,
    0xb1, 0x00, 0x00, 0x00, 0x78, 0x10, 0x00, 0x00, 0x03, 0xff, 0x00, 0x00, 0x00, 0x01, 0x10, 0x18,
    0xef, 0xd3, 0x00, 0xa4, 0x29, 0xe0, 0x00, 0x00, 0x1f, 0x10, 0x9e, 0xff, 0xf2, 0x5e, 0x42, 0x2f,
    0x25, 0xe3, 0x39, 0xf2, 0x09, 0xff, 0x7f, 0x20, 0x00, 0x0a, 0x40, 0x00, 0x01, 0xd1, 0x00, 0x00,
    0x0d, 0xf4, 0x00, 0x00, 0x01, 0x00, 0x00, 0x00, 0x05, 0x60, 0x00, 0x00, 0x07, 0xb1, 0x00, 0x00,
    0x00, 0x00, 0x00, 0x00, 0x04, 0xbf, 0xfc, 0x40, 0x05, 0xf8, 0x32, 0x7e, 0x11, 0xf6, 0x00, 0x00,
    0x00, 0x5f, 0x00, 0x00, 0x00, 0x06, 0xd0, 0x00, 0x00, 0x00, 0x5f, 0x00, 0x00, 0x00, 0x01, 0xf6,
    0x00, 0x00, 0x00, 0x05, 0xf8, 0x32, 0x7e, 0x10, 0x04, 0xcf, 0xfc, 0x40, 0x00, 0x00, 0x74, 0x00,
    0x01, 0xb8, 0x00, 0x00, 0x00, 0x00, 0x00, 0x2b, 0xff, 0x80, 0x1e, 0xa2, 0x4e, 0x36, 0xe0, 0x00,
    0x00, 0x8b, 0x00, 0x00, 0x06, 0xe0, 0x00, 0x00, 0x1e, 0xa2, 0x4d, 0x30, 0x2b, 0xff, 0x80, 0xcf,
    0xff, 0xff, 0x3c, 0x82, 0x22, 0x20, 0xc7, 0x00, 0x00, 0x0c, 0x70, 0x00, 0x00, 0xcf, 0xff, 0xfa,
    0x0c, 0x82, 0x22, 0x20, 0xc7, 0x00, 0x00, 0x0c, 0x82, 0x22, 0x21, 0xcf, 0xff, 0xff, 0x70, 0x00,
    0x07, 0x70, 0x00, 0x00, 0xd1, 0x10, 0x00, 0x0a, 0xf8, 0x00, 0x00, 0x02, 0x00, 0x03, 0xcf, 0xe5,
    0x01, 0xe9, 0x25, 0xf4, 0x6d, 0x00, 0x07, 0xb8, 0xff, 0xff, 0xfd, 0x6d, 0x22, 0x22, 0x21, 0xe9,
    0x33, 0x92, 0x02, 0xbf, 0xfc, 0x10, 0x00, 0x0c, 0x10, 0x00, 0x03, 0xc2, 0x00, 0x00, 0x0c, 0xf3,
    0x0a, 0x90, 0x00, 0x00, 0x0a, 0x90, 0x00, 0x00, 0x0a, 0x95, 0x20, 0x00, 0x0b, 0xfc, 0x10, 0x00,
    0x2f, 0xf0, 0x00, 0x00, 0x9f, 0x90, 0x00, 0x00, 0x0a, 0x90, 0x00, 0x00, 0x0a, 0xa2, 0x22, 0x20,
    0x0a, 0xff, 0xff, 0xf2, 0x0d, 0x60, 0x0d, 0x60, 0x0d, 0x60, 0x0d, 0x60, 0x0e, 0xf6, 0x4f, 0xb0,
    0xaf, 0x60, 0x0d, 0x60, 0x0d, 0x60, 0x0d, 0x60, 0x00, 0x00, 0x66, 0x00, 0x00, 0x08, 0xa1, 0x00,
    0x00, 0x00, 0x00, 0x00, 0xca, 0x00, 0x00, 0xc8, 0xcf, 0x60, 0x00, 0xc8, 0xce, 0xf3, 0x00, 0xc8,
    0xc7, 0xbd, 0x10, 0xc8, 0xc7, 0x1e, 0xa0, 0xc8, 0xc7, 0x03, 0xf6, 0xc8, 0xc7, 0x00, 0x7f, 0xd8,
    0xc7, 0x00, 0x0a, 0xf8, 0xc7, 0x00, 0x01, 0xd8, 0x00, 0x03, 0x71, 0x00, 0x04, 0xc2, 0x00, 0x00,
    0x00, 0x00, 0x0f, 0x7d, 0xfc, 0x30, 0xfe, 0x52, 0xad, 0x0f, 0x70, 0x02, 0xf1, 0xf4, 0x00, 0x1f,
    0x2f, 0x40, 0x01, 0xf2, 0xf4, 0x00, 0x1f, 0x2f, 0x40, 0x01, 0xf2, 0x00, 0x00, 0x56, 0x00, 0x00,
    0x8b, 0x10, 0x00, 0x00, 0x00, 0x00, 0x4c, 0xff, 0xb3, 0x1f, 0x82, 0x38, 0x54, 0xf0, 0x00, 0x00,
    0x1f, 0x92, 0x00, 0x00, 0x3b, 0xfe, 0x80, 0x00, 0x01, 0x5d, 0xb0, 0x00, 0x00, 0x4f, 0x5b, 0x52,
    0x3b, 0xb1, 0x8e, 0xff, 0xa1, 0x00, 0x05, 0x70, 0x00, 0x6c, 0x10, 0x00, 0x00, 0x00, 0x09, 0xff,
    0xc3, 0x6e, 0x32, 0x71, 0x7d, 0x20, 0x00, 0x1a, 0xfe, 0xa1, 0x00, 0x03, 0xc9, 0x57, 0x32, 0xc8,
    0x5c, 0xff, 0xa1, 0x00, 0x00, 0x47, 0x00, 0x00, 0x06, 0xc2, 0x00, 0x00, 0x00, 0x00, 0x00, 0x7f,
    0xff, 0xff, 0xf6, 0x12, 0x22, 0x29, 0xe1, 0x00, 0x00, 0x4f, 0x30, 0x00, 0x01, 0xf7, 0x00, 0x00,
    0x0c, 0xb0, 0x00, 0x00, 0x8e, 0x10, 0x00, 0x04, 0xf3, 0x00, 0x00, 0x1e, 0x82, 0x22, 0x21, 0x8f,
    0xff, 0xff, 0xf9, 0x00, 0x03, 0x71, 0x00, 0x4d, 0x30, 0x00, 0x00, 0x00, 0x7f, 0xff, 0xfb, 0x12,
    0x24, 0xf4, 0x00, 0x0d, 0x80, 0x00, 0x9c, 0x00, 0x05, 0xe2, 0x00, 0x2f, 0x62, 0x21, 0x8f, 0xff,
    0xfd, 0x00, 0x08, 0x90, 0x00, 0x00, 0x00, 0x10, 0x00, 0x7f, 0xff, 0xff, 0xf6, 0x12, 0x22, 0x29,
    0xe1, 0x00, 0x00, 0x4f, 0x30, 0x00, 0x01, 0xf7, 0x00, 0x00, 0x0c, 0xb0, 0x00, 0x00, 0x8e, 0x10,
    0x00, 0x04, 0xf3, 0x00, 0x00, 0x1e, 0x82, 0x22, 0x21, 0x8f, 0xff, 0xff, 0xf9, 0x00, 0x6b, 0x00,
    0x00, 0x01, 0x00, 0x00, 0x00, 0x00, 0x7f, 0xff, 0xfb, 0x12, 0x24, 0xf4, 0x00, 0x0d, 0x80, 0x00,
    0x9c, 0x00, 0x05, 0xe2, 0x00, 0x2f, 0x62, 0x21, 0x8f, 0xff, 0xfd,
};
static const lv_font_fmt_txt_glyph_dsc_t pl12_glyph_dsc[] = {
    {.bitmap_index = 0, .adv_w = 0, .box_w = 0, .box_h = 0, .ofs_x = 0, .ofs_y = 0},  /* id 0 */
    {.bitmap_index = 0, .adv_w = 160, .box_w = 10, .box_h = 12, .ofs_x = 0, .ofs_y = 0},  /* U+00D3 */
    {.bitmap_index = 60, .adv_w = 128, .box_w = 8, .box_h = 10, .ofs_x = 0, .ofs_y = 0},  /* U+00F3 */
    {.bitmap_index = 100, .adv_w = 144, .box_w = 9, .box_h = 13, .ofs_x = 0, .ofs_y = -4},  /* U+0104 */
    {.bitmap_index = 159, .adv_w = 112, .box_w = 7, .box_h = 11, .ofs_x = 0, .ofs_y = -4},  /* U+0105 */
    {.bitmap_index = 198, .adv_w = 144, .box_w = 9, .box_h = 12, .ofs_x = 0, .ofs_y = 0},  /* U+0106 */
    {.bitmap_index = 252, .adv_w = 112, .box_w = 7, .box_h = 10, .ofs_x = 0, .ofs_y = 0},  /* U+0107 */
    {.bitmap_index = 287, .adv_w = 128, .box_w = 7, .box_h = 13, .ofs_x = 1, .ofs_y = -4},  /* U+0118 */
    {.bitmap_index = 333, .adv_w = 112, .box_w = 7, .box_h = 10, .ofs_x = 0, .ofs_y = -3},  /* U+0119 */
    {.bitmap_index = 368, .adv_w = 112, .box_w = 8, .box_h = 9, .ofs_x = 0, .ofs_y = 0},  /* U+0141 */
    {.bitmap_index = 404, .adv_w = 64, .box_w = 4, .box_h = 10, .ofs_x = 0, .ofs_y = 0},  /* U+0142 */
    {.bitmap_index = 424, .adv_w = 160, .box_w = 8, .box_h = 12, .ofs_x = 1, .ofs_y = 0},  /* U+0143 */
    {.bitmap_index = 472, .adv_w = 128, .box_w = 7, .box_h = 10, .ofs_x = 1, .ofs_y = 0},  /* U+0144 */
    {.bitmap_index = 507, .adv_w = 112, .box_w = 7, .box_h = 12, .ofs_x = 0, .ofs_y = 0},  /* U+015A */
    {.bitmap_index = 549, .adv_w = 96, .box_w = 6, .box_h = 10, .ofs_x = 0, .ofs_y = 0},  /* U+015B */
    {.bitmap_index = 579, .adv_w = 128, .box_w = 8, .box_h = 12, .ofs_x = 0, .ofs_y = 0},  /* U+0179 */
    {.bitmap_index = 627, .adv_w = 96, .box_w = 6, .box_h = 10, .ofs_x = 0, .ofs_y = 0},  /* U+017A */
    {.bitmap_index = 657, .adv_w = 128, .box_w = 8, .box_h = 11, .ofs_x = 0, .ofs_y = 0},  /* U+017B */
    {.bitmap_index = 701, .adv_w = 96, .box_w = 6, .box_h = 10, .ofs_x = 0, .ofs_y = 0},  /* U+017C */
};
static const uint16_t pl12_unicode_list[] = { 0x0, 0x20, 0x31, 0x32, 0x33, 0x34, 0x45, 0x46, 0x6e, 0x6f, 0x70, 0x71, 0x87, 0x88, 0xa6, 0xa7, 0xa8, 0xa9 };
static const lv_font_fmt_txt_cmap_t pl12_cmaps[] = {
    { .range_start = 0xd3, .range_length = 170, .glyph_id_start = 1, .unicode_list = pl12_unicode_list,
      .glyph_id_ofs_list = NULL, .list_length = 18, .type = LV_FONT_FMT_TXT_CMAP_SPARSE_TINY },
};
static const lv_font_fmt_txt_dsc_t pl12_dsc = {
    .glyph_bitmap = pl12_bitmap, .glyph_dsc = pl12_glyph_dsc, .cmaps = pl12_cmaps, .kern_dsc = NULL,
    .kern_scale = 0, .cmap_num = 1, .bpp = 4, .kern_classes = 0, .bitmap_format = 0,
};
const lv_font_t console_font_pl_12 = {
    .get_glyph_dsc = lv_font_get_glyph_dsc_fmt_txt, .get_glyph_bitmap = lv_font_get_bitmap_fmt_txt,
    .line_height = 15, .base_line = 3, .subpx = LV_FONT_SUBPX_NONE, .underline_position = -1,
    .underline_thickness = 1, .dsc = &pl12_dsc, .fallback = &lv_font_montserrat_12,
};

/* ---------------------------------------------------------------- 14 px */
static LV_ATTRIBUTE_LARGE_CONST const uint8_t pl14_bitmap[] = {
    0x00, 0x00, 0x00, 0xbc, 0x10, 0x00, 0x00, 0x00, 0x0b, 0xb1, 0x00, 0x00, 0x00, 0x00, 0x00, 0x00,
    0x00, 0x00, 0x00, 0x07, 0xdf, 0xfc, 0x50, 0x00, 0x01, 0xdf, 0x85, 0x5a, 0xfa, 0x00, 0x0a, 0xf2,
    0x00, 0x00, 0x5f, 0x70, 0x1f, 0x60, 0x00, 0x00, 0x0a, 0xe0, 0x4f, 0x20, 0x00, 0x00, 0x06, 0xf1,
    0x4f, 0x20, 0x00, 0x00, 0x06, 0xf1, 0x2f, 0x60, 0x00, 0x00, 0x0a, 0xe0, 0x0a, 0xf2, 0x00, 0x00,
    0x5f, 0x70, 0x01, 0xdf, 0x85, 0x5a, 0xfa, 0x00, 0x00, 0x07, 0xdf, 0xfc, 0x50, 0x00, 0x00, 0x00,
    0x4f, 0x70, 0x00, 0x00, 0x3e, 0x50, 0x00, 0x00, 0x00, 0x00, 0x00, 0x00, 0x07, 0xef, 0xd6, 0x00,
    0x0a, 0xf7, 0x58, 0xf8, 0x02, 0xf6, 0x00, 0x07, 0xf1, 0x6f, 0x00, 0x00, 0x2f, 0x46, 0xf0, 0x00,
    0x02, 0xf4, 0x2f, 0x60, 0x00, 0x7f, 0x10, 0xaf, 0x74, 0x8f, 0x80, 0x00, 0x7e, 0xfd, 0x60, 0x00,
    0x00, 0x00, 0xdf, 0x10, 0x00, 0x00, 0x00, 0x4f, 0xe8, 0x00, 0x00, 0x00, 0x0b, 0xa6, 0xe0, 0x00,
    0x00, 0x02, 0xf3, 0x0e, 0x60, 0x00, 0x00, 0x9b, 0x00, 0x8d, 0x00, 0x00, 0x1f, 0x40, 0x01, 0xf4,
    0x00, 0x07, 0xff, 0xff, 0xff, 0xb0, 0x00, 0xe7, 0x33, 0x33, 0x5f, 0x20, 0x6f, 0x10, 0x00, 0x00,
    0xda, 0x0d, 0xa0, 0x00, 0x00, 0x0a, 0xf2, 0x00, 0x00, 0x00, 0x02, 0xd1, 0x00, 0x00, 0x00, 0x00,
    0x5c, 0x21, 0x00, 0x00, 0x00, 0x02, 0xff, 0x70, 0x00, 0x00, 0x00, 0x01, 0x30, 0x05, 0xcf, 0xfb,
    0x20, 0x0b, 0x85, 0x6d, 0xc0, 0x00, 0x00, 0x14, 0xf1, 0x05, 0xef, 0xff, 0xf2, 0x2f, 0x94, 0x46,
    0xf3, 0x4f, 0x10, 0x05, 0xf3, 0x1f, 0xa5, 0x7e, 0xf3, 0x05, 0xdf, 0xdb, 0xf3, 0x00, 0x00, 0x3c,
    0x00, 0x00, 0x00, 0x7b, 0x21, 0x00, 0x00, 0x3f, 0xf5, 0x00, 0x00, 0x01, 0x20, 0x00, 0x00, 0x01,
    0xdb, 0x10, 0x00, 0x00, 0x1c, 0x90, 0x00, 0x00, 0x00, 0x00, 0x00, 0x00, 0x00, 0x07, 0xdf, 0xfc,
    0x50, 0x01, 0xdf, 0x85, 0x5a, 0xf5, 0x0a, 0xf2, 0x00, 0x00, 0x40, 0x2f, 0x60, 0x00, 0x00, 0x00,
    0x4f, 0x20, 0x00, 0x00, 0x00, 0x4f, 0x20, 0x00, 0x00, 0x00, 0x2f, 0x60, 0x00, 0x00, 0x00, 0x0a,
    0xf2, 0x00, 0x00, 0x30, 0x01, 0xdf, 0x85, 0x5a, 0xf5, 0x00, 0x18, 0xdf, 0xfc, 0x50, 0x00, 0x00,
    0x6f, 0x40, 0x00, 0x06, 0xe3, 0x00, 0x00, 0x00, 0x00, 0x00, 0x00, 0x7e, 0xfe, 0x60, 0x09, 0xf8,
    0x58, 0xf5, 0x2f, 0x60, 0x00, 0x20, 0x6f, 0x00, 0x00, 0x00, 0x6f, 0x00, 0x00, 0x00, 0x2f, 0x60,
    0x00, 0x30, 0x09, 0xf7, 0x48, 0xf5, 0x00, 0x7e, 0xfe, 0x60, 0x9f, 0xff, 0xff, 0xf6, 0x9f, 0x44,
    0x44, 0x42, 0x9e, 0x00, 0x00, 0x00, 0x9e, 0x11, 0x11, 0x00, 0x9f, 0xff, 0xff, 0xd0, 0x9e, 0x44,
    0x44, 0x30, 0x9e, 0x00, 0x00, 0x00, 0x9e, 0x00, 0x00, 0x00, 0x9f, 0x44, 0x44, 0x42, 0x9f, 0xff,
    0xff, 0xfd, 0x00, 0x00, 0x0c, 0x30, 0x00, 0x00, 0x0f, 0x22, 0x00, 0x00, 0x0c, 0xfc, 0x00, 0x00,
    0x00, 0x31, 0x00, 0x8e, 0xfd, 0x50, 0x0a, 0xe6, 0x59, 0xf4, 0x2f, 0x31, 0x11, 0x8c, 0x6f, 0xff,
    0xff, 0xff, 0x6f, 0x44, 0x44, 0x43, 0x2f, 0x70, 0x00, 0x10, 0x0a, 0xf8, 0x57, 0xe4, 0x00, 0x7e,
    0xff, 0x80, 0x00, 0x00, 0x4a, 0x00, 0x00, 0x00, 0x8b, 0x51, 0x00, 0x00, 0x3e, 0xf3, 0x07, 0xf0,
    0x00, 0x00, 0x00, 0x7f, 0x00, 0x00, 0x00, 0x07, 0xf1, 0x80, 0x00, 0x00, 0x7f, 0xe9, 0x00, 0x00,
    0x0d, 0xf5, 0x00, 0x00, 0x09, 0xff, 0x00, 0x00, 0x00, 0x27, 0xf0, 0x00, 0x00, 0x00, 0x7f, 0x00,
    0x00, 0x00, 0x07, 0xf5, 0x55, 0x55, 0x10, 0x7f, 0xff, 0xff, 0xf5, 0x0a, 0xc0, 0x00, 0xac, 0x00,
    0x0a, 0xc0, 0x00, 0xac, 0x10, 0x0a, 0xfe, 0x11, 0xff, 0x30, 0xdf, 0xd0, 0x03, 0xac, 0x00, 0x0a,
    0xc0, 0x00, 0xac, 0x00, 0x0a, 0xc0, 0x00, 0x00, 0x00, 0x2e, 0xa0, 0x00, 0x00, 0x1d, 0x80, 0x00,
    0x00, 0x00, 0x00, 0x00, 0x09, 0xf2, 0x00, 0x00, 0x8e, 0x9f, 0xc0, 0x00, 0x08, 0xe9, 0xff, 0x90,
    0x00, 0x8e, 0x9e, 0x6f, 0x60, 0x08, 0xe9, 0xe0, 0x9f, 0x30, 0x8e, 0x9e, 0x00, 0xce, 0x18, 0xe9,
    0xe0, 0x02, 0xfb, 0x8e, 0x9e, 0x00, 0x04, 0xff, 0xe9, 0xe0, 0x00, 0x07, 0xfe, 0x9e, 0x00, 0x00,
    0x0a, 0xe0, 0x00, 0x01, 0xcb, 0x10, 0x00, 0x1c, 0x90, 0x00, 0x00, 0x00, 0x00, 0x00, 0xc9, 0x9f,
    0xfc, 0x20, 0xcf, 0xc5, 0x6e, 0xd0, 0xce, 0x10, 0x04, 0xf3, 0xcb, 0x00, 0x01, 0xf5, 0xca, 0x00,
    0x01, 0xf5, 0xca, 0x00, 0x01, 0xf5, 0xca, 0x00, 0x01, 0xf5, 0xca, 0x00, 0x01, 0xf5, 0x00, 0x00,
    0x3f, 0x80, 0x00, 0x00, 0x2e, 0x50, 0x00, 0x00, 0x00, 0x00, 0x00, 0x00, 0x1a, 0xef, 0xea, 0x30,
    0x0d, 0xe7, 0x56, 0xc8, 0x02, 0xf4, 0x00, 0x00, 0x00, 0x1f, 0x90, 0x00, 0x00, 0x00, 0x7f, 0xe9,
    0x51, 0x00, 0x00, 0x16, 0xbf, 0xf5, 0x00, 0x00, 0x00, 0x1a, 0xf0, 0x02, 0x00, 0x00, 0x5f, 0x14,
    0xf9, 0x54, 0x7e, 0xc0, 0x05, 0xbf, 0xfe, 0x91, 0x00, 0x00, 0x03, 0xf7, 0x00, 0x03, 0xe5, 0x00,
    0x00, 0x00, 0x00, 0x00, 0x6d, 0xfe, 0xb2, 0x3f, 0x84, 0x6b, 0x16, 0xf1, 0x00, 0x00, 0x2e, 0xe9,
    0x61, 0x00, 0x17, 0xae, 0xf3, 0x00, 0x00, 0x0e, 0x96, 0xc6, 0x47, 0xf6, 0x3b, 0xef, 0xe8, 0x00,
    0x00, 0x00, 0x1d, 0xa0, 0x00, 0x00, 0x1d, 0x80, 0x00, 0x00, 0x00, 0x00, 0x00, 0x05, 0xff, 0xff,
    0xff, 0xfa, 0x14, 0x44, 0x44, 0xaf, 0x40, 0x00, 0x00, 0x4f, 0x70, 0x00, 0x00, 0x2f, 0xa0, 0x00,
    0x00, 0x0c, 0xd1, 0x00, 0x00, 0x0a, 0xf2, 0x00, 0x00, 0x06, 0xf4, 0x00, 0x00, 0x03, 0xf8, 0x00,
    0x00, 0x01, 0xed, 0x44, 0x44, 0x43, 0x6f, 0xff, 0xff, 0xff, 0xd0, 0x00, 0x02, 0xea, 0x00, 0x01,
    0xd8, 0x00, 0x00, 0x00, 0x00, 0x06, 0xff, 0xff, 0xfb, 0x14, 0x44, 0x8f, 0x50, 0x00, 0x2f, 0x80,
    0x00, 0x0c, 0xc0, 0x00, 0x09, 0xe1, 0x00, 0x05, 0xf4, 0x00, 0x02, 0xfb, 0x44, 0x43, 0x7f, 0xff,
    0xff, 0xd0, 0x00, 0x00, 0xf6, 0x00, 0x00, 0x00, 0x02, 0x00, 0x00, 0x00, 0x00, 0x00, 0x00, 0x05,
    0xff, 0xff, 0xff, 0xfa, 0x14, 0x44, 0x44, 0xaf, 0x40, 0x00, 0x00, 0x4f, 0x70, 0x00, 0x00, 0x2f,
    0xa0, 0x00, 0x00, 0x0c, 0xd1, 0x00, 0x00, 0x0a, 0xf2, 0x00, 0x00, 0x06, 0xf4, 0x00, 0x00, 0x03,
    0xf8, 0x00, 0x00, 0x01, 0xed, 0x44, 0x44, 0x43, 0x6f, 0xff, 0xff, 0xff, 0xd0, 0x00, 0x1f, 0x50,
    0x00, 0x00, 0x20, 0x00, 0x00, 0x00, 0x00, 0x06, 0xff, 0xff, 0xfb, 0x14, 0x44, 0x8f, 0x50, 0x00,
    0x2f, 0x80, 0x00, 0x0c, 0xc0, 0x00, 0x09, 0xe1, 0x00, 0x05, 0xf4, 0x00, 0x02, 0xfb, 0x44, 0x43,
    0x7f, 0xff, 0xff, 0xd0,
};
static const lv_font_fmt_txt_glyph_dsc_t pl14_glyph_dsc[] = {
    {.bitmap_index = 0, .adv_w = 0, .box_w = 0, .box_h = 0, .ofs_x = 0, .ofs_y = 0},  /* id 0 */
    {.bitmap_index = 0, .adv_w = 192, .box_w = 12, .box_h = 13, .ofs_x = 0, .ofs_y = 0},  /* U+00D3 */
    {.bitmap_index = 78, .adv_w = 144, .box_w = 9, .box_h = 11, .ofs_x = 0, .ofs_y = 0},  /* U+00F3 */
    {.bitmap_index = 128, .adv_w = 160, .box_w = 11, .box_h = 14, .ofs_x = 0, .ofs_y = -4},  /* U+0104 */
    {.bitmap_index = 205, .adv_w = 128, .box_w = 8, .box_h = 12, .ofs_x = 0, .ofs_y = -4},  /* U+0105 */
    {.bitmap_index = 253, .adv_w = 160, .box_w = 10, .box_h = 13, .ofs_x = 0, .ofs_y = 0},  /* U+0106 */
    {.bitmap_index = 318, .adv_w = 128, .box_w = 8, .box_h = 11, .ofs_x = 0, .ofs_y = 0},  /* U+0107 */
    {.bitmap_index = 362, .adv_w = 144, .box_w = 8, .box_h = 14, .ofs_x = 1, .ofs_y = -4},  /* U+0118 */
    {.bitmap_index = 418, .adv_w = 144, .box_w = 8, .box_h = 11, .ofs_x = 0, .ofs_y = -3},  /* U+0119 */
    {.bitmap_index = 462, .adv_w = 128, .box_w = 9, .box_h = 10, .ofs_x = 0, .ofs_y = 0},  /* U+0141 */
    {.bitmap_index = 507, .adv_w = 64, .box_w = 5, .box_h = 11, .ofs_x = 0, .ofs_y = 0},  /* U+0142 */
    {.bitmap_index = 535, .adv_w = 176, .box_w = 9, .box_h = 13, .ofs_x = 1, .ofs_y = 0},  /* U+0143 */
    {.bitmap_index = 594, .adv_w = 160, .box_w = 8, .box_h = 11, .ofs_x = 1, .ofs_y = 0},  /* U+0144 */
    {.bitmap_index = 638, .adv_w = 144, .box_w = 9, .box_h = 13, .ofs_x = 0, .ofs_y = 0},  /* U+015A */
    {.bitmap_index = 697, .adv_w = 112, .box_w = 7, .box_h = 11, .ofs_x = 0, .ofs_y = 0},  /* U+015B */
    {.bitmap_index = 736, .adv_w = 144, .box_w = 9, .box_h = 13, .ofs_x = 0, .ofs_y = 0},  /* U+0179 */
    {.bitmap_index = 795, .adv_w = 112, .box_w = 7, .box_h = 11, .ofs_x = 0, .ofs_y = 0},  /* U+017A */
    {.bitmap_index = 834, .adv_w = 144, .box_w = 9, .box_h = 13, .ofs_x = 0, .ofs_y = 0},  /* U+017B */
    {.bitmap_index = 893, .adv_w = 112, .box_w = 7, .box_h = 11, .ofs_x = 0, .ofs_y = 0},  /* U+017C */
};
static const uint16_t pl14_unicode_list[] = { 0x0, 0x20, 0x31, 0x32, 0x33, 0x34, 0x45, 0x46, 0x6e, 0x6f, 0x70, 0x71, 0x87, 0x88, 0xa6, 0xa7, 0xa8, 0xa9 };
static const lv_font_fmt_txt_cmap_t pl14_cmaps[] = {
    { .range_start = 0xd3, .range_length = 170, .glyph_id_start = 1, .unicode_list = pl14_unicode_list,
      .glyph_id_ofs_list = NULL, .list_length = 18, .type = LV_FONT_FMT_TXT_CMAP_SPARSE_TINY },
};
static const lv_font_fmt_txt_dsc_t pl14_dsc = {
    .glyph_bitmap = pl14_bitmap, .glyph_dsc = pl14_glyph_dsc, .cmaps = pl14_cmaps, .kern_dsc = NULL,
    .kern_scale = 0, .cmap_num = 1, .bpp = 4, .kern_classes = 0, .bitmap_format = 0,
};
const lv_font_t console_font_pl_14 = {
    .get_glyph_dsc = lv_font_get_glyph_dsc_fmt_txt, .get_glyph_bitmap = lv_font_get_bitmap_fmt_txt,
    .line_height = 16, .base_line = 3, .subpx = LV_FONT_SUBPX_NONE, .underline_position = -1,
    .underline_thickness = 1, .dsc = &pl14_dsc, .fallback = &lv_font_montserrat_14,
};

/* ---------------------------------------------------------------- 16 px */
static LV_ATTRIBUTE_LARGE_CONST const uint8_t pl16_bitmap[] = {
    0x00, 0x00, 0x00, 0x1c, 0xd3, 0x00, 0x00, 0x00, 0x00, 0x2d, 0xa1, 0x00, 0x00, 0x00, 0x00, 0x00,
    0x00, 0x00, 0x00, 0x00, 0x00, 0x29, 0xef, 0xec, 0x50, 0x00, 0x00, 0x5f, 0xfa, 0x78, 0xdf, 0xb0,
    0x00, 0x3f, 0xd2, 0x00, 0x00, 0x7f, 0x90, 0x0b, 0xf2, 0x00, 0x00, 0x00, 0xaf, 0x21, 0xfa, 0x00,
    0x00, 0x00, 0x03, 0xf8, 0x3f, 0x70, 0x00, 0x00, 0x00, 0x0f, 0xa3, 0xf7, 0x00, 0x00, 0x00, 0x00,
    0xfa, 0x1f, 0xa0, 0x00, 0x00, 0x00, 0x3f, 0x80, 0xbf, 0x20, 0x00, 0x00, 0x0a, 0xf2, 0x03, 0xfd,
    0x20, 0x00, 0x07, 0xf9, 0x00, 0x05, 0xff, 0xa7, 0x8d, 0xfb, 0x00, 0x00, 0x02, 0x9e, 0xff, 0xc5,
    0x00, 0x00, 0x00, 0x00, 0x08, 0xf6, 0x00, 0x00, 0x00, 0x9d, 0x30, 0x00, 0x00, 0x00, 0x00, 0x00,
    0x00, 0x00, 0x3b, 0xff, 0xc5, 0x00, 0x04, 0xfe, 0x87, 0xdf, 0x70, 0x0e, 0xd1, 0x00, 0x0b, 0xf1,
    0x3f, 0x60, 0x00, 0x04, 0xf6, 0x5f, 0x40, 0x00, 0x01, 0xf7, 0x3f, 0x60, 0x00, 0x04, 0xf6, 0x0e,
    0xd1, 0x00, 0x0b, 0xf1, 0x04, 0xfe, 0x87, 0xdf, 0x60, 0x00, 0x3b, 0xff, 0xc5, 0x00, 0x00, 0x00,
    0x2f, 0xe0, 0x00, 0x00, 0x00, 0x00, 0x9f, 0xf4, 0x00, 0x00, 0x00, 0x01, 0xfa, 0xeb, 0x00, 0x00,
    0x00, 0x07, 0xf3, 0x8f, 0x20, 0x00, 0x00, 0x0d, 0xd0, 0x2f, 0x90, 0x00, 0x00, 0x4f, 0x60, 0x0c,
    0xf1, 0x00, 0x00, 0xbf, 0x10, 0x05, 0xf6, 0x00, 0x02, 0xfa, 0x11, 0x12, 0xfd, 0x00, 0x09, 0xff,
    0xff, 0xff, 0xff, 0x40, 0x1f, 0xc4, 0x44, 0x44, 0x5f, 0xb0, 0x6f, 0x50, 0x00, 0x00, 0x0a, 0xf2,
    0xde, 0x00, 0x00, 0x00, 0x03, 0xfb, 0x00, 0x00, 0x00, 0x00, 0x06, 0xd3, 0x00, 0x00, 0x00, 0x00,
    0x1f, 0x10, 0x00, 0x00, 0x00, 0x00, 0x4f, 0x43, 0x00, 0x00, 0x00, 0x00, 0x1e, 0xff, 0x00, 0x00,
    0x00, 0x00, 0x01, 0x42, 0x03, 0xae, 0xfe, 0x81, 0x00, 0xce, 0x87, 0xbf, 0xa0, 0x02, 0x10, 0x00,
    0xaf, 0x00, 0x00, 0x12, 0x27, 0xf2, 0x04, 0xdf, 0xff, 0xff, 0x31, 0xfd, 0x65, 0x59, 0xf3, 0x2f,
    0x60, 0x00, 0x8f, 0x30, 0xee, 0x87, 0xbf, 0xf3, 0x03, 0xcf, 0xfb, 0x6f, 0x30, 0x00, 0x00, 0x1d,
    0x70, 0x00, 0x00, 0x0a, 0x70, 0x00, 0x00, 0x00, 0xd9, 0x31, 0x00, 0x00, 0x08, 0xff, 0x60, 0x00,
    0x00, 0x03, 0x30, 0x00, 0x00, 0x00, 0x2e, 0xc1, 0x00, 0x00, 0x00, 0x3e, 0x80, 0x00, 0x00, 0x00,
    0x00, 0x00, 0x00, 0x00, 0x00, 0x29, 0xef, 0xfb, 0x40, 0x00, 0x5f, 0xfa, 0x78, 0xdf, 0x90, 0x3f,
    0xd2, 0x00, 0x00, 0x86, 0x0b, 0xf2, 0x00, 0x00, 0x00, 0x01, 0xfa, 0x00, 0x00, 0x00, 0x00, 0x3f,
    0x70, 0x00, 0x00, 0x00, 0x03, 0xf7, 0x00, 0x00, 0x00, 0x00, 0x1f, 0xa0, 0x00, 0x00, 0x00, 0x00,
    0xbf, 0x20, 0x00, 0x00, 0x00, 0x03, 0xfd, 0x20, 0x00, 0x07, 0x40, 0x05, 0xff, 0xa7, 0x8d, 0xfa,
    0x00, 0x02, 0x9e, 0xff, 0xc5, 0x00, 0x00, 0x00, 0x1b, 0xe3, 0x00, 0x00, 0x1c, 0xb1, 0x00, 0x00,
    0x00, 0x00, 0x00, 0x00, 0x03, 0xbf, 0xfc, 0x40, 0x04, 0xfe, 0x87, 0xdf, 0x50, 0xed, 0x10, 0x00,
    0x71, 0x3f, 0x60, 0x00, 0x00, 0x05, 0xf4, 0x00, 0x00, 0x00, 0x3f, 0x60, 0x00, 0x00, 0x00, 0xed,
    0x10, 0x00, 0x71, 0x04, 0xfe, 0x87, 0xcf, 0x50, 0x03, 0xbf, 0xfc, 0x50, 0x5f, 0xff, 0xff, 0xff,
    0x90, 0x5f, 0x97, 0x77, 0x77, 0x40, 0x5f, 0x50, 0x00, 0x00, 0x00, 0x5f, 0x50, 0x00, 0x00, 0x00,
    0x5f, 0x62, 0x22, 0x22, 0x00, 0x5f, 0xff, 0xff, 0xfe, 0x00, 0x5f, 0x85, 0x55, 0x54, 0x00, 0x5f,
    0x50, 0x00, 0x00, 0x00, 0x5f, 0x50, 0x00, 0x00, 0x00, 0x5f, 0x50, 0x00, 0x00, 0x00, 0x5f, 0x97,
    0x77, 0x77, 0x50, 0x5f, 0xff, 0xff, 0xff, 0xf0, 0x00, 0x00, 0x00, 0x5d, 0x40, 0x00, 0x00, 0x01,
    0xf2, 0x00, 0x00, 0x00, 0x03, 0xf4, 0x30, 0x00, 0x00, 0x00, 0xdf, 0xf1, 0x00, 0x00, 0x00, 0x14,
    0x20, 0x00, 0x4c, 0xff, 0xb4, 0x00, 0x05, 0xfb, 0x77, 0xcf, 0x50, 0x0e, 0x82, 0x22, 0x2a, 0xd0,
    0x3f, 0xff, 0xff, 0xff, 0xf1, 0x5f, 0x85, 0x55, 0x55, 0x50, 0x3f, 0x80, 0x00, 0x00, 0x00, 0x0e,
    0xf2, 0x00, 0x06, 0x10, 0x04, 0xff, 0x97, 0xbf, 0x50, 0x00, 0x3b, 0xff, 0xf5, 0x00, 0x00, 0x00,
    0x09, 0x50, 0x00, 0x00, 0x00, 0x0e, 0xa7, 0x20, 0x00, 0x00, 0x07, 0xfe, 0x30, 0x03, 0xf7, 0x00,
    0x00, 0x00, 0x03, 0xf7, 0x00, 0x00, 0x00, 0x03, 0xf7, 0x00, 0x00, 0x00, 0x03, 0xf7, 0x57, 0x00,
    0x00, 0x03, 0xff, 0xf6, 0x00, 0x00, 0x05, 0xff, 0x30, 0x00, 0x00, 0x5f, 0xf7, 0x00, 0x00, 0x00,
    0x79, 0xf7, 0x00, 0x00, 0x00, 0x03, 0xf7, 0x00, 0x00, 0x00, 0x03, 0xf7, 0x00, 0x00, 0x00, 0x03,
    0xfb, 0x77, 0x77, 0x73, 0x03, 0xff, 0xff, 0xff, 0xf8, 0x07, 0xf2, 0x00, 0x7f, 0x20, 0x07, 0xf2,
    0x00, 0x7f, 0x21, 0x07, 0xfe, 0x90, 0xbf, 0xc1, 0x8f, 0xf2, 0x0a, 0xaf, 0x20, 0x07, 0xf2, 0x00,
    0x7f, 0x20, 0x07, 0xf2, 0x00, 0x7f, 0x20, 0x00, 0x00, 0x03, 0xeb, 0x10, 0x00, 0x00, 0x04, 0xf7,
    0x00, 0x00, 0x00, 0x00, 0x00, 0x00, 0x00, 0x05, 0xf6, 0x00, 0x00, 0x05, 0xf5, 0x5f, 0xf2, 0x00,
    0x00, 0x5f, 0x55, 0xff, 0xd1, 0x00, 0x05, 0xf5, 0x5f, 0xbf, 0xa0, 0x00, 0x5f, 0x55, 0xf5, 0xaf,
    0x60, 0x05, 0xf5, 0x5f, 0x51, 0xef, 0x30, 0x5f, 0x55, 0xf5, 0x03, 0xfd, 0x15, 0xf5, 0x5f, 0x50,
    0x06, 0xfa, 0x5f, 0x55, 0xf5, 0x00, 0x0a, 0xfa, 0xf5, 0x5f, 0x50, 0x00, 0x1d, 0xff, 0x55, 0xf5,
    0x00, 0x00, 0x3f, 0xf5, 0x5f, 0x50, 0x00, 0x00, 0x6f, 0x50, 0x00, 0x00, 0x3e, 0xb1, 0x00, 0x00,
    0x4f, 0x70, 0x00, 0x00, 0x00, 0x00, 0x00, 0x09, 0xf3, 0xcf, 0xfb, 0x20, 0x9f, 0xfb, 0x79, 0xfd,
    0x09, 0xf8, 0x00, 0x06, 0xf5, 0x9f, 0x20, 0x00, 0x2f, 0x79, 0xf0, 0x00, 0x01, 0xf8, 0x9f, 0x00,
    0x00, 0x1f, 0x89, 0xf0, 0x00, 0x01, 0xf8, 0x9f, 0x00, 0x00, 0x1f, 0x89, 0xf0, 0x00, 0x01, 0xf8,
    0x00, 0x00, 0x07, 0xf7, 0x00, 0x00, 0x00, 0x8e, 0x30, 0x00, 0x00, 0x00, 0x00, 0x00, 0x00, 0x00,
    0x5c, 0xff, 0xea, 0x30, 0x07, 0xfd, 0x87, 0xaf, 0xa0, 0x0f, 0xc0, 0x00, 0x01, 0x20, 0x1f, 0x90,
    0x00, 0x00, 0x00, 0x0e, 0xf6, 0x00, 0x00, 0x00, 0x04, 0xff, 0xfb, 0x61, 0x00, 0x00, 0x16, 0xbf,
    0xff, 0x50, 0x00, 0x00, 0x00, 0x5e, 0xf1, 0x00, 0x00, 0x00, 0x06, 0xf4, 0x08, 0x10, 0x00, 0x08,
    0xf2, 0x3f, 0xfa, 0x77, 0xbf, 0xa0, 0x02, 0x9d, 0xff, 0xd7, 0x00, 0x00, 0x00, 0xaf, 0x50, 0x00,
    0x0b, 0xc2, 0x00, 0x00, 0x00, 0x00, 0x00, 0x03, 0xbf, 0xfd, 0x91, 0x1f, 0xe8, 0x7a, 0xe1, 0x5f,
    0x40, 0x00, 0x00, 0x3f, 0xc4, 0x10, 0x00, 0x06, 0xef, 0xfd, 0x70, 0x00, 0x02, 0x5b, 0xf5, 0x01,
    0x00, 0x01, 0xf8, 0x6f, 0xa8, 0x7c, 0xf3, 0x29, 0xef, 0xfc, 0x40, 0x00, 0x00, 0x04, 0xfa, 0x10,
    0x00, 0x00, 0x05, 0xf5, 0x00, 0x00, 0x00, 0x00, 0x00, 0x00, 0x00, 0x03, 0xff, 0xff, 0xff, 0xff,
    0xe0, 0x17, 0x77, 0x77, 0x7b, 0xf9, 0x00, 0x00, 0x00, 0x02, 0xfd, 0x00, 0x00, 0x00, 0x00, 0xdf,
    0x20, 0x00, 0x00, 0x00, 0x9f, 0x50, 0x00, 0x00, 0x00, 0x5f, 0xa0, 0x00, 0x00, 0x00, 0x2f, 0xd1,
    0x00, 0x00, 0x00, 0x0c, 0xf3, 0x00, 0x00, 0x00, 0x09, 0xf6, 0x00, 0x00, 0x00, 0x04, 0xfa, 0x00,
    0x00, 0x00, 0x02, 0xff, 0x77, 0x77, 0x77, 0x70, 0x5f, 0xff, 0xff, 0xff, 0xff, 0x10, 0x00, 0x00,
    0x6f, 0x70, 0x00, 0x08, 0xe3, 0x00, 0x00, 0x00, 0x00, 0x00, 0x4f, 0xff, 0xff, 0xfa, 0x27, 0x77,
    0x7c, 0xf5, 0x00, 0x00, 0x4f, 0x90, 0x00, 0x01, 0xec, 0x00, 0x00, 0x0c, 0xe2, 0x00, 0x00, 0x8f,
    0x40, 0x00, 0x04, 0xf7, 0x00, 0x00, 0x2f, 0xe7, 0x77, 0x75, 0x6f, 0xff, 0xff, 0xfc, 0x00, 0x00,
    0x01, 0x00, 0x00, 0x00, 0x00, 0x07, 0xf3, 0x00, 0x00, 0x00, 0x00, 0x13, 0x00, 0x00, 0x00, 0x00,
    0x00, 0x00, 0x00, 0x00, 0x3f, 0xff, 0xff, 0xff, 0xfe, 0x01, 0x77, 0x77, 0x77, 0xbf, 0x90, 0x00,
    0x00, 0x00, 0x2f, 0xd0, 0x00, 0x00, 0x00, 0x0d, 0xf2, 0x00, 0x00, 0x00, 0x09, 0xf5, 0x00, 0x00,
    0x00, 0x05, 0xfa, 0x00, 0x00, 0x00, 0x02, 0xfd, 0x10, 0x00, 0x00, 0x00, 0xcf, 0x30, 0x00, 0x00,
    0x00, 0x9f, 0x60, 0x00, 0x00, 0x00, 0x4f, 0xa0, 0x00, 0x00, 0x00, 0x2f, 0xf7, 0x77, 0x77, 0x77,
    0x05, 0xff, 0xff, 0xff, 0xff, 0xf1, 0x00, 0x00, 0x10, 0x00, 0x00, 0x0a, 0xf1, 0x00, 0x00, 0x01,
    0x30, 0x00, 0x00, 0x00, 0x00, 0x00, 0x4f, 0xff, 0xff, 0xfa, 0x27, 0x77, 0x7c, 0xf5, 0x00, 0x00,
    0x4f, 0x90, 0x00, 0x01, 0xec, 0x00, 0x00, 0x0c, 0xe2, 0x00, 0x00, 0x8f, 0x40, 0x00, 0x04, 0xf7,
    0x00, 0x00, 0x2f, 0xe7, 0x77, 0x75, 0x6f, 0xff, 0xff, 0xfc,
};
static const lv_font_fmt_txt_glyph_dsc_t pl16_glyph_dsc[] = {
    {.bitmap_index = 0, .adv_w = 0, .box_w = 0, .box_h = 0, .ofs_x = 0, .ofs_y = 0},  /* id 0 */
    {.bitmap_index = 0, .adv_w = 208, .box_w = 13, .box_h = 15, .ofs_x = 0, .ofs_y = 0},  /* U+00D3 */
    {.bitmap_index = 98, .adv_w = 160, .box_w = 10, .box_h = 12, .ofs_x = 0, .ofs_y = 0},  /* U+00F3 */
    {.bitmap_index = 158, .adv_w = 192, .box_w = 12, .box_h = 17, .ofs_x = 0, .ofs_y = -5},  /* U+0104 */
    {.bitmap_index = 260, .adv_w = 160, .box_w = 9, .box_h = 14, .ofs_x = 0, .ofs_y = -5},  /* U+0105 */
    {.bitmap_index = 323, .adv_w = 192, .box_w = 11, .box_h = 15, .ofs_x = 0, .ofs_y = 0},  /* U+0106 */
    {.bitmap_index = 406, .adv_w = 144, .box_w = 9, .box_h = 12, .ofs_x = 0, .ofs_y = 0},  /* U+0107 */
    {.bitmap_index = 460, .adv_w = 176, .box_w = 10, .box_h = 17, .ofs_x = 1, .ofs_y = -5},  /* U+0118 */
    {.bitmap_index = 545, .adv_w = 160, .box_w = 10, .box_h = 12, .ofs_x = 0, .ofs_y = -3},  /* U+0119 */
    {.bitmap_index = 605, .adv_w = 160, .box_w = 10, .box_h = 12, .ofs_x = 0, .ofs_y = 0},  /* U+0141 */
    {.bitmap_index = 665, .adv_w = 80, .box_w = 5, .box_h = 12, .ofs_x = 0, .ofs_y = 0},  /* U+0142 */
    {.bitmap_index = 695, .adv_w = 208, .box_w = 11, .box_h = 15, .ofs_x = 1, .ofs_y = 0},  /* U+0143 */
    {.bitmap_index = 778, .adv_w = 176, .box_w = 9, .box_h = 12, .ofs_x = 1, .ofs_y = 0},  /* U+0144 */
    {.bitmap_index = 832, .adv_w = 160, .box_w = 10, .box_h = 15, .ofs_x = 0, .ofs_y = 0},  /* U+015A */
    {.bitmap_index = 907, .adv_w = 128, .box_w = 8, .box_h = 12, .ofs_x = 0, .ofs_y = 0},  /* U+015B */
    {.bitmap_index = 955, .adv_w = 176, .box_w = 11, .box_h = 15, .ofs_x = 0, .ofs_y = 0},  /* U+0179 */
    {.bitmap_index = 1038, .adv_w = 128, .box_w = 8, .box_h = 12, .ofs_x = 0, .ofs_y = 0},  /* U+017A */
    {.bitmap_index = 1086, .adv_w = 176, .box_w = 11, .box_h = 16, .ofs_x = 0, .ofs_y = 0},  /* U+017B */
    {.bitmap_index = 1174, .adv_w = 128, .box_w = 8, .box_h = 13, .ofs_x = 0, .ofs_y = 0},  /* U+017C */
};
static const uint16_t pl16_unicode_list[] = { 0x0, 0x20, 0x31, 0x32, 0x33, 0x34, 0x45, 0x46, 0x6e, 0x6f, 0x70, 0x71, 0x87, 0x88, 0xa6, 0xa7, 0xa8, 0xa9 };
static const lv_font_fmt_txt_cmap_t pl16_cmaps[] = {
    { .range_start = 0xd3, .range_length = 170, .glyph_id_start = 1, .unicode_list = pl16_unicode_list,
      .glyph_id_ofs_list = NULL, .list_length = 18, .type = LV_FONT_FMT_TXT_CMAP_SPARSE_TINY },
};
static const lv_font_fmt_txt_dsc_t pl16_dsc = {
    .glyph_bitmap = pl16_bitmap, .glyph_dsc = pl16_glyph_dsc, .cmaps = pl16_cmaps, .kern_dsc = NULL,
    .kern_scale = 0, .cmap_num = 1, .bpp = 4, .kern_classes = 0, .bitmap_format = 0,
};
const lv_font_t console_font_pl_16 = {
    .get_glyph_dsc = lv_font_get_glyph_dsc_fmt_txt, .get_glyph_bitmap = lv_font_get_bitmap_fmt_txt,
    .line_height = 18, .base_line = 3, .subpx = LV_FONT_SUBPX_NONE, .underline_position = -1,
    .underline_thickness = 1, .dsc = &pl16_dsc, .fallback = &lv_font_montserrat_16,
};

/* ---------------------------------------------------------------- 20 px */
static LV_ATTRIBUTE_LARGE_CONST const uint8_t pl20_bitmap[] = {
    0x00, 0x00, 0x00, 0x00, 0x58, 0x60, 0x00, 0x00, 0x00, 0x00, 0x00, 0x7f, 0xb1, 0x00, 0x00, 0x00,
    0x00, 0x00, 0x8f, 0x70, 0x00, 0x00, 0x00, 0x00, 0x00, 0x00, 0x00, 0x00, 0x00, 0x00, 0x00, 0x00,
    0x00, 0x00, 0x00, 0x00, 0x00, 0x00, 0x00, 0x17, 0xce, 0xfe, 0xb6, 0x10, 0x00, 0x00, 0x5f, 0xff,
    0xdc, 0xef, 0xfe, 0x30, 0x00, 0x5f, 0xf8, 0x10, 0x00, 0x2a, 0xff, 0x30, 0x2f, 0xf5, 0x00, 0x00,
    0x00, 0x08, 0xfe, 0x09, 0xfa, 0x00, 0x00, 0x00, 0x00, 0x0d, 0xf5, 0xef, 0x30, 0x00, 0x00, 0x00,
    0x00, 0x6f, 0xaf, 0xf0, 0x00, 0x00, 0x00, 0x00, 0x04, 0xfc, 0xff, 0x00, 0x00, 0x00, 0x00, 0x00,
    0x4f, 0xce, 0xf3, 0x00, 0x00, 0x00, 0x00, 0x06, 0xfa, 0x9f, 0x90, 0x00, 0x00, 0x00, 0x00, 0xdf,
    0x52, 0xff, 0x50, 0x00, 0x00, 0x00, 0x8f, 0xe0, 0x05, 0xff, 0x81, 0x00, 0x02, 0xaf, 0xf3, 0x00,
    0x05, 0xff, 0xfd, 0xce, 0xff, 0xe3, 0x00, 0x00, 0x01, 0x7c, 0xef, 0xec, 0x61, 0x00, 0x00, 0x00,
    0x00, 0x00, 0x06, 0x85, 0x00, 0x00, 0x00, 0x00, 0x8f, 0xa1, 0x00, 0x00, 0x00, 0x0a, 0xf6, 0x00,
    0x00, 0x00, 0x00, 0x00, 0x00, 0x00, 0x00, 0x00, 0x04, 0xbe, 0xfe, 0x92, 0x00, 0x00, 0x8f, 0xfe,
    0xcf, 0xff, 0x40, 0x05, 0xff, 0x40, 0x00, 0x7f, 0xf1, 0x0d, 0xf5, 0x00, 0x00, 0x0a, 0xf8, 0x1f,
    0xf0, 0x00, 0x00, 0x03, 0xfc, 0x2f, 0xd0, 0x00, 0x00, 0x02, 0xfd, 0x1f, 0xf0, 0x00, 0x00, 0x04,
    0xfc, 0x0d, 0xf5, 0x00, 0x00, 0x0a, 0xf8, 0x05, 0xff, 0x40, 0x00, 0x7f, 0xf1, 0x00, 0x8f, 0xfe,
    0xcf, 0xff, 0x40, 0x00, 0x04, 0xbe, 0xfe, 0x92, 0x00, 0x00, 0x00, 0x00, 0xef, 0x80, 0x00, 0x00,
    0x00, 0x00, 0x00, 0x6f, 0xff, 0x10, 0x00, 0x00, 0x00, 0x00, 0x0d, 0xfa, 0xf7, 0x00, 0x00, 0x00,
    0x00, 0x04, 0xfb, 0x2f, 0xe0, 0x00, 0x00, 0x00, 0x00, 0xcf, 0x40, 0xaf, 0x50, 0x00, 0x00, 0x00,
    0x3f, 0xd0, 0x03, 0xfd, 0x00, 0x00, 0x00, 0x0a, 0xf6, 0x00, 0x0c, 0xf4, 0x00, 0x00, 0x02, 0xff,
    0x00, 0x00, 0x5f, 0xb0, 0x00, 0x00, 0x9f, 0x80, 0x00, 0x00, 0xef, 0x30, 0x00, 0x1f, 0xff, 0xff,
    0xff, 0xff, 0xfa, 0x00, 0x07, 0xfd, 0xaa, 0xaa, 0xaa, 0xaf, 0xf2, 0x00, 0xef, 0x30, 0x00, 0x00,
    0x00, 0x9f, 0x80, 0x5f, 0xc0, 0x00, 0x00, 0x00, 0x02, 0xff, 0x1d, 0xf4, 0x00, 0x00, 0x00, 0x00,
    0x0f, 0xfb, 0x00, 0x00, 0x00, 0x00, 0x00, 0x08, 0xf4, 0x00, 0x00, 0x00, 0x00, 0x00, 0x00, 0xf6,
    0x00, 0x00, 0x00, 0x00, 0x00, 0x00, 0x0f, 0x81, 0x20, 0x00, 0x00, 0x00, 0x00, 0x00, 0x5e, 0xfc,
    0x05, 0xbe, 0xff, 0xc4, 0x00, 0x8f, 0xfd, 0xce, 0xff, 0x60, 0x28, 0x10, 0x00, 0x5f, 0xe0, 0x00,
    0x00, 0x00, 0x0d, 0xf2, 0x02, 0x8b, 0xbc, 0xcf, 0xf3, 0x4f, 0xff, 0xff, 0xff, 0xf4, 0xdf, 0x81,
    0x00, 0x0b, 0xf4, 0xff, 0x00, 0x00, 0x0d, 0xf4, 0xef, 0x50, 0x00, 0x8f, 0xf4, 0x7f, 0xfd, 0xcf,
    0xfd, 0xf4, 0x05, 0xcf, 0xfc, 0x5f, 0xf4, 0x00, 0x00, 0x01, 0xeb, 0x10, 0x00, 0x00, 0x07, 0xf0,
    0x00, 0x00, 0x00, 0x07, 0xf2, 0x12, 0x00, 0x00, 0x01, 0xbf, 0xf6, 0x00, 0x00, 0x00, 0x00, 0x78,
    0x40, 0x00, 0x00, 0x00, 0x00, 0xaf, 0x80, 0x00, 0x00, 0x00, 0x01, 0xbf, 0x40, 0x00, 0x00, 0x00,
    0x00, 0x00, 0x00, 0x00, 0x00, 0x00, 0x00, 0x00, 0x00, 0x00, 0x00, 0x00, 0x00, 0x17, 0xce, 0xfe,
    0xb6, 0x00, 0x00, 0x5f, 0xff, 0xdc, 0xdf, 0xfd, 0x20, 0x6f, 0xf9, 0x10, 0x00, 0x2a, 0xf5, 0x2f,
    0xf5, 0x00, 0x00, 0x00, 0x02, 0x09, 0xfa, 0x00, 0x00, 0x00, 0x00, 0x00, 0xef, 0x30, 0x00, 0x00,
    0x00, 0x00, 0x0f, 0xf0, 0x00, 0x00, 0x00, 0x00, 0x00, 0xff, 0x00, 0x00, 0x00, 0x00, 0x00, 0x0e,
    0xf3, 0x00, 0x00, 0x00, 0x00, 0x00, 0x9f, 0x90, 0x00, 0x00, 0x00, 0x00, 0x02, 0xff, 0x50, 0x00,
    0x00, 0x00, 0x20, 0x06, 0xff, 0x81, 0x00, 0x02, 0xaf, 0x50, 0x05, 0xff, 0xfd, 0xcd, 0xff, 0xd2,
    0x00, 0x01, 0x7c, 0xef, 0xeb, 0x60, 0x00, 0x00, 0x00, 0x00, 0x17, 0x83, 0x00, 0x00, 0x00, 0x1c,
    0xf7, 0x00, 0x00, 0x00, 0x1d, 0xe3, 0x00, 0x00, 0x00, 0x00, 0x00, 0x00, 0x00, 0x00, 0x04, 0xbe,
    0xfe, 0x92, 0x00, 0x08, 0xff, 0xec, 0xef, 0xf3, 0x05, 0xff, 0x40, 0x00, 0x7f, 0x60, 0xcf, 0x50,
    0x00, 0x00, 0x10, 0x1f, 0xf0, 0x00, 0x00, 0x00, 0x02, 0xfd, 0x00, 0x00, 0x00, 0x00, 0x1f, 0xf0,
    0x00, 0x00, 0x00, 0x00, 0xcf, 0x50, 0x00, 0x00, 0x10, 0x05, 0xff, 0x40, 0x00, 0x7f, 0x60, 0x07,
    0xff, 0xec, 0xef, 0xf3, 0x00, 0x04, 0xbe, 0xfe, 0xa2, 0x00, 0xff, 0xff, 0xff, 0xff, 0xff, 0x0f,
    0xfc, 0xcc, 0xcc, 0xcc, 0xb0, 0xff, 0x20, 0x00, 0x00, 0x00, 0x0f, 0xf2, 0x00, 0x00, 0x00, 0x00,
    0xff, 0x20, 0x00, 0x00, 0x00, 0x0f, 0xf2, 0x00, 0x00, 0x00, 0x00, 0xff, 0xff, 0xff, 0xff, 0xf2,
    0x0f, 0xfc, 0xcc, 0xcc, 0xcc, 0x10, 0xff, 0x20, 0x00, 0x00, 0x00, 0x0f, 0xf2, 0x00, 0x00, 0x00,
    0x00, 0xff, 0x20, 0x00, 0x00, 0x00, 0x0f, 0xf2, 0x00, 0x00, 0x00, 0x00, 0xff, 0xcc, 0xcc, 0xcc,
    0xcc, 0x3f, 0xff, 0xff, 0xff, 0xff, 0xf5, 0x00, 0x00, 0x00, 0x1e, 0xb1, 0x00, 0x00, 0x00, 0x06,
    0xf1, 0x00, 0x00, 0x00, 0x00, 0x6f, 0x31, 0x20, 0x00, 0x00, 0x00, 0xaf, 0xf7, 0x00, 0x05, 0xcf,
    0xfd, 0x70, 0x00, 0x00, 0x9f, 0xfd, 0xcf, 0xfd, 0x10, 0x05, 0xfc, 0x20, 0x01, 0x9f, 0xa0, 0x0d,
    0xf1, 0x00, 0x00, 0x0c, 0xf1, 0x1f, 0xfc, 0xcc, 0xcc, 0xce, 0xf5, 0x2f, 0xff, 0xff, 0xff, 0xff,
    0xf6, 0x1f, 0xe0, 0x00, 0x00, 0x00, 0x00, 0x0d, 0xf5, 0x00, 0x00, 0x00, 0x00, 0x05, 0xff, 0x50,
    0x00, 0x3d, 0x30, 0x00, 0x8f, 0xfe, 0xcd, 0xff, 0x60, 0x00, 0x04, 0xae, 0xff, 0xf5, 0x00, 0x00,
    0x00, 0x00, 0x2f, 0x50, 0x00, 0x00, 0x00, 0x00, 0x9d, 0x00, 0x00, 0x00, 0x00, 0x00, 0x9e, 0x12,
    0x10, 0x00, 0x00, 0x00, 0x2c, 0xfe, 0x40, 0x00, 0xcf, 0x40, 0x00, 0x00, 0x00, 0x00, 0xcf, 0x40,
    0x00, 0x00, 0x00, 0x00, 0xcf, 0x40, 0x00, 0x00, 0x00, 0x00, 0xcf, 0x45, 0xd1, 0x00, 0x00, 0x00,
    0xcf, 0xdf, 0xb1, 0x00, 0x00, 0x00, 0xef, 0xf8, 0x00, 0x00, 0x00, 0x04, 0xff, 0x80, 0x00, 0x00,
    0x00, 0x7f, 0xff, 0x40, 0x00, 0x00, 0x00, 0x48, 0xcf, 0x40, 0x00, 0x00, 0x00, 0x00, 0xcf, 0x40,
    0x00, 0x00, 0x00, 0x00, 0xcf, 0x40, 0x00, 0x00, 0x00, 0x00, 0xcf, 0x40, 0x00, 0x00, 0x00, 0x00,
    0xcf, 0xdd, 0xdd, 0xdd, 0xdb, 0x00, 0xcf, 0xff, 0xff, 0xff, 0xfe, 0x01, 0xfe, 0x00, 0x01, 0xfe,
    0x00, 0x01, 0xfe, 0x00, 0x01, 0xfe, 0x00, 0x01, 0xfe, 0x00, 0x01, 0xfe, 0x01, 0x01, 0xff, 0xdc,
    0x01, 0xff, 0xe4, 0x09, 0xff, 0x10, 0xcf, 0xfe, 0x00, 0x85, 0xfe, 0x00, 0x01, 0xfe, 0x00, 0x01,
    0xfe, 0x00, 0x01, 0xfe, 0x00, 0x01, 0xfe, 0x00, 0x00, 0x00, 0x00, 0x07, 0x83, 0x00, 0x00, 0x00,
    0x00, 0x1c, 0xf7, 0x00, 0x00, 0x00, 0x00, 0x1d, 0xe3, 0x00, 0x00, 0x00, 0x00, 0x00, 0x00, 0x00,
    0x00, 0x00, 0x00, 0x00, 0x00, 0x00, 0x00, 0x00, 0x0f, 0xf3, 0x00, 0x00, 0x00, 0x0e, 0xf2, 0xff,
    0xe1, 0x00, 0x00, 0x00, 0xef, 0x2f, 0xff, 0xc0, 0x00, 0x00, 0x0e, 0xf2, 0xff, 0xff, 0x90, 0x00,
    0x00, 0xef, 0x2f, 0xf5, 0xff, 0x60, 0x00, 0x0e, 0xf2, 0xff, 0x26, 0xff, 0x30, 0x00, 0xef, 0x2f,
    0xf2, 0x09, 0xfe, 0x10, 0x0e, 0xf2, 0xff, 0x20, 0x0c, 0xfc, 0x00, 0xef, 0x2f, 0xf2, 0x00, 0x1e,
    0xf9, 0x0e, 0xf2, 0xff, 0x20, 0x00, 0x3f, 0xf6, 0xef, 0x2f, 0xf2, 0x00, 0x00, 0x5f, 0xff, 0xf2,
    0xff, 0x20, 0x00, 0x00, 0x8f, 0xff, 0x2f, 0xf2, 0x00, 0x00, 0x00, 0xbf, 0xf2, 0xff, 0x20, 0x00,
    0x00, 0x01, 0xef, 0x20, 0x00, 0x00, 0x00, 0x28, 0x82, 0x00, 0x00, 0x00, 0x2e, 0xf4, 0x00, 0x00,
    0x00, 0x3f, 0xc1, 0x00, 0x00, 0x00, 0x00, 0x00, 0x00, 0x00, 0x3f, 0xb2, 0xae, 0xfe, 0x91, 0x03,
    0xfd, 0xff, 0xdd, 0xff, 0xe1, 0x3f, 0xfd, 0x20, 0x02, 0xdf, 0x83, 0xff, 0x30, 0x00, 0x05, 0xfc,
    0x3f, 0xe0, 0x00, 0x00, 0x2f, 0xe3, 0xfc, 0x00, 0x00, 0x01, 0xfe, 0x3f, 0xc0, 0x00, 0x00, 0x1f,
    0xe3, 0xfc, 0x00, 0x00, 0x01, 0xfe, 0x3f, 0xc0, 0x00, 0x00, 0x1f, 0xe3, 0xfc, 0x00, 0x00, 0x01,
    0xfe, 0x3f, 0xc0, 0x00, 0x00, 0x1f, 0xe0, 0x00, 0x00, 0x00, 0x05, 0x86, 0x00, 0x00, 0x00, 0x00,
    0x7f, 0xb1, 0x00, 0x00, 0x00, 0x08, 0xf7, 0x00, 0x00, 0x00, 0x00, 0x00, 0x00, 0x00, 0x00, 0x00,
    0x00, 0x00, 0x00, 0x00, 0x00, 0x00, 0x07, 0xcf, 0xff, 0xc8, 0x10, 0x01, 0xdf, 0xfd, 0xcd, 0xff,
    0xd0, 0x08, 0xfc, 0x20, 0x00, 0x17, 0x70, 0x0d, 0xf4, 0x00, 0x00, 0x00, 0x00, 0x0c, 0xf5, 0x00,
    0x00, 0x00, 0x00, 0x07, 0xff, 0x71, 0x00, 0x00, 0x00, 0x00, 0x8f, 0xff, 0xd9, 0x50, 0x00, 0x00,
    0x02, 0x7b, 0xff, 0xfe, 0x40, 0x00, 0x00, 0x00, 0x04, 0xbf, 0xf3, 0x00, 0x00, 0x00, 0x00, 0x09,
    0xf8, 0x01, 0x00, 0x00, 0x00, 0x07, 0xf9, 0x0d, 0xa3, 0x00, 0x00, 0x3e, 0xf4, 0x1c, 0xff, 0xfc,
    0xce, 0xff, 0xa0, 0x00, 0x4a, 0xdf, 0xfe, 0xb5, 0x00, 0x00, 0x00, 0x01, 0x88, 0x20, 0x00, 0x00,
    0x2d, 0xf5, 0x00, 0x00, 0x02, 0xed, 0x20, 0x00, 0x00, 0x00, 0x00, 0x00, 0x00, 0x00, 0x5c, 0xff,
    0xeb, 0x50, 0x09, 0xff, 0xdc, 0xef, 0xd0, 0x1f, 0xf2, 0x00, 0x04, 0x40, 0x2f, 0xd0, 0x00, 0x00,
    0x00, 0x0e, 0xfc, 0x73, 0x00, 0x00, 0x02, 0xcf, 0xff, 0xfb, 0x30, 0x00, 0x01, 0x47, 0xcf, 0xf2,
    0x00, 0x00, 0x00, 0x0a, 0xf6, 0x09, 0x30, 0x00, 0x0c, 0xf5, 0x5f, 0xfe, 0xcc, 0xff, 0xd1, 0x05,
    0xbe, 0xff, 0xd7, 0x10, 0x00, 0x00, 0x00, 0x03, 0x87, 0x10, 0x00, 0x00, 0x00, 0x04, 0xfe, 0x30,
    0x00, 0x00, 0x00, 0x04, 0xfa, 0x10, 0x00, 0x00, 0x00, 0x00, 0x00, 0x00, 0x00, 0x00, 0x00, 0x00,
    0x00, 0x00, 0x00, 0x00, 0x00, 0xff, 0xff, 0xff, 0xff, 0xff, 0xf5, 0x0c, 0xcc, 0xcc, 0xcc, 0xce,
    0xff, 0x30, 0x00, 0x00, 0x00, 0x01, 0xef, 0x60, 0x00, 0x00, 0x00, 0x00, 0xcf, 0x90, 0x00, 0x00,
    0x00, 0x00, 0x9f, 0xc0, 0x00, 0x00, 0x00, 0x00, 0x6f, 0xe1, 0x00, 0x00, 0x00, 0x00, 0x3f, 0xf3,
    0x00, 0x00, 0x00, 0x00, 0x2e, 0xf6, 0x00, 0x00, 0x00, 0x00, 0x0c, 0xf9, 0x00, 0x00, 0x00, 0x00,
    0x0a, 0xfc, 0x00, 0x00, 0x00, 0x00, 0x06, 0xfe, 0x10, 0x00, 0x00, 0x00, 0x04, 0xff, 0x30, 0x00,
    0x00, 0x00, 0x01, 0xef, 0xec, 0xcc, 0xcc, 0xcc, 0xc6, 0x2f, 0xff, 0xff, 0xff, 0xff, 0xff, 0x90,
    0x00, 0x00, 0x00, 0x68, 0x40, 0x00, 0x00, 0x0a, 0xf9, 0x00, 0x00, 0x01, 0xbf, 0x50, 0x00, 0x00,
    0x00, 0x00, 0x00, 0x00, 0x1f, 0xff, 0xff, 0xff, 0xf8, 0x1c, 0xcc, 0xcc, 0xcf, 0xf6, 0x00, 0x00,
    0x00, 0x9f, 0xa0, 0x00, 0x00, 0x06, 0xfd, 0x00, 0x00, 0x00, 0x3f, 0xf2, 0x00, 0x00, 0x01, 0xef,
    0x40, 0x00, 0x00, 0x0b, 0xf7, 0x00, 0x00, 0x00, 0x8f, 0xb0, 0x00, 0x00, 0x05, 0xfd, 0x10, 0x00,
    0x00, 0x2f, 0xfd, 0xcc, 0xcc, 0xc8, 0x3f, 0xff, 0xff, 0xff, 0xfb, 0x00, 0x00, 0x00, 0x20, 0x00,
    0x00, 0x00, 0x00, 0x00, 0x5f, 0xc0, 0x00, 0x00, 0x00, 0x00, 0x04, 0xfa, 0x00, 0x00, 0x00, 0x00,
    0x00, 0x00, 0x00, 0x00, 0x00, 0x00, 0x00, 0x00, 0x00, 0x00, 0x00, 0x00, 0xff, 0xff, 0xff, 0xff,
    0xff, 0xf5, 0x0c, 0xcc, 0xcc, 0xcc, 0xce, 0xff, 0x30, 0x00, 0x00, 0x00, 0x01, 0xef, 0x60, 0x00,
    0x00, 0x00, 0x00, 0xcf, 0x90, 0x00, 0x00, 0x00, 0x00, 0x9f, 0xc0, 0x00, 0x00, 0x00, 0x00, 0x6f,
    0xe1, 0x00, 0x00, 0x00, 0x00, 0x3f, 0xf3, 0x00, 0x00, 0x00, 0x00, 0x2e, 0xf6, 0x00, 0x00, 0x00,
    0x00, 0x0c, 0xf9, 0x00, 0x00, 0x00, 0x00, 0x0a, 0xfc, 0x00, 0x00, 0x00, 0x00, 0x06, 0xfe, 0x10,
    0x00, 0x00, 0x00, 0x04, 0xff, 0x30, 0x00, 0x00, 0x00, 0x01, 0xef, 0xec, 0xcc, 0xcc, 0xcc, 0xc6,
    0x2f, 0xff, 0xff, 0xff, 0xff, 0xff, 0x90, 0x00, 0x00, 0x01, 0x00, 0x00, 0x00, 0x00, 0xdf, 0x40,
    0x00, 0x00, 0x00, 0xbf, 0x30, 0x00, 0x00, 0x00, 0x00, 0x00, 0x00, 0x00, 0x00, 0x00, 0x00, 0x00,
    0x1f, 0xff, 0xff, 0xff, 0xf8, 0x1c, 0xcc, 0xcc, 0xcf, 0xf6, 0x00, 0x00, 0x00, 0x9f, 0xa0, 0x00,
    0x00, 0x06, 0xfd, 0x00, 0x00, 0x00, 0x3f, 0xf2, 0x00, 0x00, 0x01, 0xef, 0x40, 0x00, 0x00, 0x0b,
    0xf7, 0x00, 0x00, 0x00, 0x8f, 0xb0, 0x00, 0x00, 0x05, 0xfd, 0x10, 0x00, 0x00, 0x2f, 0xfd, 0xcc,
    0xcc, 0xc8, 0x3f, 0xff, 0xff, 0xff, 0xfb,
};
static const lv_font_fmt_txt_glyph_dsc_t pl20_glyph_dsc[] = {
    {.bitmap_index = 0, .adv_w = 0, .box_w = 0, .box_h = 0, .ofs_x = 0, .ofs_y = 0},  /* id 0 */
    {.bitmap_index = 0, .adv_w = 272, .box_w = 15, .box_h = 19, .ofs_x = 1, .ofs_y = 0},  /* U+00D3 */
    {.bitmap_index = 143, .adv_w = 208, .box_w = 12, .box_h = 15, .ofs_x = 0, .ofs_y = 0},  /* U+00F3 */
    {.bitmap_index = 233, .adv_w = 240, .box_w = 15, .box_h = 18, .ofs_x = 0, .ofs_y = -4},  /* U+0104 */
    {.bitmap_index = 368, .adv_w = 192, .box_w = 10, .box_h = 15, .ofs_x = 1, .ofs_y = -4},  /* U+0105 */
    {.bitmap_index = 443, .adv_w = 224, .box_w = 13, .box_h = 19, .ofs_x = 1, .ofs_y = 0},  /* U+0106 */
    {.bitmap_index = 567, .adv_w = 176, .box_w = 11, .box_h = 15, .ofs_x = 0, .ofs_y = 0},  /* U+0107 */
    {.bitmap_index = 650, .adv_w = 208, .box_w = 11, .box_h = 18, .ofs_x = 2, .ofs_y = -4},  /* U+0118 */
    {.bitmap_index = 749, .adv_w = 192, .box_w = 12, .box_h = 15, .ofs_x = 0, .ofs_y = -4},  /* U+0119 */
    {.bitmap_index = 839, .adv_w = 192, .box_w = 12, .box_h = 14, .ofs_x = 0, .ofs_y = 0},  /* U+0141 */
    {.bitmap_index = 923, .adv_w = 96, .box_w = 6, .box_h = 15, .ofs_x = 0, .ofs_y = 0},  /* U+0142 */
    {.bitmap_index = 968, .adv_w = 256, .box_w = 13, .box_h = 19, .ofs_x = 2, .ofs_y = 0},  /* U+0143 */
    {.bitmap_index = 1092, .adv_w = 224, .box_w = 11, .box_h = 15, .ofs_x = 1, .ofs_y = 0},  /* U+0144 */
    {.bitmap_index = 1175, .adv_w = 192, .box_w = 12, .box_h = 19, .ofs_x = 0, .ofs_y = 0},  /* U+015A */
    {.bitmap_index = 1289, .adv_w = 160, .box_w = 10, .box_h = 15, .ofs_x = 0, .ofs_y = 0},  /* U+015B */
    {.bitmap_index = 1364, .adv_w = 208, .box_w = 13, .box_h = 19, .ofs_x = 0, .ofs_y = 0},  /* U+0179 */
    {.bitmap_index = 1488, .adv_w = 160, .box_w = 10, .box_h = 15, .ofs_x = 0, .ofs_y = 0},  /* U+017A */
    {.bitmap_index = 1563, .adv_w = 208, .box_w = 13, .box_h = 19, .ofs_x = 0, .ofs_y = 0},  /* U+017B */
    {.bitmap_index = 1687, .adv_w = 160, .box_w = 10, .box_h = 16, .ofs_x = 0, .ofs_y = 0},  /* U+017C */
};
static const uint16_t pl20_unicode_list[] = { 0x0, 0x20, 0x31, 0x32, 0x33, 0x34, 0x45, 0x46, 0x6e, 0x6f, 0x70, 0x71, 0x87, 0x88, 0xa6, 0xa7, 0xa8, 0xa9 };
static const lv_font_fmt_txt_cmap_t pl20_cmaps[] = {
    { .range_start = 0xd3, .range_length = 170, .glyph_id_start = 1, .unicode_list = pl20_unicode_list,
      .glyph_id_ofs_list = NULL, .list_length = 18, .type = LV_FONT_FMT_TXT_CMAP_SPARSE_TINY },
};
static const lv_font_fmt_txt_dsc_t pl20_dsc = {
    .glyph_bitmap = pl20_bitmap, .glyph_dsc = pl20_glyph_dsc, .cmaps = pl20_cmaps, .kern_dsc = NULL,
    .kern_scale = 0, .cmap_num = 1, .bpp = 4, .kern_classes = 0, .bitmap_format = 0,
};
const lv_font_t console_font_pl_20 = {
    .get_glyph_dsc = lv_font_get_glyph_dsc_fmt_txt, .get_glyph_bitmap = lv_font_get_bitmap_fmt_txt,
    .line_height = 22, .base_line = 4, .subpx = LV_FONT_SUBPX_NONE, .underline_position = -1,
    .underline_thickness = 1, .dsc = &pl20_dsc, .fallback = &lv_font_montserrat_20,
};

/* ---------------------------------------------------------------- 24 px */
static LV_ATTRIBUTE_LARGE_CONST const uint8_t pl24_bitmap[] = {
    0x00, 0x00, 0x00, 0x00, 0x02, 0xef, 0xc1, 0x00, 0x00, 0x00, 0x00, 0x00, 0x00, 0x3e, 0xf8, 0x00,
    0x00, 0x00, 0x00, 0x00, 0x00, 0x04, 0xfe, 0x40, 0x00, 0x00, 0x00, 0x00, 0x00, 0x00, 0x00, 0x00,
    0x00, 0x00, 0x00, 0x00, 0x00, 0x00, 0x05, 0xbe, 0xff, 0xeb, 0x61, 0x00, 0x00, 0x00, 0x03, 0xdf,
    0xff, 0xff, 0xff, 0xff, 0x50, 0x00, 0x00, 0x5f, 0xff, 0x94, 0x21, 0x38, 0xef, 0xf8, 0x00, 0x03,
    0xff, 0xd2, 0x00, 0x00, 0x00, 0x1b, 0xff, 0x60, 0x0e, 0xfe, 0x10, 0x00, 0x00, 0x00, 0x00, 0xcf,
    0xf1, 0x5f, 0xf4, 0x00, 0x00, 0x00, 0x00, 0x00, 0x2f, 0xf8, 0xaf, 0xe0, 0x00, 0x00, 0x00, 0x00,
    0x00, 0x0c, 0xfc, 0xcf, 0xb0, 0x00, 0x00, 0x00, 0x00, 0x00, 0x08, 0xff, 0xdf, 0x90, 0x00, 0x00,
    0x00, 0x00, 0x00, 0x07, 0xff, 0xcf, 0xb0, 0x00, 0x00, 0x00, 0x00, 0x00, 0x08, 0xff, 0xaf, 0xe0,
    0x00, 0x00, 0x00, 0x00, 0x00, 0x0c, 0xfc, 0x5f, 0xf4, 0x00, 0x00, 0x00, 0x00, 0x00, 0x2f, 0xf8,
    0x0e, 0xfe, 0x10, 0x00, 0x00, 0x00, 0x00, 0xcf, 0xf1, 0x03, 0xff, 0xd2, 0x00, 0x00, 0x00, 0x1b,
    0xff, 0x60, 0x00, 0x6f, 0xff, 0x94, 0x21, 0x38, 0xef, 0xf8, 0x00, 0x00, 0x03, 0xef, 0xff, 0xff,
    0xff, 0xff, 0x50, 0x00, 0x00, 0x00, 0x05, 0xbe, 0xff, 0xeb, 0x71, 0x00, 0x00, 0x00, 0x00, 0x00,
    0x07, 0xff, 0x60, 0x00, 0x00, 0x00, 0x00, 0x9f, 0xd3, 0x00, 0x00, 0x00, 0x00, 0x0a, 0xfa, 0x10,
    0x00, 0x00, 0x00, 0x00, 0x00, 0x00, 0x00, 0x00, 0x00, 0x00, 0x00, 0x00, 0x00, 0x00, 0x00, 0x00,
    0x00, 0x04, 0xbe, 0xfe, 0xc6, 0x00, 0x00, 0x01, 0xaf, 0xff, 0xff, 0xff, 0xd2, 0x00, 0x0a, 0xff,
    0xa3, 0x12, 0x7f, 0xfd, 0x10, 0x5f, 0xf7, 0x00, 0x00, 0x03, 0xff, 0x80, 0xbf, 0xc0, 0x00, 0x00,
    0x00, 0x8f, 0xf0, 0xef, 0x70, 0x00, 0x00, 0x00, 0x3f, 0xf2, 0xff, 0x60, 0x00, 0x00, 0x00, 0x2f,
    0xf3, 0xef, 0x70, 0x00, 0x00, 0x00, 0x3f, 0xf2, 0xbf, 0xd0, 0x00, 0x00, 0x00, 0x9f, 0xe0, 0x4f,
    0xf7, 0x00, 0x00, 0x03, 0xff, 0x80, 0x0a, 0xff, 0xa3, 0x12, 0x7f, 0xfd, 0x10, 0x01, 0xaf, 0xff,
    0xff, 0xff, 0xd2, 0x00, 0x00, 0x04, 0xbe, 0xfe, 0xc6, 0x00, 0x00, 0x00, 0x00, 0x00, 0x0a, 0xff,
    0x30, 0x00, 0x00, 0x00, 0x00, 0x00, 0x00, 0x2f, 0xff, 0xa0, 0x00, 0x00, 0x00, 0x00, 0x00, 0x00,
    0x9f, 0xef, 0xf2, 0x00, 0x00, 0x00, 0x00, 0x00, 0x01, 0xff, 0x6d, 0xf8, 0x00, 0x00, 0x00, 0x00,
    0x00, 0x07, 0xfe, 0x06, 0xff, 0x10, 0x00, 0x00, 0x00, 0x00, 0x0e, 0xf8, 0x01, 0xff, 0x70, 0x00,
    0x00, 0x00, 0x00, 0x5f, 0xf1, 0x00, 0x9f, 0xe0, 0x00, 0x00, 0x00, 0x00, 0xcf, 0xa0, 0x00, 0x2f,
    0xf5, 0x00, 0x00, 0x00, 0x04, 0xff, 0x30, 0x00, 0x0b, 0xfc, 0x00, 0x00, 0x00, 0x0b, 0xfd, 0x00,
    0x00, 0x04, 0xff, 0x40, 0x00, 0x00, 0x2f, 0xf6, 0x00, 0x00, 0x00, 0xdf, 0xb0, 0x00, 0x00, 0x9f,
    0xff, 0xff, 0xff, 0xff, 0xff, 0xf2, 0x00, 0x01, 0xff, 0xff, 0xff, 0xff, 0xff, 0xff, 0xf9, 0x00,
    0x07, 0xff, 0x10, 0x00, 0x00, 0x00, 0x08, 0xff, 0x10, 0x0e, 0xf9, 0x00, 0x00, 0x00, 0x00, 0x02,
    0xff, 0x70, 0x6f, 0xf2, 0x00, 0x00, 0x00, 0x00, 0x00, 0xaf, 0xe0, 0xdf, 0xb0, 0x00, 0x00, 0x00,
    0x00, 0x00, 0x3f, 0xf8, 0x00, 0x00, 0x00, 0x00, 0x00, 0x00, 0x00, 0xbf, 0x81, 0x00, 0x00, 0x00,
    0x00, 0x00, 0x00, 0x08, 0xf5, 0x00, 0x00, 0x00, 0x00, 0x00, 0x00, 0x00, 0x0e, 0xd0, 0x00, 0x00,
    0x00, 0x00, 0x00, 0x00, 0x00, 0x0c, 0xf3, 0x03, 0x00, 0x00, 0x00, 0x00, 0x00, 0x00, 0x03, 0xef,
    0xfe, 0x00, 0x00, 0x00, 0x00, 0x00, 0x00, 0x00, 0x02, 0x20, 0x01, 0x6b, 0xef, 0xfd, 0x81, 0x00,
    0x3e, 0xff, 0xff, 0xff, 0xfe, 0x20, 0x1e, 0xb5, 0x21, 0x27, 0xff, 0xb0, 0x01, 0x00, 0x00, 0x00,
    0x5f, 0xf1, 0x00, 0x00, 0x00, 0x11, 0x2f, 0xf3, 0x01, 0x9e, 0xff, 0xff, 0xff, 0xf4, 0x1e, 0xff,
    0xff, 0xff, 0xff, 0xf4, 0x8f, 0xf6, 0x10, 0x00, 0x1f, 0xf4, 0xcf, 0x90, 0x00, 0x00, 0x1f, 0xf4,
    0xcf, 0xa0, 0x00, 0x00, 0x8f, 0xf4, 0x8f, 0xf7, 0x21, 0x3a, 0xff, 0xf4, 0x1d, 0xff, 0xff, 0xff,
    0xaf, 0xf4, 0x01, 0x8e, 0xff, 0xd6, 0x1f, 0xf5, 0x00, 0x00, 0x00, 0x02, 0xee, 0x60, 0x00, 0x00,
    0x00, 0x0d, 0xe1, 0x00, 0x00, 0x00, 0x00, 0x3f, 0x80, 0x00, 0x00, 0x00, 0x00, 0x2f, 0xb1, 0x12,
    0x00, 0x00, 0x00, 0x07, 0xff, 0xf9, 0x00, 0x00, 0x00, 0x00, 0x02, 0x10, 0x00, 0x00, 0x00, 0x00,
    0x04, 0xff, 0x90, 0x00, 0x00, 0x00, 0x00, 0x00, 0x5f, 0xf5, 0x00, 0x00, 0x00, 0x00, 0x00, 0x06,
    0xfc, 0x20, 0x00, 0x00, 0x00, 0x00, 0x00, 0x00, 0x00, 0x00, 0x00, 0x00, 0x00, 0x00, 0x05, 0xbe,
    0xff, 0xeb, 0x60, 0x00, 0x00, 0x03, 0xef, 0xff, 0xff, 0xff, 0xfe, 0x40, 0x00, 0x6f, 0xff, 0x94,
    0x21, 0x38, 0xff, 0xf3, 0x04, 0xff, 0xd2, 0x00, 0x00, 0x00, 0x1c, 0x80, 0x0e, 0xfe, 0x10, 0x00,
    0x00, 0x00, 0x00, 0x00, 0x5f, 0xf4, 0x00, 0x00, 0x00, 0x00, 0x00, 0x00, 0xaf, 0xe0, 0x00, 0x00,
    0x00, 0x00, 0x00, 0x00, 0xcf, 0xb0, 0x00, 0x00, 0x00, 0x00, 0x00, 0x00, 0xdf, 0x90, 0x00, 0x00,
    0x00, 0x00, 0x00, 0x00, 0xcf, 0xb0, 0x00, 0x00, 0x00, 0x00, 0x00, 0x00, 0xaf, 0xe0, 0x00, 0x00,
    0x00, 0x00, 0x00, 0x00, 0x5f, 0xf4, 0x00, 0x00, 0x00, 0x00, 0x00, 0x00, 0x0e, 0xfe, 0x10, 0x00,
    0x00, 0x00, 0x00, 0x00, 0x04, 0xff, 0xd2, 0x00, 0x00, 0x00, 0x1b, 0x70, 0x00, 0x6f, 0xff, 0x94,
    0x21, 0x38, 0xff, 0xf3, 0x00, 0x03, 0xef, 0xff, 0xff, 0xff, 0xfe, 0x50, 0x00, 0x00, 0x06, 0xbe,
    0xff, 0xeb, 0x60, 0x00, 0x00, 0x00, 0x00, 0x1c, 0xfd, 0x30, 0x00, 0x00, 0x01, 0xdf, 0xa1, 0x00,
    0x00, 0x00, 0x2e, 0xf6, 0x00, 0x00, 0x00, 0x00, 0x00, 0x00, 0x00, 0x00, 0x00, 0x00, 0x00, 0x00,
    0x00, 0x00, 0x00, 0x04, 0xae, 0xff, 0xc6, 0x00, 0x01, 0xaf, 0xff, 0xff, 0xff, 0xd1, 0x0a, 0xff,
    0xa3, 0x12, 0x7f, 0xfa, 0x4f, 0xf7, 0x00, 0x00, 0x03, 0xa1, 0xbf, 0xc0, 0x00, 0x00, 0x00, 0x00,
    0xef, 0x70, 0x00, 0x00, 0x00, 0x00, 0xff, 0x60, 0x00, 0x00, 0x00, 0x00, 0xef, 0x70, 0x00, 0x00,
    0x00, 0x00, 0xbf, 0xc0, 0x00, 0x00, 0x00, 0x00, 0x4f, 0xf7, 0x00, 0x00, 0x03, 0xa1, 0x0a, 0xff,
    0xa3, 0x12, 0x7f, 0xfa, 0x00, 0xaf, 0xff, 0xff, 0xff, 0xc1, 0x00, 0x04, 0xae, 0xff, 0xc6, 0x00,
    0x8f, 0xff, 0xff, 0xff, 0xff, 0xff, 0x60, 0x8f, 0xff, 0xff, 0xff, 0xff, 0xff, 0x60, 0x8f, 0xf1,
    0x11, 0x11, 0x11, 0x11, 0x00, 0x8f, 0xf0, 0x00, 0x00, 0x00, 0x00, 0x00, 0x8f, 0xf0, 0x00, 0x00,
    0x00, 0x00, 0x00, 0x8f, 0xf0, 0x00, 0x00, 0x00, 0x00, 0x00, 0x8f, 0xf0, 0x00, 0x00, 0x00, 0x00,
    0x00, 0x8f, 0xff, 0xff, 0xff, 0xff, 0xf6, 0x00, 0x8f, 0xff, 0xff, 0xff, 0xff, 0xf6, 0x00, 0x8f,
    0xf1, 0x11, 0x11, 0x11, 0x10, 0x00, 0x8f, 0xf0, 0x00, 0x00, 0x00, 0x00, 0x00, 0x8f, 0xf0, 0x00,
    0x00, 0x00, 0x00, 0x00, 0x8f, 0xf0, 0x00, 0x00, 0x00, 0x00, 0x00, 0x8f, 0xf0, 0x00, 0x00, 0x00,
    0x00, 0x00, 0x8f, 0xf1, 0x11, 0x11, 0x11, 0x11, 0x00, 0x8f, 0xff, 0xff, 0xff, 0xff, 0xff, 0xc0,
    0x8f, 0xff, 0xff, 0xff, 0xff, 0xff, 0xf0, 0x00, 0x00, 0x00, 0x00, 0x09, 0xfa, 0x20, 0x00, 0x00,
    0x00, 0x00, 0x6f, 0x70, 0x00, 0x00, 0x00, 0x00, 0x00, 0xcf, 0x00, 0x00, 0x00, 0x00, 0x00, 0x00,
    0xaf, 0x40, 0x30, 0x00, 0x00, 0x00, 0x00, 0x2d, 0xff, 0xf1, 0x00, 0x00, 0x00, 0x00, 0x00, 0x22,
    0x00, 0x00, 0x05, 0xbe, 0xfe, 0xa4, 0x00, 0x00, 0x1b, 0xff, 0xff, 0xff, 0xf9, 0x00, 0x0b, 0xfe,
    0x72, 0x13, 0x9f, 0xf8, 0x05, 0xfe, 0x20, 0x00, 0x00, 0x4f, 0xf1, 0xbf, 0x81, 0x11, 0x11, 0x11,
    0xbf, 0x7e, 0xff, 0xff, 0xff, 0xff, 0xff, 0xf9, 0xff, 0xff, 0xff, 0xff, 0xff, 0xff, 0xbe, 0xf7,
    0x00, 0x00, 0x00, 0x00, 0x00, 0xbf, 0xc0, 0x00, 0x00, 0x00, 0x00, 0x04, 0xff, 0x70, 0x00, 0x00,
    0x06, 0x00, 0x0a, 0xff, 0xa4, 0x11, 0x5c, 0xf8, 0x00, 0x1a, 0xff, 0xff, 0xff, 0xff, 0x50, 0x00,
    0x04, 0xae, 0xff, 0xff, 0x40, 0x00, 0x00, 0x00, 0x00, 0xaf, 0x40, 0x00, 0x00, 0x00, 0x00, 0x3f,
    0x90, 0x00, 0x00, 0x00, 0x00, 0x06, 0xf4, 0x00, 0x00, 0x00, 0x00, 0x00, 0x4f, 0x90, 0x21, 0x00,
    0x00, 0x00, 0x00, 0x8f, 0xff, 0x60, 0x00, 0x00, 0x00, 0x00, 0x12, 0x10, 0x00, 0x00, 0x5f, 0xf2,
    0x00, 0x00, 0x00, 0x00, 0x00, 0x05, 0xff, 0x20, 0x00, 0x00, 0x00, 0x00, 0x00, 0x5f, 0xf2, 0x00,
    0x00, 0x00, 0x00, 0x00, 0x05, 0xff, 0x20, 0x10, 0x00, 0x00, 0x00, 0x00, 0x5f, 0xf2, 0x4f, 0x70,
    0x00, 0x00, 0x00, 0x05, 0xff, 0xaf, 0xf6, 0x00, 0x00, 0x00, 0x00, 0x5f, 0xff, 0xd3, 0x00, 0x00,
    0x00, 0x00, 0x09, 0xff, 0xc1, 0x00, 0x00, 0x00, 0x00, 0x08, 0xff, 0xf2, 0x00, 0x00, 0x00, 0x00,
    0x08, 0xff, 0xff, 0x20, 0x00, 0x00, 0x00, 0x00, 0x19, 0x6f, 0xf2, 0x00, 0x00, 0x00, 0x00, 0x00,
    0x05, 0xff, 0x20, 0x00, 0x00, 0x00, 0x00, 0x00, 0x5f, 0xf2, 0x00, 0x00, 0x00, 0x00, 0x00, 0x05,
    0xff, 0x20, 0x00, 0x00, 0x00, 0x00, 0x00, 0x5f, 0xf3, 0x22, 0x22, 0x22, 0x22, 0x00, 0x05, 0xff,
    0xff, 0xff, 0xff, 0xff, 0xf3, 0x00, 0x5f, 0xff, 0xff, 0xff, 0xff, 0xff, 0x30, 0x00, 0xaf, 0xb0,
    0x00, 0x0a, 0xfb, 0x00, 0x00, 0xaf, 0xb0, 0x00, 0x0a, 0xfb, 0x00, 0x00, 0xaf, 0xb0, 0x00, 0x0a,
    0xfb, 0x00, 0x00, 0xaf, 0xb1, 0x20, 0x0a, 0xfd, 0xdd, 0x00, 0xaf, 0xff, 0x90, 0x0f, 0xff, 0x50,
    0x2d, 0xff, 0xd0, 0x0e, 0xff, 0xfb, 0x00, 0x66, 0xaf, 0xb0, 0x00, 0x0a, 0xfb, 0x00, 0x00, 0xaf,
    0xb0, 0x00, 0x0a, 0xfb, 0x00, 0x00, 0xaf, 0xb0, 0x00, 0x0a, 0xfb, 0x00, 0x00, 0x00, 0x00, 0x00,
    0x6f, 0xf7, 0x00, 0x00, 0x00, 0x00, 0x00, 0x7f, 0xe3, 0x00, 0x00, 0x00, 0x00, 0x00, 0x8f, 0xb1,
    0x00, 0x00, 0x00, 0x00, 0x00, 0x00, 0x00, 0x00, 0x00, 0x00, 0x8f, 0xd1, 0x00, 0x00, 0x00, 0x00,
    0x7f, 0xf8, 0xff, 0xb0, 0x00, 0x00, 0x00, 0x07, 0xff, 0x8f, 0xff, 0x80, 0x00, 0x00, 0x00, 0x7f,
    0xf8, 0xff, 0xff, 0x40, 0x00, 0x00, 0x07, 0xff, 0x8f, 0xfe, 0xff, 0x20, 0x00, 0x00, 0x7f, 0xf8,
    0xff, 0x3f, 0xfd, 0x10, 0x00, 0x07, 0xff, 0x8f, 0xf0, 0x6f, 0xfa, 0x00, 0x00, 0x7f, 0xf8, 0xff,
    0x00, 0x9f, 0xf7, 0x00, 0x07, 0xff, 0x8f, 0xf0, 0x00, 0xcf, 0xf4, 0x00, 0x7f, 0xf8, 0xff, 0x00,
    0x01, 0xef, 0xf2, 0x07, 0xff, 0x8f, 0xf0, 0x00, 0x03, 0xff, 0xd0, 0x7f, 0xf8, 0xff, 0x00, 0x00,
    0x06, 0xff, 0xa7, 0xff, 0x8f, 0xf0, 0x00, 0x00, 0x09, 0xff, 0xdf, 0xf8, 0xff, 0x00, 0x00, 0x00,
    0x0c, 0xff, 0xff, 0x8f, 0xf0, 0x00, 0x00, 0x00, 0x2e, 0xff, 0xf8, 0xff, 0x00, 0x00, 0x00, 0x00,
    0x4f, 0xff, 0x8f, 0xf0, 0x00, 0x00, 0x00, 0x00, 0x6f, 0xf0, 0x00, 0x00, 0x00, 0x1c, 0xfd, 0x20,
    0x00, 0x00, 0x00, 0x2d, 0xf9, 0x00, 0x00, 0x00, 0x00, 0x2e, 0xf5, 0x00, 0x00, 0x00, 0x00, 0x00,
    0x00, 0x00, 0x00, 0x00, 0x00, 0x00, 0x00, 0x00, 0x00, 0x00, 0x0d, 0xf6, 0x18, 0xdf, 0xfd, 0x71,
    0x00, 0xdf, 0x9f, 0xff, 0xff, 0xff, 0xd1, 0x0d, 0xff, 0xf8, 0x21, 0x3a, 0xff, 0x90, 0xdf, 0xf5,
    0x00, 0x00, 0x0a, 0xff, 0x0d, 0xfc, 0x00, 0x00, 0x00, 0x4f, 0xf3, 0xdf, 0x90, 0x00, 0x00, 0x01,
    0xff, 0x4d, 0xf8, 0x00, 0x00, 0x00, 0x1f, 0xf4, 0xdf, 0x80, 0x00, 0x00, 0x01, 0xff, 0x4d, 0xf8,
    0x00, 0x00, 0x00, 0x1f, 0xf4, 0xdf, 0x80, 0x00, 0x00, 0x01, 0xff, 0x4d, 0xf8, 0x00, 0x00, 0x00,
    0x1f, 0xf4, 0xdf, 0x80, 0x00, 0x00, 0x01, 0xff, 0x4d, 0xf8, 0x00, 0x00, 0x00, 0x1f, 0xf4, 0x00,
    0x00, 0x00, 0x06, 0xff, 0x70, 0x00, 0x00, 0x00, 0x07, 0xfe, 0x30, 0x00, 0x00, 0x00, 0x08, 0xfb,
    0x10, 0x00, 0x00, 0x00, 0x00, 0x00, 0x00, 0x00, 0x00, 0x00, 0x17, 0xce, 0xff, 0xea, 0x61, 0x00,
    0x3e, 0xff, 0xff, 0xff, 0xff, 0xe1, 0x1e, 0xfe, 0x62, 0x11, 0x49, 0xfd, 0x06, 0xff, 0x20, 0x00,
    0x00, 0x01, 0x30, 0x9f, 0xd0, 0x00, 0x00, 0x00, 0x00, 0x08, 0xff, 0x10, 0x00, 0x00, 0x00, 0x00,
    0x3f, 0xfd, 0x40, 0x00, 0x00, 0x00, 0x00, 0x8f, 0xff, 0xea, 0x62, 0x00, 0x00, 0x00, 0x4c, 0xff,
    0xff, 0xfd, 0x60, 0x00, 0x00, 0x01, 0x6a, 0xef, 0xff, 0xb1, 0x00, 0x00, 0x00, 0x00, 0x3b, 0xff,
    0x80, 0x00, 0x00, 0x00, 0x00, 0x0b, 0xfd, 0x00, 0x00, 0x00, 0x00, 0x00, 0x8f, 0xe5, 0x80, 0x00,
    0x00, 0x00, 0x0c, 0xfb, 0xdf, 0xe8, 0x42, 0x12, 0x5c, 0xff, 0x44, 0xef, 0xff, 0xff, 0xff, 0xff,
    0x60, 0x00, 0x5a, 0xdf, 0xff, 0xd8, 0x20, 0x00, 0x00, 0x00, 0x00, 0x3f, 0xfa, 0x10, 0x00, 0x00,
    0x04, 0xff, 0x60, 0x00, 0x00, 0x00, 0x5f, 0xd3, 0x00, 0x00, 0x00, 0x00, 0x00, 0x00, 0x00, 0x00,
    0x00, 0x00, 0x00, 0x00, 0x00, 0x00, 0x00, 0x18, 0xdf, 0xff, 0xc7, 0x10, 0x02, 0xef, 0xff, 0xff,
    0xff, 0xb0, 0x0c, 0xfe, 0x52, 0x12, 0x7d, 0x40, 0x0f, 0xf6, 0x00, 0x00, 0x00, 0x00, 0x0f, 0xf9,
    0x00, 0x00, 0x00, 0x00, 0x09, 0xff, 0xe9, 0x62, 0x00, 0x00, 0x00, 0x8f, 0xff, 0xff, 0xf9, 0x10,
    0x00, 0x00, 0x47, 0xae, 0xff, 0xc0, 0x00, 0x00, 0x00, 0x00, 0x6f, 0xf3, 0x02, 0x00, 0x00, 0x00,
    0x1f, 0xf5, 0x0e, 0xd7, 0x31, 0x13, 0xbf, 0xf1, 0x3f, 0xff, 0xff, 0xff, 0xff, 0x60, 0x01, 0x7c,
    0xef, 0xfe, 0xa3, 0x00, 0x00, 0x00, 0x00, 0x02, 0xef, 0xb1, 0x00, 0x00, 0x00, 0x00, 0x03, 0xff,
    0x70, 0x00, 0x00, 0x00, 0x00, 0x04, 0xfe, 0x30, 0x00, 0x00, 0x00, 0x00, 0x00, 0x00, 0x00, 0x00,
    0x00, 0x00, 0xdf, 0xff, 0xff, 0xff, 0xff, 0xff, 0xfc, 0x0d, 0xff, 0xff, 0xff, 0xff, 0xff, 0xff,
    0xb0, 0x01, 0x11, 0x11, 0x11, 0x11, 0xcf, 0xf2, 0x00, 0x00, 0x00, 0x00, 0x00, 0x9f, 0xf4, 0x00,
    0x00, 0x00, 0x00, 0x00, 0x6f, 0xf8, 0x00, 0x00, 0x00, 0x00, 0x00, 0x3f, 0xfb, 0x00, 0x00, 0x00,
    0x00, 0x00, 0x1e, 0xfe, 0x10, 0x00, 0x00, 0x00, 0x00, 0x0b, 0xff, 0x30, 0x00, 0x00, 0x00, 0x00,
    0x08, 0xff, 0x50, 0x00, 0x00, 0x00, 0x00, 0x05, 0xff, 0x90, 0x00, 0x00, 0x00, 0x00, 0x02, 0xff,
    0xc0, 0x00, 0x00, 0x00, 0x00, 0x01, 0xdf, 0xe1, 0x00, 0x00, 0x00, 0x00, 0x00, 0xaf, 0xf3, 0x00,
    0x00, 0x00, 0x00, 0x00, 0x7f, 0xf6, 0x00, 0x00, 0x00, 0x00, 0x00, 0x4f, 0xfa, 0x11, 0x11, 0x11,
    0x11, 0x11, 0x0e, 0xff, 0xff, 0xff, 0xff, 0xff, 0xff, 0xf1, 0xff, 0xff, 0xff, 0xff, 0xff, 0xff,
    0xff, 0x10, 0x00, 0x00, 0x00, 0x1c, 0xfd, 0x30, 0x00, 0x00, 0x01, 0xdf, 0xa1, 0x00, 0x00, 0x00,
    0x2e, 0xf6, 0x00, 0x00, 0x00, 0x00, 0x00, 0x00, 0x00, 0x00, 0x00, 0x00, 0x00, 0x00, 0x00, 0x00,
    0x0e, 0xff, 0xff, 0xff, 0xff, 0xf7, 0x0e, 0xff, 0xff, 0xff, 0xff, 0xf6, 0x00, 0x11, 0x11, 0x11,
    0xef, 0xb0, 0x00, 0x00, 0x00, 0x0b, 0xfe, 0x10, 0x00, 0x00, 0x00, 0x8f, 0xf3, 0x00, 0x00, 0x00,
    0x05, 0xff, 0x50, 0x00, 0x00, 0x00, 0x3f, 0xf8, 0x00, 0x00, 0x00, 0x01, 0xef, 0xb0, 0x00, 0x00,
    0x00, 0x0b, 0xfd, 0x10, 0x00, 0x00, 0x00, 0x8f, 0xf2, 0x00, 0x00, 0x00, 0x05, 0xff, 0x51, 0x11,
    0x11, 0x10, 0x0f, 0xff, 0xff, 0xff, 0xff, 0xfa, 0x1f, 0xff, 0xff, 0xff, 0xff, 0xfa, 0x00, 0x00,
    0x01, 0xbc, 0x20, 0x00, 0x00, 0x00, 0x00, 0x00, 0x5f, 0xf7, 0x00, 0x00, 0x00, 0x00, 0x00, 0x01,
    0xde, 0x30, 0x00, 0x00, 0x00, 0x00, 0x00, 0x00, 0x00, 0x00, 0x00, 0x00, 0x00, 0x00, 0x00, 0x00,
    0x00, 0x00, 0x00, 0x0d, 0xff, 0xff, 0xff, 0xff, 0xff, 0xff, 0xc0, 0xdf, 0xff, 0xff, 0xff, 0xff,
    0xff, 0xfb, 0x00, 0x11, 0x11, 0x11, 0x11, 0x1c, 0xff, 0x20, 0x00, 0x00, 0x00, 0x00, 0x09, 0xff,
    0x40, 0x00, 0x00, 0x00, 0x00, 0x06, 0xff, 0x80, 0x00, 0x00, 0x00, 0x00, 0x03, 0xff, 0xb0, 0x00,
    0x00, 0x00, 0x00, 0x01, 0xef, 0xe1, 0x00, 0x00, 0x00, 0x00, 0x00, 0xbf, 0xf3, 0x00, 0x00, 0x00,
    0x00, 0x00, 0x8f, 0xf5, 0x00, 0x00, 0x00, 0x00, 0x00, 0x5f, 0xf9, 0x00, 0x00, 0x00, 0x00, 0x00,
    0x2f, 0xfc, 0x00, 0x00, 0x00, 0x00, 0x00, 0x1d, 0xfe, 0x10, 0x00, 0x00, 0x00, 0x00, 0x0a, 0xff,
    0x30, 0x00, 0x00, 0x00, 0x00, 0x07, 0xff, 0x60, 0x00, 0x00, 0x00, 0x00, 0x04, 0xff, 0xa1, 0x11,
    0x11, 0x11, 0x11, 0x10, 0xef, 0xff, 0xff, 0xff, 0xff, 0xff, 0xff, 0x1f, 0xff, 0xff, 0xff, 0xff,
    0xff, 0xff, 0xf1, 0x00, 0x00, 0x09, 0xd4, 0x00, 0x00, 0x00, 0x00, 0x1f, 0xfa, 0x00, 0x00, 0x00,
    0x00, 0x0b, 0xf5, 0x00, 0x00, 0x00, 0x00, 0x00, 0x00, 0x00, 0x00, 0x00, 0x00, 0x00, 0x00, 0x00,
    0x00, 0x0e, 0xff, 0xff, 0xff, 0xff, 0xf7, 0x0e, 0xff, 0xff, 0xff, 0xff, 0xf6, 0x00, 0x11, 0x11,
    0x11, 0xef, 0xb0, 0x00, 0x00, 0x00, 0x0b, 0xfe, 0x10, 0x00, 0x00, 0x00, 0x8f, 0xf3, 0x00, 0x00,
    0x00, 0x05, 0xff, 0x50, 0x00, 0x00, 0x00, 0x3f, 0xf8, 0x00, 0x00, 0x00, 0x01, 0xef, 0xb0, 0x00,
    0x00, 0x00, 0x0b, 0xfd, 0x10, 0x00, 0x00, 0x00, 0x8f, 0xf2, 0x00, 0x00, 0x00, 0x05, 0xff, 0x51,
    0x11, 0x11, 0x10, 0x0f, 0xff, 0xff, 0xff, 0xff, 0xfa, 0x1f, 0xff, 0xff, 0xff, 0xff, 0xfa,
};
static const lv_font_fmt_txt_glyph_dsc_t pl24_glyph_dsc[] = {
    {.bitmap_index = 0, .adv_w = 0, .box_w = 0, .box_h = 0, .ofs_x = 0, .ofs_y = 0},  /* id 0 */
    {.bitmap_index = 0, .adv_w = 320, .box_w = 18, .box_h = 21, .ofs_x = 1, .ofs_y = 0},  /* U+00D3 */
    {.bitmap_index = 189, .adv_w = 240, .box_w = 14, .box_h = 18, .ofs_x = 1, .ofs_y = 0},  /* U+00F3 */
    {.bitmap_index = 315, .adv_w = 288, .box_w = 18, .box_h = 23, .ofs_x = 0, .ofs_y = -6},  /* U+0104 */
    {.bitmap_index = 522, .adv_w = 224, .box_w = 12, .box_h = 19, .ofs_x = 1, .ofs_y = -6},  /* U+0105 */
    {.bitmap_index = 636, .adv_w = 272, .box_w = 16, .box_h = 21, .ofs_x = 1, .ofs_y = 0},  /* U+0106 */
    {.bitmap_index = 804, .adv_w = 224, .box_w = 12, .box_h = 18, .ofs_x = 1, .ofs_y = 0},  /* U+0107 */
    {.bitmap_index = 912, .adv_w = 256, .box_w = 14, .box_h = 23, .ofs_x = 2, .ofs_y = -6},  /* U+0118 */
    {.bitmap_index = 1073, .adv_w = 240, .box_w = 13, .box_h = 19, .ofs_x = 1, .ofs_y = -6},  /* U+0119 */
    {.bitmap_index = 1197, .adv_w = 224, .box_w = 15, .box_h = 17, .ofs_x = 0, .ofs_y = 0},  /* U+0141 */
    {.bitmap_index = 1325, .adv_w = 112, .box_w = 7, .box_h = 18, .ofs_x = 0, .ofs_y = 0},  /* U+0142 */
    {.bitmap_index = 1388, .adv_w = 304, .box_w = 15, .box_h = 21, .ofs_x = 2, .ofs_y = 0},  /* U+0143 */
    {.bitmap_index = 1546, .adv_w = 256, .box_w = 13, .box_h = 18, .ofs_x = 2, .ofs_y = 0},  /* U+0144 */
    {.bitmap_index = 1663, .adv_w = 240, .box_w = 13, .box_h = 21, .ofs_x = 1, .ofs_y = 0},  /* U+015A */
    {.bitmap_index = 1800, .adv_w = 192, .box_w = 12, .box_h = 18, .ofs_x = 0, .ofs_y = 0},  /* U+015B */
    {.bitmap_index = 1908, .adv_w = 256, .box_w = 15, .box_h = 21, .ofs_x = 1, .ofs_y = 0},  /* U+0179 */
    {.bitmap_index = 2066, .adv_w = 208, .box_w = 12, .box_h = 18, .ofs_x = 0, .ofs_y = 0},  /* U+017A */
    {.bitmap_index = 2174, .adv_w = 256, .box_w = 15, .box_h = 22, .ofs_x = 1, .ofs_y = 0},  /* U+017B */
    {.bitmap_index = 2339, .adv_w = 208, .box_w = 12, .box_h = 18, .ofs_x = 0, .ofs_y = 0},  /* U+017C */
};
static const uint16_t pl24_unicode_list[] = { 0x0, 0x20, 0x31, 0x32, 0x33, 0x34, 0x45, 0x46, 0x6e, 0x6f, 0x70, 0x71, 0x87, 0x88, 0xa6, 0xa7, 0xa8, 0xa9 };
static const lv_font_fmt_txt_cmap_t pl24_cmaps[] = {
    { .range_start = 0xd3, .range_length = 170, .glyph_id_start = 1, .unicode_list = pl24_unicode_list,
      .glyph_id_ofs_list = NULL, .list_length = 18, .type = LV_FONT_FMT_TXT_CMAP_SPARSE_TINY },
};
static const lv_font_fmt_txt_dsc_t pl24_dsc = {
    .glyph_bitmap = pl24_bitmap, .glyph_dsc = pl24_glyph_dsc, .cmaps = pl24_cmaps, .kern_dsc = NULL,
    .kern_scale = 0, .cmap_num = 1, .bpp = 4, .kern_classes = 0, .bitmap_format = 0,
};
const lv_font_t console_font_pl_24 = {
    .get_glyph_dsc = lv_font_get_glyph_dsc_fmt_txt, .get_glyph_bitmap = lv_font_get_bitmap_fmt_txt,
    .line_height = 27, .base_line = 5, .subpx = LV_FONT_SUBPX_NONE, .underline_position = -1,
    .underline_thickness = 1, .dsc = &pl24_dsc, .fallback = &lv_font_montserrat_24,
};

/* ---------------------------------------------------------------- 28 px */
static LV_ATTRIBUTE_LARGE_CONST const uint8_t pl28_bitmap[] = {
    0x00, 0x00, 0x00, 0x00, 0x00, 0x00, 0x68, 0x85, 0x00, 0x00, 0x00, 0x00, 0x00, 0x00, 0x00, 0x00,
    0x09, 0xff, 0x90, 0x00, 0x00, 0x00, 0x00, 0x00, 0x00, 0x00, 0x00, 0xaf, 0xf5, 0x00, 0x00, 0x00,
    0x00, 0x00, 0x00, 0x00, 0x00, 0x1c, 0xfc, 0x20, 0x00, 0x00, 0x00, 0x00, 0x00, 0x00, 0x00, 0x00,
    0x00, 0x00, 0x00, 0x00, 0x00, 0x00, 0x00, 0x00, 0x00, 0x00, 0x39, 0xcf, 0xff, 0xeb, 0x61, 0x00,
    0x00, 0x00, 0x00, 0x00, 0x2b, 0xff, 0xff, 0xff, 0xff, 0xff, 0x70, 0x00, 0x00, 0x00, 0x05, 0xff,
    0xff, 0xb8, 0x67, 0x9e, 0xff, 0xfc, 0x10, 0x00, 0x00, 0x5f, 0xff, 0xa2, 0x00, 0x00, 0x00, 0x5e,
    0xff, 0xc1, 0x00, 0x02, 0xff, 0xf7, 0x00, 0x00, 0x00, 0x00, 0x02, 0xdf, 0xf9, 0x00, 0x0a, 0xff,
    0x90, 0x00, 0x00, 0x00, 0x00, 0x00, 0x2f, 0xff, 0x20, 0x1f, 0xff, 0x10, 0x00, 0x00, 0x00, 0x00,
    0x00, 0x07, 0xff, 0x90, 0x6f, 0xf9, 0x00, 0x00, 0x00, 0x00, 0x00, 0x00, 0x01, 0xff, 0xe0, 0x9f,
    0xf5, 0x00, 0x00, 0x00, 0x00, 0x00, 0x00, 0x00, 0xdf, 0xf1, 0xaf, 0xf3, 0x00, 0x00, 0x00, 0x00,
    0x00, 0x00, 0x00, 0xbf, 0xf2, 0xaf, 0xf3, 0x00, 0x00, 0x00, 0x00, 0x00, 0x00, 0x00, 0xbf, 0xf2,
    0x9f, 0xf5, 0x00, 0x00, 0x00, 0x00, 0x00, 0x00, 0x00, 0xdf, 0xf1, 0x6f, 0xf9, 0x00, 0x00, 0x00,
    0x00, 0x00, 0x00, 0x01, 0xff, 0xe0, 0x1f, 0xff, 0x10, 0x00, 0x00, 0x00, 0x00, 0x00, 0x07, 0xff,
    0x90, 0x0a, 0xff, 0x90, 0x00, 0x00, 0x00, 0x00, 0x00, 0x2f, 0xff, 0x20, 0x02, 0xff, 0xf7, 0x00,
    0x00, 0x00, 0x00, 0x01, 0xdf, 0xf9, 0x00, 0x00, 0x5f, 0xff, 0xa2, 0x00, 0x00, 0x00, 0x5e, 0xff,
    0xd1, 0x00, 0x00, 0x05, 0xff, 0xff, 0xb8, 0x67, 0x9e, 0xff, 0xfc, 0x10, 0x00, 0x00, 0x00, 0x2b,
    0xff, 0xff, 0xff, 0xff, 0xff, 0x70, 0x00, 0x00, 0x00, 0x00, 0x00, 0x39, 0xcf, 0xff, 0xeb, 0x61,
    0x00, 0x00, 0x00, 0x00, 0x00, 0x00, 0x00, 0x05, 0x88, 0x50, 0x00, 0x00, 0x00, 0x00, 0x00, 0x8f,
    0xfa, 0x10, 0x00, 0x00, 0x00, 0x00, 0x09, 0xff, 0x60, 0x00, 0x00, 0x00, 0x00, 0x00, 0xaf, 0xd2,
    0x00, 0x00, 0x00, 0x00, 0x00, 0x00, 0x00, 0x00, 0x00, 0x00, 0x00, 0x00, 0x00, 0x00, 0x00, 0x00,
    0x00, 0x00, 0x00, 0x00, 0x00, 0x4a, 0xdf, 0xfd, 0x93, 0x00, 0x00, 0x00, 0x2c, 0xff, 0xff, 0xff,
    0xff, 0x90, 0x00, 0x01, 0xef, 0xff, 0x97, 0x7a, 0xff, 0xfc, 0x00, 0x0c, 0xff, 0xa1, 0x00, 0x00,
    0x2d, 0xff, 0x80, 0x3f, 0xfc, 0x00, 0x00, 0x00, 0x01, 0xff, 0xf1, 0x9f, 0xf4, 0x00, 0x00, 0x00,
    0x00, 0x8f, 0xf5, 0xbf, 0xf0, 0x00, 0x00, 0x00, 0x00, 0x4f, 0xf8, 0xdf, 0xf0, 0x00, 0x00, 0x00,
    0x00, 0x2f, 0xf9, 0xbf, 0xf0, 0x00, 0x00, 0x00, 0x00, 0x4f, 0xf8, 0x9f, 0xf5, 0x00, 0x00, 0x00,
    0x00, 0x8f, 0xf5, 0x3f, 0xfc, 0x00, 0x00, 0x00, 0x02, 0xff, 0xf1, 0x0b, 0xff, 0xa1, 0x00, 0x00,
    0x2d, 0xff, 0x80, 0x01, 0xef, 0xff, 0x97, 0x7a, 0xff, 0xfb, 0x00, 0x00, 0x1b, 0xff, 0xff, 0xff,
    0xff, 0x90, 0x00, 0x00, 0x00, 0x4a, 0xdf, 0xfd, 0x93, 0x00, 0x00, 0x00, 0x00, 0x00, 0x00, 0x6f,
    0xfd, 0x00, 0x00, 0x00, 0x00, 0x00, 0x00, 0x00, 0x00, 0x0d, 0xff, 0xf5, 0x00, 0x00, 0x00, 0x00,
    0x00, 0x00, 0x00, 0x04, 0xff, 0xff, 0xc0, 0x00, 0x00, 0x00, 0x00, 0x00, 0x00, 0x00, 0xbf, 0xfa,
    0xff, 0x30, 0x00, 0x00, 0x00, 0x00, 0x00, 0x00, 0x3f, 0xf9, 0x2f, 0xfa, 0x00, 0x00, 0x00, 0x00,
    0x00, 0x00, 0x0a, 0xff, 0x20, 0xbf, 0xf2, 0x00, 0x00, 0x00, 0x00, 0x00, 0x01, 0xff, 0xb0, 0x04,
    0xff, 0x80, 0x00, 0x00, 0x00, 0x00, 0x00, 0x8f, 0xf4, 0x00, 0x0d, 0xff, 0x10, 0x00, 0x00, 0x00,
    0x00, 0x0e, 0xfd, 0x00, 0x00, 0x6f, 0xf7, 0x00, 0x00, 0x00, 0x00, 0x06, 0xff, 0x60, 0x00, 0x01,
    0xff, 0xe0, 0x00, 0x00, 0x00, 0x00, 0xdf, 0xf1, 0x00, 0x00, 0x08, 0xff, 0x50, 0x00, 0x00, 0x00,
    0x4f, 0xf8, 0x00, 0x00, 0x00, 0x2f, 0xfc, 0x00, 0x00, 0x00, 0x0b, 0xff, 0x64, 0x44, 0x44, 0x44,
    0xcf, 0xf3, 0x00, 0x00, 0x02, 0xff, 0xff, 0xff, 0xff, 0xff, 0xff, 0xff, 0xa0, 0x00, 0x00, 0xaf,
    0xff, 0xff, 0xff, 0xff, 0xff, 0xff, 0xff, 0x20, 0x00, 0x1f, 0xfd, 0x00, 0x00, 0x00, 0x00, 0x00,
    0x6f, 0xf8, 0x00, 0x08, 0xff, 0x60, 0x00, 0x00, 0x00, 0x00, 0x00, 0xff, 0xf1, 0x00, 0xef, 0xf0,
    0x00, 0x00, 0x00, 0x00, 0x00, 0x08, 0xff, 0x70, 0x6f, 0xf8, 0x00, 0x00, 0x00, 0x00, 0x00, 0x00,
    0x2f, 0xff, 0x0d, 0xff, 0x20, 0x00, 0x00, 0x00, 0x00, 0x00, 0x00, 0xff, 0xf8, 0x00, 0x00, 0x00,
    0x00, 0x00, 0x00, 0x00, 0x00, 0xaf, 0xa1, 0x00, 0x00, 0x00, 0x00, 0x00, 0x00, 0x00, 0x00, 0x5f,
    0xa0, 0x00, 0x00, 0x00, 0x00, 0x00, 0x00, 0x00, 0x00, 0x0a, 0xf4, 0x00, 0x00, 0x00, 0x00, 0x00,
    0x00, 0x00, 0x00, 0x00, 0xbf, 0x80, 0x02, 0x00, 0x00, 0x00, 0x00, 0x00, 0x00, 0x00, 0x06, 0xff,
    0xff, 0xe0, 0x00, 0x00, 0x00, 0x00, 0x00, 0x00, 0x00, 0x06, 0xdf, 0xe9, 0x00, 0x17, 0xbe, 0xff,
    0xea, 0x40, 0x00, 0x08, 0xff, 0xff, 0xff, 0xff, 0xf9, 0x00, 0x0d, 0xff, 0xa7, 0x67, 0xbf, 0xff,
    0x70, 0x04, 0x71, 0x00, 0x00, 0x03, 0xff, 0xe0, 0x00, 0x00, 0x00, 0x00, 0x00, 0x9f, 0xf3, 0x00,
    0x00, 0x00, 0x00, 0x00, 0x6f, 0xf4, 0x00, 0x3a, 0xef, 0xff, 0xff, 0xff, 0xf5, 0x07, 0xff, 0xff,
    0xff, 0xff, 0xff, 0xf5, 0x2f, 0xff, 0xb7, 0x66, 0x66, 0xaf, 0xf5, 0x8f, 0xf6, 0x00, 0x00, 0x00,
    0x6f, 0xf5, 0x9f, 0xf2, 0x00, 0x00, 0x00, 0x9f, 0xf5, 0x7f, 0xf7, 0x00, 0x00, 0x06, 0xff, 0xf5,
    0x2f, 0xff, 0xb7, 0x68, 0xdf, 0xff, 0xf5, 0x06, 0xff, 0xff, 0xff, 0xfe, 0x6f, 0xf5, 0x00, 0x3a,
    0xef, 0xfd, 0x82, 0xef, 0xf6, 0x00, 0x00, 0x00, 0x00, 0x1d, 0xf8, 0x00, 0x00, 0x00, 0x00, 0x00,
    0x8f, 0x70, 0x00, 0x00, 0x00, 0x00, 0x00, 0xef, 0x10, 0x00, 0x00, 0x00, 0x00, 0x00, 0xef, 0x50,
    0x02, 0x00, 0x00, 0x00, 0x00, 0x9f, 0xfe, 0xfb, 0x00, 0x00, 0x00, 0x00, 0x08, 0xef, 0xd7, 0x00,
    0x00, 0x00, 0x00, 0x00, 0x01, 0x88, 0x82, 0x00, 0x00, 0x00, 0x00, 0x00, 0x00, 0x01, 0xdf, 0xf5,
    0x00, 0x00, 0x00, 0x00, 0x00, 0x00, 0x02, 0xdf, 0xd2, 0x00, 0x00, 0x00, 0x00, 0x00, 0x00, 0x03,
    0xef, 0x90, 0x00, 0x00, 0x00, 0x00, 0x00, 0x00, 0x00, 0x00, 0x00, 0x00, 0x00, 0x00, 0x00, 0x00,
    0x00, 0x03, 0x9c, 0xff, 0xfd, 0xa5, 0x00, 0x00, 0x00, 0x00, 0x3c, 0xff, 0xff, 0xff, 0xff, 0xfe,
    0x50, 0x00, 0x00, 0x5f, 0xff, 0xfc, 0x86, 0x79, 0xef, 0xff, 0x80, 0x00, 0x5f, 0xff, 0xa2, 0x00,
    0x00, 0x00, 0x6f, 0xfc, 0x10, 0x2f, 0xff, 0x70, 0x00, 0x00, 0x00, 0x00, 0x3a, 0x10, 0x0a, 0xff,
    0x90, 0x00, 0x00, 0x00, 0x00, 0x00, 0x00, 0x01, 0xff, 0xf1, 0x00, 0x00, 0x00, 0x00, 0x00, 0x00,
    0x00, 0x6f, 0xf9, 0x00, 0x00, 0x00, 0x00, 0x00, 0x00, 0x00, 0x09, 0xff, 0x50, 0x00, 0x00, 0x00,
    0x00, 0x00, 0x00, 0x00, 0xaf, 0xf3, 0x00, 0x00, 0x00, 0x00, 0x00, 0x00, 0x00, 0x0a, 0xff, 0x30,
    0x00, 0x00, 0x00, 0x00, 0x00, 0x00, 0x00, 0x9f, 0xf5, 0x00, 0x00, 0x00, 0x00, 0x00, 0x00, 0x00,
    0x06, 0xff, 0x90, 0x00, 0x00, 0x00, 0x00, 0x00, 0x00, 0x00, 0x1f, 0xff, 0x10, 0x00, 0x00, 0x00,
    0x00, 0x00, 0x00, 0x00, 0xaf, 0xf9, 0x00, 0x00, 0x00, 0x00, 0x00, 0x00, 0x00, 0x02, 0xff, 0xf7,
    0x00, 0x00, 0x00, 0x00, 0x01, 0x70, 0x00, 0x05, 0xff, 0xfa, 0x20, 0x00, 0x00, 0x05, 0xef, 0xa0,
    0x00, 0x05, 0xff, 0xff, 0xb8, 0x67, 0x9d, 0xff, 0xfa, 0x00, 0x00, 0x03, 0xcf, 0xff, 0xff, 0xff,
    0xff, 0xf7, 0x00, 0x00, 0x00, 0x00, 0x39, 0xdf, 0xff, 0xea, 0x61, 0x00, 0x00, 0x00, 0x00, 0x00,
    0x00, 0x18, 0x88, 0x20, 0x00, 0x00, 0x00, 0x01, 0xdf, 0xf5, 0x00, 0x00, 0x00, 0x00, 0x2e, 0xfd,
    0x20, 0x00, 0x00, 0x00, 0x03, 0xef, 0x90, 0x00, 0x00, 0x00, 0x00, 0x00, 0x00, 0x00, 0x00, 0x00,
    0x00, 0x00, 0x00, 0x00, 0x00, 0x00, 0x00, 0x00, 0x00, 0x4a, 0xdf, 0xfd, 0x93, 0x00, 0x00, 0x1b,
    0xff, 0xff, 0xff, 0xff, 0x90, 0x01, 0xef, 0xff, 0x97, 0x7a, 0xff, 0xf9, 0x0b, 0xff, 0xa1, 0x00,
    0x00, 0x2d, 0xf8, 0x3f, 0xfc, 0x00, 0x00, 0x00, 0x01, 0x30, 0x9f, 0xf4, 0x00, 0x00, 0x00, 0x00,
    0x00, 0xbf, 0xf0, 0x00, 0x00, 0x00, 0x00, 0x00, 0xdf, 0xf0, 0x00, 0x00, 0x00, 0x00, 0x00, 0xbf,
    0xf0, 0x00, 0x00, 0x00, 0x00, 0x00, 0x9f, 0xf4, 0x00, 0x00, 0x00, 0x00, 0x00, 0x3f, 0xfc, 0x00,
    0x00, 0x00, 0x01, 0x30, 0x0b, 0xff, 0xa1, 0x00, 0x00, 0x2d, 0xf8, 0x01, 0xef, 0xff, 0x97, 0x7a,
    0xff, 0xf9, 0x00, 0x1b, 0xff, 0xff, 0xff, 0xff, 0x90, 0x00, 0x00, 0x4a, 0xdf, 0xfd, 0x93, 0x00,
    0x1f, 0xff, 0xff, 0xff, 0xff, 0xff, 0xff, 0xc0, 0x1f, 0xff, 0xff, 0xff, 0xff, 0xff, 0xff, 0xc0,
    0x1f, 0xfd, 0x66, 0x66, 0x66, 0x66, 0x66, 0x40, 0x1f, 0xfc, 0x00, 0x00, 0x00, 0x00, 0x00, 0x00,
    0x1f, 0xfc, 0x00, 0x00, 0x00, 0x00, 0x00, 0x00, 0x1f, 0xfc, 0x00, 0x00, 0x00, 0x00, 0x00, 0x00,
    0x1f, 0xfc, 0x00, 0x00, 0x00, 0x00, 0x00, 0x00, 0x1f, 0xfc, 0x00, 0x00, 0x00, 0x00, 0x00, 0x00,
    0x1f, 0xfc, 0x00, 0x00, 0x00, 0x00, 0x00, 0x00, 0x1f, 0xff, 0xff, 0xff, 0xff, 0xff, 0xf9, 0x00,
    0x1f, 0xff, 0xff, 0xff, 0xff, 0xff, 0xf9, 0x00, 0x1f, 0xfd, 0x66, 0x66, 0x66, 0x66, 0x63, 0x00,
    0x1f, 0xfc, 0x00, 0x00, 0x00, 0x00, 0x00, 0x00, 0x1f, 0xfc, 0x00, 0x00, 0x00, 0x00, 0x00, 0x00,
    0x1f, 0xfc, 0x00, 0x00, 0x00, 0x00, 0x00, 0x00, 0x1f, 0xfc, 0x00, 0x00, 0x00, 0x00, 0x00, 0x00,
    0x1f, 0xfc, 0x00, 0x00, 0x00, 0x00, 0x00, 0x00, 0x1f, 0xfd, 0x66, 0x66, 0x66, 0x66, 0x66, 0x61,
    0x1f, 0xff, 0xff, 0xff, 0xff, 0xff, 0xff, 0xf3, 0x1f, 0xff, 0xff, 0xff, 0xff, 0xff, 0xff, 0xf3,
    0x00, 0x00, 0x00, 0x00, 0x00, 0x2e, 0xf6, 0x00, 0x00, 0x00, 0x00, 0x00, 0x00, 0xbf, 0x40, 0x00,
    0x00, 0x00, 0x00, 0x00, 0x00, 0xfe, 0x00, 0x00, 0x00, 0x00, 0x00, 0x00, 0x01, 0xff, 0x30, 0x11,
    0x00, 0x00, 0x00, 0x00, 0x00, 0xbf, 0xfe, 0xf9, 0x00, 0x00, 0x00, 0x00, 0x00, 0x1a, 0xef, 0xd5,
    0x00, 0x00, 0x5b, 0xef, 0xec, 0x71, 0x00, 0x00, 0x02, 0xdf, 0xff, 0xff, 0xff, 0xe4, 0x00, 0x02,
    0xff, 0xfc, 0x86, 0x7b, 0xff, 0xf3, 0x00, 0xcf, 0xf5, 0x00, 0x00, 0x03, 0xef, 0xe1, 0x3f, 0xf7,
    0x00, 0x00, 0x00, 0x03, 0xff, 0x69, 0xff, 0x00, 0x00, 0x00, 0x00, 0x0c, 0xfb, 0xbf, 0xff, 0xff,
    0xff, 0xff, 0xff, 0xff, 0xdd, 0xff, 0xff, 0xff, 0xff, 0xff, 0xff, 0xff, 0xbf, 0xf6, 0x66, 0x66,
    0x66, 0x66, 0x66, 0x59, 0xff, 0x30, 0x00, 0x00, 0x00, 0x00, 0x00, 0x3f, 0xfb, 0x00, 0x00, 0x00,
    0x00, 0x00, 0x00, 0xbf, 0xfa, 0x10, 0x00, 0x00, 0x4e, 0x20, 0x01, 0xef, 0xff, 0xa7, 0x68, 0xcf,
    0xfc, 0x00, 0x01, 0xbf, 0xff, 0xff, 0xff, 0xfd, 0x20, 0x00, 0x00, 0x4a, 0xdf, 0xff, 0xfc, 0x10,
    0x00, 0x00, 0x00, 0x00, 0x04, 0xfc, 0x10, 0x00, 0x00, 0x00, 0x00, 0x00, 0xdf, 0x20, 0x00, 0x00,
    0x00, 0x00, 0x00, 0x1f, 0xd0, 0x00, 0x00, 0x00, 0x00, 0x00, 0x01, 0xff, 0x20, 0x11, 0x00, 0x00,
    0x00, 0x00, 0x0c, 0xff, 0xef, 0x80, 0x00, 0x00, 0x00, 0x00, 0x1a, 0xef, 0xc5, 0x00, 0x00, 0x0e,
    0xff, 0x00, 0x00, 0x00, 0x00, 0x00, 0x00, 0x00, 0xef, 0xf0, 0x00, 0x00, 0x00, 0x00, 0x00, 0x00,
    0x0e, 0xff, 0x00, 0x00, 0x00, 0x00, 0x00, 0x00, 0x00, 0xef, 0xf0, 0x00, 0x00, 0x00, 0x00, 0x00,
    0x00, 0x0e, 0xff, 0x00, 0x22, 0x00, 0x00, 0x00, 0x00, 0x00, 0xef, 0xf0, 0x5f, 0xd1, 0x00, 0x00,
    0x00, 0x00, 0x0e, 0xff, 0x8f, 0xfb, 0x10, 0x00, 0x00, 0x00, 0x00, 0xef, 0xff, 0xf8, 0x00, 0x00,
    0x00, 0x00, 0x00, 0x0f, 0xff, 0xe4, 0x00, 0x00, 0x00, 0x00, 0x00, 0x08, 0xff, 0xf1, 0x00, 0x00,
    0x00, 0x00, 0x00, 0x1b, 0xff, 0xff, 0x00, 0x00, 0x00, 0x00, 0x00, 0x08, 0xff, 0xff, 0xf0, 0x00,
    0x00, 0x00, 0x00, 0x00, 0x09, 0x2e, 0xff, 0x00, 0x00, 0x00, 0x00, 0x00, 0x00, 0x00, 0xef, 0xf0,
    0x00, 0x00, 0x00, 0x00, 0x00, 0x00, 0x0e, 0xff, 0x00, 0x00, 0x00, 0x00, 0x00, 0x00, 0x00, 0xef,
    0xf0, 0x00, 0x00, 0x00, 0x00, 0x00, 0x00, 0x0e, 0xff, 0x00, 0x00, 0x00, 0x00, 0x00, 0x00, 0x00,
    0xef, 0xf7, 0x77, 0x77, 0x77, 0x77, 0x74, 0x00, 0x0e, 0xff, 0xff, 0xff, 0xff, 0xff, 0xff, 0x90,
    0x00, 0xef, 0xff, 0xff, 0xff, 0xff, 0xff, 0xf9, 0x00, 0x04, 0xff, 0x70, 0x00, 0x00, 0x04, 0xff,
    0x70, 0x00, 0x00, 0x04, 0xff, 0x70, 0x00, 0x00, 0x04, 0xff, 0x70, 0x00, 0x00, 0x04, 0xff, 0x70,
    0x00, 0x00, 0x04, 0xff, 0x70, 0x00, 0x00, 0x04, 0xff, 0x70, 0x00, 0x00, 0x04, 0xff, 0x71, 0x20,
    0x00, 0x04, 0xff, 0xae, 0xe1, 0x00, 0x04, 0xff, 0xff, 0xd2, 0x00, 0x04, 0xff, 0xfa, 0x10, 0x00,
    0x2f, 0xff, 0xd0, 0x00, 0x05, 0xff, 0xff, 0x70, 0x00, 0x1e, 0xfe, 0xff, 0x70, 0x00, 0x04, 0x74,
    0xff, 0x70, 0x00, 0x00, 0x04, 0xff, 0x70, 0x00, 0x00, 0x04, 0xff, 0x70, 0x00, 0x00, 0x04, 0xff,
    0x70, 0x00, 0x00, 0x04, 0xff, 0x70, 0x00, 0x00, 0x04, 0xff, 0x70, 0x00, 0x00, 0x04, 0xff, 0x70,
    0x00, 0x00, 0x00, 0x00, 0x00, 0x00, 0x28, 0x88, 0x10, 0x00, 0x00, 0x00, 0x00, 0x00, 0x03, 0xef,
    0xe4, 0x00, 0x00, 0x00, 0x00, 0x00, 0x00, 0x3f, 0xfb, 0x10, 0x00, 0x00, 0x00, 0x00, 0x00, 0x04,
    0xff, 0x70, 0x00, 0x00, 0x00, 0x00, 0x00, 0x00, 0x00, 0x00, 0x00, 0x00, 0x00, 0x00, 0x1f, 0xfa,
    0x00, 0x00, 0x00, 0x00, 0x00, 0x0f, 0xfd, 0x1f, 0xff, 0x70, 0x00, 0x00, 0x00, 0x00, 0x0f, 0xfd,
    0x1f, 0xff, 0xf4, 0x00, 0x00, 0x00, 0x00, 0x0f, 0xfd, 0x1f, 0xff, 0xfe, 0x10, 0x00, 0x00, 0x00,
    0x0f, 0xfd, 0x1f, 0xff, 0xff, 0xc0, 0x00, 0x00, 0x00, 0x0f, 0xfd, 0x1f, 0xfd, 0xef, 0xf9, 0x00,
    0x00, 0x00, 0x0f, 0xfd, 0x1f, 0xfc, 0x4f, 0xff, 0x60, 0x00, 0x00, 0x0f, 0xfd, 0x1f, 0xfc, 0x07,
    0xff, 0xf3, 0x00, 0x00, 0x0f, 0xfd, 0x1f, 0xfc, 0x00, 0xaf, 0xfe, 0x10, 0x00, 0x0f, 0xfd, 0x1f,
    0xfc, 0x00, 0x0d, 0xff, 0xb0, 0x00, 0x0f, 0xfd, 0x1f, 0xfc, 0x00, 0x02, 0xff, 0xf8, 0x00, 0x0f,
    0xfd, 0x1f, 0xfc, 0x00, 0x00, 0x4f, 0xff, 0x50, 0x0f, 0xfd, 0x1f, 0xfc, 0x00, 0x00, 0x07, 0xff,
    0xf2, 0x0f, 0xfd, 0x1f, 0xfc, 0x00, 0x00, 0x00, 0xaf, 0xfd, 0x1f, 0xfd, 0x1f, 0xfc, 0x00, 0x00,
    0x00, 0x1d, 0xff, 0xaf, 0xfd, 0x1f, 0xfc, 0x00, 0x00, 0x00, 0x02, 0xff, 0xff, 0xfd, 0x1f, 0xfc,
    0x00, 0x00, 0x00, 0x00, 0x5f, 0xff, 0xfd, 0x1f, 0xfc, 0x00, 0x00, 0x00, 0x00, 0x08, 0xff, 0xfd,
    0x1f, 0xfc, 0x00, 0x00, 0x00, 0x00, 0x00, 0xbf, 0xfd, 0x1f, 0xfc, 0x00, 0x00, 0x00, 0x00, 0x00,
    0x1d, 0xfd, 0x00, 0x00, 0x00, 0x00, 0x07, 0x88, 0x30, 0x00, 0x00, 0x00, 0x00, 0x1c, 0xff, 0x70,
    0x00, 0x00, 0x00, 0x00, 0x1d, 0xfe, 0x30, 0x00, 0x00, 0x00, 0x00, 0x2d, 0xfa, 0x10, 0x00, 0x00,
    0x00, 0x00, 0x00, 0x00, 0x00, 0x00, 0x00, 0x00, 0x00, 0x00, 0x00, 0x00, 0x00, 0x00, 0x00, 0x7f,
    0xf2, 0x17, 0xcf, 0xff, 0xb6, 0x00, 0x07, 0xff, 0x4e, 0xff, 0xff, 0xff, 0xfb, 0x10, 0x7f, 0xff,
    0xfe, 0x96, 0x7a, 0xff, 0xfa, 0x07, 0xff, 0xfb, 0x10, 0x00, 0x03, 0xff, 0xf2, 0x7f, 0xfe, 0x00,
    0x00, 0x00, 0x07, 0xff, 0x77, 0xff, 0x80, 0x00, 0x00, 0x00, 0x3f, 0xf9, 0x7f, 0xf5, 0x00, 0x00,
    0x00, 0x01, 0xff, 0xa7, 0xff, 0x40, 0x00, 0x00, 0x00, 0x1f, 0xfa, 0x7f, 0xf4, 0x00, 0x00, 0x00,
    0x01, 0xff, 0xa7, 0xff, 0x40, 0x00, 0x00, 0x00, 0x1f, 0xfa, 0x7f, 0xf4, 0x00, 0x00, 0x00, 0x01,
    0xff, 0xa7, 0xff, 0x40, 0x00, 0x00, 0x00, 0x1f, 0xfa, 0x7f, 0xf4, 0x00, 0x00, 0x00, 0x01, 0xff,
    0xa7, 0xff, 0x40, 0x00, 0x00, 0x00, 0x1f, 0xfa, 0x7f, 0xf4, 0x00, 0x00, 0x00, 0x01, 0xff, 0xa0,
    0x00, 0x00, 0x00, 0x00, 0x04, 0x88, 0x60, 0x00, 0x00, 0x00, 0x00, 0x00, 0x6f, 0xfb, 0x10, 0x00,
    0x00, 0x00, 0x00, 0x07, 0xff, 0x70, 0x00, 0x00, 0x00, 0x00, 0x00, 0x8f, 0xe4, 0x00, 0x00, 0x00,
    0x00, 0x00, 0x00, 0x00, 0x00, 0x00, 0x00, 0x00, 0x00, 0x01, 0x6b, 0xef, 0xff, 0xc9, 0x30, 0x00,
    0x00, 0x5e, 0xff, 0xff, 0xff, 0xff, 0xfd, 0x20, 0x05, 0xff, 0xfc, 0x86, 0x68, 0xcf, 0xff, 0x20,
    0x0e, 0xff, 0x50, 0x00, 0x00, 0x02, 0x9c, 0x00, 0x4f, 0xf9, 0x00, 0x00, 0x00, 0x00, 0x00, 0x00,
    0x5f, 0xf7, 0x00, 0x00, 0x00, 0x00, 0x00, 0x00, 0x4f, 0xfb, 0x00, 0x00, 0x00, 0x00, 0x00, 0x00,
    0x1f, 0xff, 0x91, 0x00, 0x00, 0x00, 0x00, 0x00, 0x06, 0xff, 0xff, 0xb7, 0x30, 0x00, 0x00, 0x00,
    0x00, 0x6f, 0xff, 0xff, 0xfe, 0xa5, 0x00, 0x00, 0x00, 0x01, 0x7c, 0xff, 0xff, 0xff, 0xd4, 0x00,
    0x00, 0x00, 0x00, 0x14, 0x8d, 0xff, 0xff, 0x40, 0x00, 0x00, 0x00, 0x00, 0x00, 0x3c, 0xff, 0xd0,
    0x00, 0x00, 0x00, 0x00, 0x00, 0x00, 0xdf, 0xf2, 0x00, 0x00, 0x00, 0x00, 0x00, 0x00, 0x9f, 0xf3,
    0x05, 0x00, 0x00, 0x00, 0x00, 0x00, 0xbf, 0xf1, 0x6f, 0xb3, 0x00, 0x00, 0x00, 0x06, 0xff, 0xc0,
    0xaf, 0xff, 0xea, 0x76, 0x68, 0xdf, 0xff, 0x30, 0x08, 0xff, 0xff, 0xff, 0xff, 0xff, 0xe4, 0x00,
    0x00, 0x16, 0xad, 0xff, 0xfe, 0xb6, 0x00, 0x00, 0x00, 0x00, 0x00, 0x00, 0x58, 0x86, 0x00, 0x00,
    0x00, 0x00, 0x07, 0xff, 0xb1, 0x00, 0x00, 0x00, 0x00, 0x8f, 0xf7, 0x00, 0x00, 0x00, 0x00, 0x0a,
    0xfe, 0x30, 0x00, 0x00, 0x00, 0x00, 0x00, 0x00, 0x00, 0x00, 0x00, 0x00, 0x00, 0x00, 0x00, 0x00,
    0x00, 0x00, 0x00, 0x03, 0x9d, 0xff, 0xfc, 0x94, 0x00, 0x00, 0x8f, 0xff, 0xff, 0xff, 0xff, 0x80,
    0x05, 0xff, 0xfa, 0x76, 0x7a, 0xff, 0x30, 0x0c, 0xff, 0x30, 0x00, 0x00, 0x15, 0x00, 0x0d, 0xfe,
    0x00, 0x00, 0x00, 0x00, 0x00, 0x0b, 0xff, 0x70, 0x00, 0x00, 0x00, 0x00, 0x04, 0xff, 0xff, 0xb8,
    0x51, 0x00, 0x00, 0x00, 0x4d, 0xff, 0xff, 0xff, 0xd5, 0x00, 0x00, 0x00, 0x36, 0x9c, 0xff, 0xff,
    0x70, 0x00, 0x00, 0x00, 0x00, 0x06, 0xff, 0xf1, 0x00, 0x00, 0x00, 0x00, 0x00, 0x8f, 0xf3, 0x06,
    0x71, 0x00, 0x00, 0x00, 0xcf, 0xf2, 0x1e, 0xff, 0xb8, 0x66, 0x8d, 0xff, 0xb0, 0x2c, 0xff, 0xff,
    0xff, 0xff, 0xfc, 0x10, 0x00, 0x39, 0xcf, 0xff, 0xeb, 0x50, 0x00, 0x00, 0x00, 0x00, 0x00, 0x01,
    0x88, 0x82, 0x00, 0x00, 0x00, 0x00, 0x00, 0x02, 0xef, 0xf4, 0x00, 0x00, 0x00, 0x00, 0x00, 0x03,
    0xef, 0xc2, 0x00, 0x00, 0x00, 0x00, 0x00, 0x03, 0xff, 0x80, 0x00, 0x00, 0x00, 0x00, 0x00, 0x00,
    0x00, 0x00, 0x00, 0x00, 0x00, 0x0a, 0xff, 0xff, 0xff, 0xff, 0xff, 0xff, 0xff, 0xf4, 0xaf, 0xff,
    0xff, 0xff, 0xff, 0xff, 0xff, 0xff, 0x33, 0x66, 0x66, 0x66, 0x66, 0x66, 0x6d, 0xff, 0xb0, 0x00,
    0x00, 0x00, 0x00, 0x00, 0x06, 0xff, 0xe1, 0x00, 0x00, 0x00, 0x00, 0x00, 0x03, 0xff, 0xf3, 0x00,
    0x00, 0x00, 0x00, 0x00, 0x01, 0xef, 0xf6, 0x00, 0x00, 0x00, 0x00, 0x00, 0x00, 0xbf, 0xfa, 0x00,
    0x00, 0x00, 0x00, 0x00, 0x00, 0x8f, 0xfd, 0x00, 0x00, 0x00, 0x00, 0x00, 0x00, 0x4f, 0xff, 0x20,
    0x00, 0x00, 0x00, 0x00, 0x00, 0x2f, 0xff, 0x50, 0x00, 0x00, 0x00, 0x00, 0x00, 0x0d, 0xff, 0x80,
    0x00, 0x00, 0x00, 0x00, 0x00, 0x09, 0xff, 0xb0, 0x00, 0x00, 0x00, 0x00, 0x00, 0x06, 0xff, 0xe1,
    0x00, 0x00, 0x00, 0x00, 0x00, 0x03, 0xff, 0xf3, 0x00, 0x00, 0x00, 0x00, 0x00, 0x01, 0xef, 0xf6,
    0x00, 0x00, 0x00, 0x00, 0x00, 0x00, 0xbf, 0xfa, 0x00, 0x00, 0x00, 0x00, 0x00, 0x00, 0x8f, 0xfd,
    0x10, 0x00, 0x00, 0x00, 0x00, 0x00, 0x4f, 0xff, 0x86, 0x66, 0x66, 0x66, 0x66, 0x66, 0x3d, 0xff,
    0xff, 0xff, 0xff, 0xff, 0xff, 0xff, 0xf9, 0xdf, 0xff, 0xff, 0xff, 0xff, 0xff, 0xff, 0xff, 0x90,
    0x00, 0x00, 0x00, 0x02, 0x88, 0x81, 0x00, 0x00, 0x00, 0x03, 0xef, 0xe4, 0x00, 0x00, 0x00, 0x03,
    0xff, 0xb1, 0x00, 0x00, 0x00, 0x04, 0xff, 0x70, 0x00, 0x00, 0x00, 0x00, 0x00, 0x00, 0x00, 0x00,
    0x00, 0x00, 0x00, 0x00, 0x00, 0x00, 0x00, 0xcf, 0xff, 0xff, 0xff, 0xff, 0xff, 0x5c, 0xff, 0xff,
    0xff, 0xff, 0xff, 0xf5, 0x46, 0x66, 0x66, 0x66, 0xaf, 0xfd, 0x10, 0x00, 0x00, 0x00, 0x2f, 0xfe,
    0x20, 0x00, 0x00, 0x00, 0x1d, 0xff, 0x40, 0x00, 0x00, 0x00, 0x0a, 0xff, 0x60, 0x00, 0x00, 0x00,
    0x08, 0xff, 0x90, 0x00, 0x00, 0x00, 0x05, 0xff, 0xc0, 0x00, 0x00, 0x00, 0x02, 0xff, 0xe1, 0x00,
    0x00, 0x00, 0x01, 0xef, 0xf3, 0x00, 0x00, 0x00, 0x00, 0xbf, 0xf5, 0x00, 0x00, 0x00, 0x00, 0x9f,
    0xf8, 0x00, 0x00, 0x00, 0x00, 0x6f, 0xfe, 0x66, 0x66, 0x66, 0x66, 0x3e, 0xff, 0xff, 0xff, 0xff,
    0xff, 0xf9, 0xef, 0xff, 0xff, 0xff, 0xff, 0xff, 0x90, 0x00, 0x00, 0x00, 0x0b, 0xf9, 0x00, 0x00,
    0x00, 0x00, 0x00, 0x00, 0x03, 0xff, 0xf0, 0x00, 0x00, 0x00, 0x00, 0x00, 0x00, 0x0b, 0xf9, 0x00,
    0x00, 0x00, 0x00, 0x00, 0x00, 0x00, 0x00, 0x00, 0x00, 0x00, 0x00, 0x00, 0x00, 0x00, 0x00, 0x00,
    0x00, 0x00, 0x00, 0x0a, 0xff, 0xff, 0xff, 0xff, 0xff, 0xff, 0xff, 0xf4, 0xaf, 0xff, 0xff, 0xff,
    0xff, 0xff, 0xff, 0xff, 0x33, 0x66, 0x66, 0x66, 0x66, 0x66, 0x6d, 0xff, 0xb0, 0x00, 0x00, 0x00,
    0x00, 0x00, 0x06, 0xff, 0xe1, 0x00, 0x00, 0x00, 0x00, 0x00, 0x03, 0xff, 0xf3, 0x00, 0x00, 0x00,
    0x00, 0x00, 0x01, 0xef, 0xf6, 0x00, 0x00, 0x00, 0x00, 0x00, 0x00, 0xbf, 0xfa, 0x00, 0x00, 0x00,
    0x00, 0x00, 0x00, 0x8f, 0xfd, 0x00, 0x00, 0x00, 0x00, 0x00, 0x00, 0x4f, 0xff, 0x20, 0x00, 0x00,
    0x00, 0x00, 0x00, 0x2f, 0xff, 0x50, 0x00, 0x00, 0x00, 0x00, 0x00, 0x0d, 0xff, 0x80, 0x00, 0x00,
    0x00, 0x00, 0x00, 0x09, 0xff, 0xb0, 0x00, 0x00, 0x00, 0x00, 0x00, 0x06, 0xff, 0xe1, 0x00, 0x00,
    0x00, 0x00, 0x00, 0x03, 0xff, 0xf3, 0x00, 0x00, 0x00, 0x00, 0x00, 0x01, 0xef, 0xf6, 0x00, 0x00,
    0x00, 0x00, 0x00, 0x00, 0xbf, 0xfa, 0x00, 0x00, 0x00, 0x00, 0x00, 0x00, 0x8f, 0xfd, 0x10, 0x00,
    0x00, 0x00, 0x00, 0x00, 0x4f, 0xff, 0x86, 0x66, 0x66, 0x66, 0x66, 0x66, 0x3d, 0xff, 0xff, 0xff,
    0xff, 0xff, 0xff, 0xff, 0xf9, 0xdf, 0xff, 0xff, 0xff, 0xff, 0xff, 0xff, 0xff, 0x90, 0x00, 0x00,
    0x1c, 0xf8, 0x00, 0x00, 0x00, 0x00, 0x04, 0xff, 0xf0, 0x00, 0x00, 0x00, 0x00, 0x1c, 0xf8, 0x00,
    0x00, 0x00, 0x00, 0x00, 0x00, 0x00, 0x00, 0x00, 0x00, 0x00, 0x00, 0x00, 0x00, 0x00, 0x00, 0x00,
    0x00, 0x00, 0x00, 0x00, 0x00, 0xcf, 0xff, 0xff, 0xff, 0xff, 0xff, 0x5c, 0xff, 0xff, 0xff, 0xff,
    0xff, 0xf5, 0x46, 0x66, 0x66, 0x66, 0xaf, 0xfd, 0x10, 0x00, 0x00, 0x00, 0x2f, 0xfe, 0x20, 0x00,
    0x00, 0x00, 0x1d, 0xff, 0x40, 0x00, 0x00, 0x00, 0x0a, 0xff, 0x60, 0x00, 0x00, 0x00, 0x08, 0xff,
    0x90, 0x00, 0x00, 0x00, 0x05, 0xff, 0xc0, 0x00, 0x00, 0x00, 0x02, 0xff, 0xe1, 0x00, 0x00, 0x00,
    0x01, 0xef, 0xf3, 0x00, 0x00, 0x00, 0x00, 0xbf, 0xf5, 0x00, 0x00, 0x00, 0x00, 0x9f, 0xf8, 0x00,
    0x00, 0x00, 0x00, 0x6f, 0xfe, 0x66, 0x66, 0x66, 0x66, 0x3e, 0xff, 0xff, 0xff, 0xff, 0xff, 0xf9,
    0xef, 0xff, 0xff, 0xff, 0xff, 0xff, 0x90,
};
static const lv_font_fmt_txt_glyph_dsc_t pl28_glyph_dsc[] = {
    {.bitmap_index = 0, .adv_w = 0, .box_w = 0, .box_h = 0, .ofs_x = 0, .ofs_y = 0},  /* id 0 */
    {.bitmap_index = 0, .adv_w = 384, .box_w = 22, .box_h = 25, .ofs_x = 1, .ofs_y = 0},  /* U+00D3 */
    {.bitmap_index = 275, .adv_w = 288, .box_w = 16, .box_h = 21, .ofs_x = 1, .ofs_y = 0},  /* U+00F3 */
    {.bitmap_index = 443, .adv_w = 336, .box_w = 21, .box_h = 26, .ofs_x = 0, .ofs_y = -6},  /* U+0104 */
    {.bitmap_index = 716, .adv_w = 272, .box_w = 14, .box_h = 21, .ofs_x = 1, .ofs_y = -6},  /* U+0105 */
    {.bitmap_index = 863, .adv_w = 320, .box_w = 19, .box_h = 25, .ofs_x = 1, .ofs_y = 0},  /* U+0106 */
    {.bitmap_index = 1101, .adv_w = 256, .box_w = 14, .box_h = 21, .ofs_x = 1, .ofs_y = 0},  /* U+0107 */
    {.bitmap_index = 1248, .adv_w = 304, .box_w = 16, .box_h = 26, .ofs_x = 2, .ofs_y = -6},  /* U+0118 */
    {.bitmap_index = 1456, .adv_w = 272, .box_w = 15, .box_h = 21, .ofs_x = 1, .ofs_y = -6},  /* U+0119 */
    {.bitmap_index = 1614, .adv_w = 272, .box_w = 17, .box_h = 20, .ofs_x = 0, .ofs_y = 0},  /* U+0141 */
    {.bitmap_index = 1784, .adv_w = 128, .box_w = 10, .box_h = 21, .ofs_x = -1, .ofs_y = 0},  /* U+0142 */
    {.bitmap_index = 1889, .adv_w = 368, .box_w = 18, .box_h = 25, .ofs_x = 2, .ofs_y = 0},  /* U+0143 */
    {.bitmap_index = 2114, .adv_w = 304, .box_w = 15, .box_h = 21, .ofs_x = 2, .ofs_y = 0},  /* U+0144 */
    {.bitmap_index = 2272, .adv_w = 272, .box_w = 16, .box_h = 25, .ofs_x = 1, .ofs_y = 0},  /* U+015A */
    {.bitmap_index = 2472, .adv_w = 224, .box_w = 14, .box_h = 21, .ofs_x = 0, .ofs_y = 0},  /* U+015B */
    {.bitmap_index = 2619, .adv_w = 288, .box_w = 17, .box_h = 25, .ofs_x = 1, .ofs_y = 0},  /* U+0179 */
    {.bitmap_index = 2832, .adv_w = 240, .box_w = 13, .box_h = 21, .ofs_x = 1, .ofs_y = 0},  /* U+017A */
    {.bitmap_index = 2969, .adv_w = 288, .box_w = 17, .box_h = 25, .ofs_x = 1, .ofs_y = 0},  /* U+017B */
    {.bitmap_index = 3182, .adv_w = 240, .box_w = 13, .box_h = 21, .ofs_x = 1, .ofs_y = 0},  /* U+017C */
};
static const uint16_t pl28_unicode_list[] = { 0x0, 0x20, 0x31, 0x32, 0x33, 0x34, 0x45, 0x46, 0x6e, 0x6f, 0x70, 0x71, 0x87, 0x88, 0xa6, 0xa7, 0xa8, 0xa9 };
static const lv_font_fmt_txt_cmap_t pl28_cmaps[] = {
    { .range_start = 0xd3, .range_length = 170, .glyph_id_start = 1, .unicode_list = pl28_unicode_list,
      .glyph_id_ofs_list = NULL, .list_length = 18, .type = LV_FONT_FMT_TXT_CMAP_SPARSE_TINY },
};
static const lv_font_fmt_txt_dsc_t pl28_dsc = {
    .glyph_bitmap = pl28_bitmap, .glyph_dsc = pl28_glyph_dsc, .cmaps = pl28_cmaps, .kern_dsc = NULL,
    .kern_scale = 0, .cmap_num = 1, .bpp = 4, .kern_classes = 0, .bitmap_format = 0,
};
const lv_font_t console_font_pl_28 = {
    .get_glyph_dsc = lv_font_get_glyph_dsc_fmt_txt, .get_glyph_bitmap = lv_font_get_bitmap_fmt_txt,
    .line_height = 30, .base_line = 5, .subpx = LV_FONT_SUBPX_NONE, .underline_position = -1,
    .underline_thickness = 1, .dsc = &pl28_dsc, .fallback = &lv_font_montserrat_28,
};

/* ---------------------------------------------------------------- 32 px */
static LV_ATTRIBUTE_LARGE_CONST const uint8_t pl32_bitmap[] = {
    0x00, 0x00, 0x00, 0x00, 0x00, 0x00, 0x03, 0xff, 0xfa, 0x10, 0x00, 0x00, 0x00, 0x00, 0x00, 0x00,
    0x00, 0x00, 0x04, 0xff, 0xf6, 0x00, 0x00, 0x00, 0x00, 0x00, 0x00, 0x00, 0x00, 0x00, 0x05, 0xff,
    0xd2, 0x00, 0x00, 0x00, 0x00, 0x00, 0x00, 0x00, 0x00, 0x00, 0x06, 0xff, 0xa1, 0x00, 0x00, 0x00,
    0x00, 0x00, 0x00, 0x00, 0x00, 0x00, 0x00, 0x00, 0x00, 0x00, 0x00, 0x00, 0x00, 0x00, 0x00, 0x00,
    0x00, 0x00, 0x00, 0x00, 0x00, 0x00, 0x00, 0x00, 0x00, 0x00, 0x00, 0x00, 0x00, 0x00, 0x02, 0x7b,
    0xef, 0xff, 0xdb, 0x61, 0x00, 0x00, 0x00, 0x00, 0x00, 0x00, 0x2a, 0xff, 0xff, 0xff, 0xff, 0xff,
    0xf9, 0x10, 0x00, 0x00, 0x00, 0x00, 0x5f, 0xff, 0xff, 0xec, 0xbc, 0xef, 0xff, 0xff, 0x40, 0x00,
    0x00, 0x00, 0x7f, 0xff, 0xf9, 0x20, 0x00, 0x00, 0x39, 0xff, 0xff, 0x50, 0x00, 0x00, 0x5f, 0xff,
    0xd3, 0x00, 0x00, 0x00, 0x00, 0x04, 0xef, 0xff, 0x30, 0x00, 0x1f, 0xff, 0xd1, 0x00, 0x00, 0x00,
    0x00, 0x00, 0x01, 0xef, 0xfd, 0x00, 0x08, 0xff, 0xf2, 0x00, 0x00, 0x00, 0x00, 0x00, 0x00, 0x04,
    0xff, 0xf6, 0x00, 0xef, 0xf8, 0x00, 0x00, 0x00, 0x00, 0x00, 0x00, 0x00, 0x0a, 0xff, 0xc0, 0x3f,
    0xff, 0x20, 0x00, 0x00, 0x00, 0x00, 0x00, 0x00, 0x00, 0x4f, 0xff, 0x16, 0xff, 0xe0, 0x00, 0x00,
    0x00, 0x00, 0x00, 0x00, 0x00, 0x00, 0xff, 0xf4, 0x7f, 0xfc, 0x00, 0x00, 0x00, 0x00, 0x00, 0x00,
    0x00, 0x00, 0x0e, 0xff, 0x57, 0xff, 0xc0, 0x00, 0x00, 0x00, 0x00, 0x00, 0x00, 0x00, 0x00, 0xef,
    0xf5, 0x6f, 0xfe, 0x00, 0x00, 0x00, 0x00, 0x00, 0x00, 0x00, 0x00, 0x0f, 0xff, 0x43, 0xff, 0xf2,
    0x00, 0x00, 0x00, 0x00, 0x00, 0x00, 0x00, 0x04, 0xff, 0xf1, 0x0e, 0xff, 0x80, 0x00, 0x00, 0x00,
    0x00, 0x00, 0x00, 0x00, 0xaf, 0xfc, 0x00, 0x8f, 0xff, 0x20, 0x00, 0x00, 0x00, 0x00, 0x00, 0x00,
    0x3f, 0xff, 0x60, 0x01, 0xff, 0xfd, 0x10, 0x00, 0x00, 0x00, 0x00, 0x00, 0x1e, 0xff, 0xd0, 0x00,
    0x05, 0xff, 0xfd, 0x30, 0x00, 0x00, 0x00, 0x00, 0x3e, 0xff, 0xf3, 0x00, 0x00, 0x07, 0xff, 0xff,
    0x82, 0x00, 0x00, 0x03, 0x9f, 0xff, 0xf5, 0x00, 0x00, 0x00, 0x05, 0xff, 0xff, 0xfe, 0xcb, 0xce,
    0xff, 0xff, 0xf4, 0x00, 0x00, 0x00, 0x00, 0x02, 0xaf, 0xff, 0xff, 0xff, 0xff, 0xff, 0x91, 0x00,
    0x00, 0x00, 0x00, 0x00, 0x00, 0x27, 0xbe, 0xff, 0xfe, 0xb6, 0x10, 0x00, 0x00, 0x00, 0x00, 0x00,
    0x00, 0x00, 0x00, 0x7f, 0xff, 0x60, 0x00, 0x00, 0x00, 0x00, 0x00, 0x08, 0xff, 0xd3, 0x00, 0x00,
    0x00, 0x00, 0x00, 0x00, 0xaf, 0xfa, 0x10, 0x00, 0x00, 0x00, 0x00, 0x00, 0x0b, 0xff, 0x60, 0x00,
    0x00, 0x00, 0x00, 0x00, 0x00, 0x00, 0x00, 0x00, 0x00, 0x00, 0x00, 0x00, 0x00, 0x00, 0x00, 0x00,
    0x00, 0x00, 0x00, 0x00, 0x00, 0x00, 0x05, 0xae, 0xff, 0xec, 0x71, 0x00, 0x00, 0x00, 0x02, 0xdf,
    0xff, 0xff, 0xff, 0xff, 0x50, 0x00, 0x00, 0x4f, 0xff, 0xff, 0xcb, 0xdf, 0xff, 0xf8, 0x00, 0x02,
    0xff, 0xfe, 0x50, 0x00, 0x03, 0xbf, 0xff, 0x60, 0x0c, 0xff, 0xe1, 0x00, 0x00, 0x00, 0x09, 0xff,
    0xf1, 0x2f, 0xff, 0x30, 0x00, 0x00, 0x00, 0x00, 0xef, 0xf7, 0x7f, 0xfd, 0x00, 0x00, 0x00, 0x00,
    0x00, 0x7f, 0xfc, 0x9f, 0xf9, 0x00, 0x00, 0x00, 0x00, 0x00, 0x4f, 0xfe, 0xaf, 0xf8, 0x00, 0x00,
    0x00, 0x00, 0x00, 0x2f, 0xff, 0x9f, 0xf9, 0x00, 0x00, 0x00, 0x00, 0x00, 0x4f, 0xfe, 0x7f, 0xfd,
    0x00, 0x00, 0x00, 0x00, 0x00, 0x7f, 0xfc, 0x2f, 0xff, 0x40, 0x00, 0x00, 0x00, 0x00, 0xef, 0xf7,
    0x0b, 0xff, 0xe1, 0x00, 0x00, 0x00, 0x0a, 0xff, 0xf1, 0x02, 0xff, 0xfe, 0x50, 0x00, 0x03, 0xbf,
    0xff, 0x50, 0x00, 0x4f, 0xff, 0xff, 0xcb, 0xdf, 0xff, 0xf8, 0x00, 0x00, 0x02, 0xdf, 0xff, 0xff,
    0xff, 0xff, 0x50, 0x00, 0x00, 0x00, 0x05, 0xae, 0xff, 0xfc, 0x71, 0x00, 0x00, 0x00, 0x00, 0x00,
    0x00, 0x02, 0xff, 0xf8, 0x00, 0x00, 0x00, 0x00, 0x00, 0x00, 0x00, 0x00, 0x00, 0x00, 0x9f, 0xff,
    0xf1, 0x00, 0x00, 0x00, 0x00, 0x00, 0x00, 0x00, 0x00, 0x00, 0x1f, 0xff, 0xff, 0x70, 0x00, 0x00,
    0x00, 0x00, 0x00, 0x00, 0x00, 0x00, 0x08, 0xff, 0xcf, 0xfe, 0x00, 0x00, 0x00, 0x00, 0x00, 0x00,
    0x00, 0x00, 0x01, 0xff, 0xf2, 0xcf, 0xf6, 0x00, 0x00, 0x00, 0x00, 0x00, 0x00, 0x00, 0x00, 0x7f,
    0xfb, 0x05, 0xff, 0xd0, 0x00, 0x00, 0x00, 0x00, 0x00, 0x00, 0x00, 0x0e, 0xff, 0x40, 0x0e, 0xff,
    0x50, 0x00, 0x00, 0x00, 0x00, 0x00, 0x00, 0x06, 0xff, 0xc0, 0x00, 0x7f, 0xfc, 0x00, 0x00, 0x00,
    0x00, 0x00, 0x00, 0x00, 0xdf, 0xf5, 0x00, 0x01, 0xff, 0xf3, 0x00, 0x00, 0x00, 0x00, 0x00, 0x00,
    0x4f, 0xfe, 0x00, 0x00, 0x08, 0xff, 0xb0, 0x00, 0x00, 0x00, 0x00, 0x00, 0x0c, 0xff, 0x70, 0x00,
    0x00, 0x1f, 0xff, 0x20, 0x00, 0x00, 0x00, 0x00, 0x03, 0xff, 0xf1, 0x00, 0x00, 0x00, 0xaf, 0xfa,
    0x00, 0x00, 0x00, 0x00, 0x00, 0xbf, 0xf8, 0x00, 0x00, 0x00, 0x03, 0xff, 0xf1, 0x00, 0x00, 0x00,
    0x00, 0x2f, 0xff, 0x20, 0x00, 0x00, 0x00, 0x0b, 0xff, 0x80, 0x00, 0x00, 0x00, 0x09, 0xff, 0xff,
    0xff, 0xff, 0xff, 0xff, 0xff, 0xff, 0x10, 0x00, 0x00, 0x01, 0xff, 0xff, 0xff, 0xff, 0xff, 0xff,
    0xff, 0xff, 0xf7, 0x00, 0x00, 0x00, 0x8f, 0xfd, 0x99, 0x99, 0x99, 0x99, 0x99, 0x9b, 0xff, 0xe0,
    0x00, 0x00, 0x1f, 0xff, 0x50, 0x00, 0x00, 0x00, 0x00, 0x00, 0x1f, 0xff, 0x60, 0x00, 0x07, 0xff,
    0xd0, 0x00, 0x00, 0x00, 0x00, 0x00, 0x00, 0x8f, 0xfd, 0x00, 0x00, 0xef, 0xf6, 0x00, 0x00, 0x00,
    0x00, 0x00, 0x00, 0x01, 0xff, 0xf5, 0x00, 0x6f, 0xff, 0x10, 0x00, 0x00, 0x00, 0x00, 0x00, 0x00,
    0x09, 0xff, 0xd0, 0x0d, 0xff, 0x80, 0x00, 0x00, 0x00, 0x00, 0x00, 0x00, 0x00, 0x3f, 0xff, 0x60,
    0x00, 0x00, 0x00, 0x00, 0x00, 0x00, 0x00, 0x00, 0x00, 0x1d, 0xfd, 0x50, 0x00, 0x00, 0x00, 0x00,
    0x00, 0x00, 0x00, 0x00, 0x00, 0x0c, 0xfb, 0x10, 0x00, 0x00, 0x00, 0x00, 0x00, 0x00, 0x00, 0x00,
    0x00, 0x05, 0xff, 0x10, 0x00, 0x00, 0x00, 0x00, 0x00, 0x00, 0x00, 0x00, 0x00, 0x00, 0x8f, 0xb0,
    0x00, 0x00, 0x00, 0x00, 0x00, 0x00, 0x00, 0x00, 0x00, 0x00, 0x07, 0xff, 0x30, 0x03, 0x00, 0x00,
    0x00, 0x00, 0x00, 0x00, 0x00, 0x00, 0x00, 0x2f, 0xff, 0xef, 0xe0, 0x00, 0x00, 0x00, 0x00, 0x00,
    0x00, 0x00, 0x00, 0x00, 0x2b, 0xef, 0xe9, 0x10, 0x00, 0x02, 0x8b, 0xef, 0xfe, 0xc7, 0x10, 0x00,
    0x02, 0xbf, 0xff, 0xff, 0xff, 0xff, 0xe4, 0x00, 0x0b, 0xff, 0xff, 0xcb, 0xce, 0xff, 0xff, 0x30,
    0x03, 0xfb, 0x40, 0x00, 0x00, 0x4e, 0xff, 0xb0, 0x00, 0x20, 0x00, 0x00, 0x00, 0x03, 0xff, 0xf1,
    0x00, 0x00, 0x00, 0x00, 0x00, 0x00, 0xdf, 0xf4, 0x00, 0x00, 0x00, 0x00, 0x00, 0x00, 0xcf, 0xf5,
    0x00, 0x06, 0xbe, 0xff, 0xff, 0xff, 0xff, 0xf6, 0x01, 0xdf, 0xff, 0xff, 0xff, 0xff, 0xff, 0xf6,
    0x0c, 0xff, 0xff, 0xcb, 0xbb, 0xbb, 0xff, 0xf6, 0x3f, 0xff, 0x60, 0x00, 0x00, 0x00, 0xcf, 0xf6,
    0x6f, 0xfc, 0x00, 0x00, 0x00, 0x00, 0xcf, 0xf6, 0x6f, 0xfc, 0x00, 0x00, 0x00, 0x04, 0xff, 0xf6,
    0x2f, 0xff, 0x81, 0x00, 0x01, 0x7f, 0xff, 0xf6, 0x0b, 0xff, 0xff, 0xcb, 0xdf, 0xff, 0xdf, 0xf6,
    0x01, 0xcf, 0xff, 0xff, 0xff, 0xf6, 0x9f, 0xf6, 0x00, 0x05, 0xbe, 0xff, 0xd9, 0x31, 0xff, 0xf7,
    0x00, 0x00, 0x00, 0x00, 0x00, 0x2e, 0xfd, 0x40, 0x00, 0x00, 0x00, 0x00, 0x01, 0xef, 0x90, 0x00,
    0x00, 0x00, 0x00, 0x00, 0x06, 0xfd, 0x00, 0x00, 0x00, 0x00, 0x00, 0x00, 0x0a, 0xfa, 0x00, 0x00,
    0x00, 0x00, 0x00, 0x00, 0x09, 0xfe, 0x20, 0x02, 0x00, 0x00, 0x00, 0x00, 0x03, 0xff, 0xfe, 0xfd,
    0x00, 0x00, 0x00, 0x00, 0x00, 0x3b, 0xff, 0xd8, 0x00, 0x00, 0x00, 0x00, 0x00, 0x00, 0x07, 0xff,
    0xf6, 0x00, 0x00, 0x00, 0x00, 0x00, 0x00, 0x00, 0x08, 0xff, 0xd3, 0x00, 0x00, 0x00, 0x00, 0x00,
    0x00, 0x00, 0x0a, 0xff, 0xa1, 0x00, 0x00, 0x00, 0x00, 0x00, 0x00, 0x00, 0x0b, 0xff, 0x60, 0x00,
    0x00, 0x00, 0x00, 0x00, 0x00, 0x00, 0x00, 0x00, 0x00, 0x00, 0x00, 0x00, 0x00, 0x00, 0x00, 0x00,
    0x00, 0x00, 0x00, 0x00, 0x00, 0x00, 0x00, 0x00, 0x00, 0x00, 0x02, 0x7b, 0xef, 0xfe, 0xda, 0x51,
    0x00, 0x00, 0x00, 0x00, 0x2a, 0xff, 0xff, 0xff, 0xff, 0xff, 0xf7, 0x10, 0x00, 0x00, 0x6f, 0xff,
    0xff, 0xec, 0xbc, 0xef, 0xff, 0xfd, 0x20, 0x00, 0x7f, 0xff, 0xf9, 0x20, 0x00, 0x00, 0x3a, 0xff,
    0xfa, 0x00, 0x5f, 0xff, 0xd3, 0x00, 0x00, 0x00, 0x00, 0x03, 0xeb, 0x00, 0x1f, 0xff, 0xd1, 0x00,
    0x00, 0x00, 0x00, 0x00, 0x02, 0x00, 0x08, 0xff, 0xf2, 0x00, 0x00, 0x00, 0x00, 0x00, 0x00, 0x00,
    0x00, 0xef, 0xf8, 0x00, 0x00, 0x00, 0x00, 0x00, 0x00, 0x00, 0x00, 0x3f, 0xff, 0x20, 0x00, 0x00,
    0x00, 0x00, 0x00, 0x00, 0x00, 0x06, 0xff, 0xe0, 0x00, 0x00, 0x00, 0x00, 0x00, 0x00, 0x00, 0x00,
    0x7f, 0xfc, 0x00, 0x00, 0x00, 0x00, 0x00, 0x00, 0x00, 0x00, 0x07, 0xff, 0xc0, 0x00, 0x00, 0x00,
    0x00, 0x00, 0x00, 0x00, 0x00, 0x6f, 0xfe, 0x00, 0x00, 0x00, 0x00, 0x00, 0x00, 0x00, 0x00, 0x03,
    0xff, 0xf2, 0x00, 0x00, 0x00, 0x00, 0x00, 0x00, 0x00, 0x00, 0x0e, 0xff, 0x80, 0x00, 0x00, 0x00,
    0x00, 0x00, 0x00, 0x00, 0x00, 0x8f, 0xff, 0x20, 0x00, 0x00, 0x00, 0x00, 0x00, 0x00, 0x00, 0x01,
    0xff, 0xfd, 0x10, 0x00, 0x00, 0x00, 0x00, 0x00, 0x10, 0x00, 0x05, 0xff, 0xfd, 0x30, 0x00, 0x00,
    0x00, 0x00, 0x3e, 0xa0, 0x00, 0x07, 0xff, 0xff, 0x92, 0x00, 0x00, 0x03, 0xaf, 0xff, 0xa0, 0x00,
    0x06, 0xff, 0xff, 0xfe, 0xcb, 0xce, 0xff, 0xff, 0xd2, 0x00, 0x00, 0x02, 0xaf, 0xff, 0xff, 0xff,
    0xff, 0xff, 0x81, 0x00, 0x00, 0x00, 0x00, 0x27, 0xbe, 0xff, 0xfd, 0xa6, 0x10, 0x00, 0x00, 0x00,
    0x00, 0x00, 0x01, 0xdf, 0xfc, 0x20, 0x00, 0x00, 0x00, 0x00, 0x02, 0xef, 0xf8, 0x00, 0x00, 0x00,
    0x00, 0x00, 0x03, 0xef, 0xf4, 0x00, 0x00, 0x00, 0x00, 0x00, 0x04, 0xff, 0xc2, 0x00, 0x00, 0x00,
    0x00, 0x00, 0x00, 0x00, 0x00, 0x00, 0x00, 0x00, 0x00, 0x00, 0x00, 0x00, 0x00, 0x00, 0x00, 0x00,
    0x00, 0x00, 0x00, 0x04, 0xad, 0xff, 0xeb, 0x61, 0x00, 0x00, 0x00, 0x2c, 0xff, 0xff, 0xff, 0xff,
    0xe4, 0x00, 0x00, 0x4f, 0xff, 0xff, 0xcb, 0xdf, 0xff, 0xf5, 0x00, 0x2f, 0xff, 0xe5, 0x00, 0x00,
    0x2c, 0xff, 0xf1, 0x0b, 0xff, 0xe1, 0x00, 0x00, 0x00, 0x0b, 0xd3, 0x02, 0xff, 0xf3, 0x00, 0x00,
    0x00, 0x00, 0x10, 0x00, 0x7f, 0xfd, 0x00, 0x00, 0x00, 0x00, 0x00, 0x00, 0x09, 0xff, 0x90, 0x00,
    0x00, 0x00, 0x00, 0x00, 0x00, 0xaf, 0xf8, 0x00, 0x00, 0x00, 0x00, 0x00, 0x00, 0x09, 0xff, 0x90,
    0x00, 0x00, 0x00, 0x00, 0x00, 0x00, 0x7f, 0xfd, 0x00, 0x00, 0x00, 0x00, 0x00, 0x00, 0x02, 0xff,
    0xf3, 0x00, 0x00, 0x00, 0x00, 0x00, 0x00, 0x0b, 0xff, 0xe1, 0x00, 0x00, 0x00, 0x09, 0xa1, 0x00,
    0x2f, 0xff, 0xe5, 0x00, 0x00, 0x2a, 0xff, 0xe1, 0x00, 0x4f, 0xff, 0xff, 0xcb, 0xdf, 0xff, 0xf6,
    0x00, 0x00, 0x2c, 0xff, 0xff, 0xff, 0xff, 0xf5, 0x00, 0x00, 0x00, 0x04, 0xad, 0xff, 0xec, 0x71,
    0x00, 0x00, 0xaf, 0xff, 0xff, 0xff, 0xff, 0xff, 0xff, 0xff, 0x30, 0xaf, 0xff, 0xff, 0xff, 0xff,
    0xff, 0xff, 0xff, 0x30, 0xaf, 0xfe, 0xbb, 0xbb, 0xbb, 0xbb, 0xbb, 0xbb, 0x20, 0xaf, 0xf9, 0x00,
    0x00, 0x00, 0x00, 0x00, 0x00, 0x00, 0xaf, 0xf9, 0x00, 0x00, 0x00, 0x00, 0x00, 0x00, 0x00, 0xaf,
    0xf9, 0x00, 0x00, 0x00, 0x00, 0x00, 0x00, 0x00, 0xaf, 0xf9, 0x00, 0x00, 0x00, 0x00, 0x00, 0x00,
    0x00, 0xaf, 0xf9, 0x00, 0x00, 0x00, 0x00, 0x00, 0x00, 0x00, 0xaf, 0xf9, 0x00, 0x00, 0x00, 0x00,
    0x00, 0x00, 0x00, 0xaf, 0xfe, 0xbb, 0xbb, 0xbb, 0xbb, 0xbb, 0x90, 0x00, 0xaf, 0xff, 0xff, 0xff,
    0xff, 0xff, 0xff, 0xd0, 0x00, 0xaf, 0xff, 0xff, 0xff, 0xff, 0xff, 0xff, 0xd0, 0x00, 0xaf, 0xf9,
    0x00, 0x00, 0x00, 0x00, 0x00, 0x00, 0x00, 0xaf, 0xf9, 0x00, 0x00, 0x00, 0x00, 0x00, 0x00, 0x00,
    0xaf, 0xf9, 0x00, 0x00, 0x00, 0x00, 0x00, 0x00, 0x00, 0xaf, 0xf9, 0x00, 0x00, 0x00, 0x00, 0x00,
    0x00, 0x00, 0xaf, 0xf9, 0x00, 0x00, 0x00, 0x00, 0x00, 0x00, 0x00, 0xaf, 0xf9, 0x00, 0x00, 0x00,
    0x00, 0x00, 0x00, 0x00, 0xaf, 0xf9, 0x00, 0x00, 0x00, 0x00, 0x00, 0x00, 0x00, 0xaf, 0xfe, 0xbb,
    0xbb, 0xbb, 0xbb, 0xbb, 0xbb, 0x70, 0xaf, 0xff, 0xff, 0xff, 0xff, 0xff, 0xff, 0xff, 0xa0, 0xaf,
    0xff, 0xff, 0xff, 0xff, 0xff, 0xff, 0xff, 0xd0, 0x00, 0x00, 0x00, 0x00, 0x00, 0x00, 0xbf, 0xe6,
    0x00, 0x00, 0x00, 0x00, 0x00, 0x00, 0x0a, 0xfd, 0x10, 0x00, 0x00, 0x00, 0x00, 0x00, 0x00, 0x2f,
    0xf2, 0x00, 0x00, 0x00, 0x00, 0x00, 0x00, 0x00, 0x6f, 0xe0, 0x00, 0x00, 0x00, 0x00, 0x00, 0x00,
    0x00, 0x5f, 0xf4, 0x00, 0x30, 0x00, 0x00, 0x00, 0x00, 0x00, 0x0e, 0xff, 0xef, 0xf1, 0x00, 0x00,
    0x00, 0x00, 0x00, 0x01, 0x9e, 0xfe, 0xa2, 0x00, 0x00, 0x06, 0xbe, 0xff, 0xda, 0x40, 0x00, 0x00,
    0x00, 0x03, 0xef, 0xff, 0xff, 0xff, 0xfa, 0x10, 0x00, 0x00, 0x5f, 0xff, 0xfd, 0xbc, 0xef, 0xff,
    0xd1, 0x00, 0x02, 0xff, 0xfa, 0x20, 0x00, 0x04, 0xdf, 0xfa, 0x00, 0x0c, 0xff, 0x90, 0x00, 0x00,
    0x00, 0x1d, 0xff, 0x50, 0x3f, 0xfe, 0x00, 0x00, 0x00, 0x00, 0x03, 0xff, 0xb0, 0x7f, 0xf8, 0x00,
    0x00, 0x00, 0x00, 0x00, 0xdf, 0xf0, 0xaf, 0xff, 0xff, 0xff, 0xff, 0xff, 0xff, 0xff, 0xf2, 0xaf,
    0xff, 0xff, 0xff, 0xff, 0xff, 0xff, 0xff, 0xf3, 0x9f, 0xfd, 0xbb, 0xbb, 0xbb, 0xbb, 0xbb, 0xbb,
    0xb2, 0x7f, 0xfa, 0x00, 0x00, 0x00, 0x00, 0x00, 0x00, 0x00, 0x2f, 0xff, 0x10, 0x00, 0x00, 0x00,
    0x00, 0x00, 0x00, 0x0c, 0xff, 0xc1, 0x00, 0x00, 0x00, 0x00, 0x50, 0x00, 0x02, 0xff, 0xfd, 0x50,
    0x00, 0x00, 0x4d, 0xf7, 0x00, 0x00, 0x4f, 0xff, 0xff, 0xcb, 0xcf, 0xff, 0xfd, 0x00, 0x00, 0x02,
    0xcf, 0xff, 0xff, 0xff, 0xff, 0xc1, 0x00, 0x00, 0x00, 0x04, 0xad, 0xff, 0xff, 0xfb, 0x00, 0x00,
    0x00, 0x00, 0x00, 0x00, 0x00, 0xcf, 0xb0, 0x00, 0x00, 0x00, 0x00, 0x00, 0x00, 0x06, 0xff, 0x10,
    0x00, 0x00, 0x00, 0x00, 0x00, 0x00, 0x0c, 0xf8, 0x00, 0x00, 0x00, 0x00, 0x00, 0x00, 0x00, 0x0e,
    0xf5, 0x00, 0x00, 0x00, 0x00, 0x00, 0x00, 0x00, 0x0c, 0xfb, 0x10, 0x12, 0x00, 0x00, 0x00, 0x00,
    0x00, 0x05, 0xff, 0xfe, 0xf9, 0x00, 0x00, 0x00, 0x00, 0x00, 0x00, 0x5c, 0xff, 0xc5, 0x00, 0x00,
    0x06, 0xff, 0xd0, 0x00, 0x00, 0x00, 0x00, 0x00, 0x00, 0x00, 0x6f, 0xfd, 0x00, 0x00, 0x00, 0x00,
    0x00, 0x00, 0x00, 0x06, 0xff, 0xd0, 0x00, 0x00, 0x00, 0x00, 0x00, 0x00, 0x00, 0x6f, 0xfd, 0x00,
    0x00, 0x00, 0x00, 0x00, 0x00, 0x00, 0x06, 0xff, 0xd0, 0x02, 0x70, 0x00, 0x00, 0x00, 0x00, 0x00,
    0x6f, 0xfd, 0x04, 0xff, 0x50, 0x00, 0x00, 0x00, 0x00, 0x06, 0xff, 0xd8, 0xff, 0xf5, 0x00, 0x00,
    0x00, 0x00, 0x00, 0x6f, 0xff, 0xff, 0xd2, 0x00, 0x00, 0x00, 0x00, 0x00, 0x06, 0xff, 0xff, 0xa1,
    0x00, 0x00, 0x00, 0x00, 0x00, 0x00, 0xef, 0xff, 0x60, 0x00, 0x00, 0x00, 0x00, 0x00, 0x01, 0xbf,
    0xff, 0xf0, 0x00, 0x00, 0x00, 0x00, 0x00, 0x03, 0xef, 0xff, 0xfd, 0x00, 0x00, 0x00, 0x00, 0x00,
    0x00, 0x5f, 0xfd, 0xff, 0xd0, 0x00, 0x00, 0x00, 0x00, 0x00, 0x00, 0x73, 0x6f, 0xfd, 0x00, 0x00,
    0x00, 0x00, 0x00, 0x00, 0x00, 0x06, 0xff, 0xd0, 0x00, 0x00, 0x00, 0x00, 0x00, 0x00, 0x00, 0x6f,
    0xfd, 0x00, 0x00, 0x00, 0x00, 0x00, 0x00, 0x00, 0x06, 0xff, 0xd0, 0x00, 0x00, 0x00, 0x00, 0x00,
    0x00, 0x00, 0x6f, 0xfd, 0x00, 0x00, 0x00, 0x00, 0x00, 0x00, 0x00, 0x06, 0xff, 0xd0, 0x00, 0x00,
    0x00, 0x00, 0x00, 0x00, 0x00, 0x6f, 0xff, 0xcc, 0xcc, 0xcc, 0xcc, 0xcc, 0xcb, 0x00, 0x06, 0xff,
    0xff, 0xff, 0xff, 0xff, 0xff, 0xff, 0xf0, 0x00, 0x6f, 0xff, 0xff, 0xff, 0xff, 0xff, 0xff, 0xff,
    0x00, 0x0e, 0xff, 0x40, 0x00, 0x00, 0x0e, 0xff, 0x40, 0x00, 0x00, 0x0e, 0xff, 0x40, 0x00, 0x00,
    0x0e, 0xff, 0x40, 0x00, 0x00, 0x0e, 0xff, 0x40, 0x00, 0x00, 0x0e, 0xff, 0x40, 0x00, 0x00, 0x0e,
    0xff, 0x40, 0x00, 0x00, 0x0e, 0xff, 0x40, 0x00, 0x00, 0x0e, 0xff, 0x41, 0x30, 0x00, 0x0e, 0xff,
    0x7e, 0xf1, 0x00, 0x0e, 0xff, 0xff, 0xf5, 0x00, 0x0e, 0xff, 0xfe, 0x40, 0x00, 0x3f, 0xff, 0xf1,
    0x00, 0x06, 0xff, 0xff, 0x40, 0x00, 0xaf, 0xff, 0xff, 0x40, 0x00, 0xdf, 0xcf, 0xff, 0x40, 0x00,
    0x28, 0x0e, 0xff, 0x40, 0x00, 0x00, 0x0e, 0xff, 0x40, 0x00, 0x00, 0x0e, 0xff, 0x40, 0x00, 0x00,
    0x0e, 0xff, 0x40, 0x00, 0x00, 0x0e, 0xff, 0x40, 0x00, 0x00, 0x0e, 0xff, 0x40, 0x00, 0x00, 0x0e,
    0xff, 0x40, 0x00, 0x00, 0x0e, 0xff, 0x40, 0x00, 0x00, 0x00, 0x00, 0x00, 0x00, 0x0a, 0xff, 0xe4,
    0x00, 0x00, 0x00, 0x00, 0x00, 0x00, 0x00, 0xbf, 0xfb, 0x10, 0x00, 0x00, 0x00, 0x00, 0x00, 0x00,
    0x1c, 0xff, 0x70, 0x00, 0x00, 0x00, 0x00, 0x00, 0x00, 0x01, 0xdf, 0xe4, 0x00, 0x00, 0x00, 0x00,
    0x00, 0x00, 0x00, 0x00, 0x00, 0x00, 0x00, 0x00, 0x00, 0x00, 0x00, 0x00, 0x00, 0x00, 0x00, 0x00,
    0x00, 0x00, 0x00, 0x00, 0xaf, 0xf6, 0x00, 0x00, 0x00, 0x00, 0x00, 0x00, 0x9f, 0xfa, 0xaf, 0xff,
    0x40, 0x00, 0x00, 0x00, 0x00, 0x00, 0x9f, 0xfa, 0xaf, 0xff, 0xf2, 0x00, 0x00, 0x00, 0x00, 0x00,
    0x9f, 0xfa, 0xaf, 0xff, 0xfd, 0x10, 0x00, 0x00, 0x00, 0x00, 0x9f, 0xfa, 0xaf, 0xff, 0xff, 0xb0,
    0x00, 0x00, 0x00, 0x00, 0x9f, 0xfa, 0xaf, 0xff, 0xff, 0xf8, 0x00, 0x00, 0x00, 0x00, 0x9f, 0xfa,
    0xaf, 0xf9, 0xcf, 0xff, 0x50, 0x00, 0x00, 0x00, 0x9f, 0xfa, 0xaf, 0xf9, 0x1e, 0xff, 0xf3, 0x00,
    0x00, 0x00, 0x9f, 0xfa, 0xaf, 0xf9, 0x03, 0xff, 0xfe, 0x10, 0x00, 0x00, 0x9f, 0xfa, 0xaf, 0xf9,
    0x00, 0x5f, 0xff, 0xc0, 0x00, 0x00, 0x9f, 0xfa, 0xaf, 0xf9, 0x00, 0x07, 0xff, 0xf9, 0x00, 0x00,
    0x9f, 0xfa, 0xaf, 0xf9, 0x00, 0x00, 0xaf, 0xff, 0x60, 0x00, 0x9f, 0xfa, 0xaf, 0xf9, 0x00, 0x00,
    0x1d, 0xff, 0xf4, 0x00, 0x9f, 0xfa, 0xaf, 0xf9, 0x00, 0x00, 0x02, 0xef, 0xff, 0x20, 0x9f, 0xfa,
    0xaf, 0xf9, 0x00, 0x00, 0x00, 0x3f, 0xff, 0xd1, 0x9f, 0xfa, 0xaf, 0xf9, 0x00, 0x00, 0x00, 0x06,
    0xff, 0xfb, 0x9f, 0xfa, 0xaf, 0xf9, 0x00, 0x00, 0x00, 0x00, 0x8f, 0xff, 0xff, 0xfa, 0xaf, 0xf9,
    0x00, 0x00, 0x00, 0x00, 0x0b, 0xff, 0xff, 0xfa, 0xaf, 0xf9, 0x00, 0x00, 0x00, 0x00, 0x01, 0xdf,
    0xff, 0xfa, 0xaf, 0xf9, 0x00, 0x00, 0x00, 0x00, 0x00, 0x2f, 0xff, 0xfa, 0xaf, 0xf9, 0x00, 0x00,
    0x00, 0x00, 0x00, 0x04, 0xff, 0xfa, 0xaf, 0xf9, 0x00, 0x00, 0x00, 0x00, 0x00, 0x00, 0x7f, 0xfa,
    0x00, 0x00, 0x00, 0x00, 0x00, 0xaf, 0xfe, 0x40, 0x00, 0x00, 0x00, 0x00, 0x00, 0xbf, 0xfc, 0x10,
    0x00, 0x00, 0x00, 0x00, 0x01, 0xcf, 0xf8, 0x00, 0x00, 0x00, 0x00, 0x00, 0x01, 0xdf, 0xe4, 0x00,
    0x00, 0x00, 0x00, 0x00, 0x00, 0x00, 0x00, 0x00, 0x00, 0x00, 0x00, 0x00, 0x00, 0x00, 0x00, 0x00,
    0x00, 0x00, 0x00, 0x2f, 0xfe, 0x00, 0x5b, 0xef, 0xfe, 0xa4, 0x00, 0x02, 0xff, 0xe2, 0xdf, 0xff,
    0xff, 0xff, 0xfa, 0x00, 0x2f, 0xff, 0xef, 0xff, 0xcb, 0xdf, 0xff, 0xfa, 0x02, 0xff, 0xff, 0xf6,
    0x00, 0x00, 0x2b, 0xff, 0xf4, 0x2f, 0xff, 0xf3, 0x00, 0x00, 0x00, 0x0d, 0xff, 0xa2, 0xff, 0xf8,
    0x00, 0x00, 0x00, 0x00, 0x6f, 0xfe, 0x2f, 0xff, 0x30, 0x00, 0x00, 0x00, 0x02, 0xff, 0xf2, 0xff,
    0xf1, 0x00, 0x00, 0x00, 0x00, 0x1f, 0xff, 0x2f, 0xff, 0x00, 0x00, 0x00, 0x00, 0x01, 0xff, 0xf2,
    0xff, 0xf0, 0x00, 0x00, 0x00, 0x00, 0x1f, 0xff, 0x2f, 0xff, 0x00, 0x00, 0x00, 0x00, 0x01, 0xff,
    0xf2, 0xff, 0xf0, 0x00, 0x00, 0x00, 0x00, 0x1f, 0xff, 0x2f, 0xff, 0x00, 0x00, 0x00, 0x00, 0x01,
    0xff, 0xf2, 0xff, 0xf0, 0x00, 0x00, 0x00, 0x00, 0x1f, 0xff, 0x2f, 0xff, 0x00, 0x00, 0x00, 0x00,
    0x01, 0xff, 0xf2, 0xff, 0xf0, 0x00, 0x00, 0x00, 0x00, 0x1f, 0xff, 0x2f, 0xff, 0x00, 0x00, 0x00,
    0x00, 0x01, 0xff, 0xf0, 0x00, 0x00, 0x00, 0x00, 0x00, 0x5f, 0xff, 0x80, 0x00, 0x00, 0x00, 0x00,
    0x00, 0x06, 0xff, 0xe4, 0x00, 0x00, 0x00, 0x00, 0x00, 0x00, 0x7f, 0xfb, 0x10, 0x00, 0x00, 0x00,
    0x00, 0x00, 0x09, 0xff, 0x70, 0x00, 0x00, 0x00, 0x00, 0x00, 0x00, 0x00, 0x00, 0x00, 0x00, 0x00,
    0x00, 0x00, 0x00, 0x00, 0x00, 0x00, 0x00, 0x00, 0x00, 0x00, 0x00, 0x00, 0x27, 0xbe, 0xff, 0xfd,
    0xa7, 0x20, 0x00, 0x00, 0x08, 0xff, 0xff, 0xff, 0xff, 0xff, 0xfb, 0x20, 0x00, 0xbf, 0xff, 0xfd,
    0xcb, 0xcf, 0xff, 0xff, 0x60, 0x07, 0xff, 0xf9, 0x20, 0x00, 0x00, 0x28, 0xef, 0x10, 0x0e, 0xff,
    0x80, 0x00, 0x00, 0x00, 0x00, 0x14, 0x00, 0x1f, 0xff, 0x10, 0x00, 0x00, 0x00, 0x00, 0x00, 0x00,
    0x2f, 0xff, 0x10, 0x00, 0x00, 0x00, 0x00, 0x00, 0x00, 0x0f, 0xff, 0x80, 0x00, 0x00, 0x00, 0x00,
    0x00, 0x00, 0x0a, 0xff, 0xfa, 0x20, 0x00, 0x00, 0x00, 0x00, 0x00, 0x01, 0xdf, 0xff, 0xfd, 0x95,
    0x10, 0x00, 0x00, 0x00, 0x00, 0x1a, 0xff, 0xff, 0xff, 0xfd, 0x83, 0x00, 0x00, 0x00, 0x00, 0x28,
    0xdf, 0xff, 0xff, 0xff, 0xc3, 0x00, 0x00, 0x00, 0x00, 0x01, 0x59, 0xdf, 0xff, 0xff, 0x40, 0x00,
    0x00, 0x00, 0x00, 0x00, 0x01, 0x8f, 0xff, 0xf1, 0x00, 0x00, 0x00, 0x00, 0x00, 0x00, 0x03, 0xff,
    0xf6, 0x00, 0x00, 0x00, 0x00, 0x00, 0x00, 0x00, 0xbf, 0xf8, 0x00, 0x00, 0x00, 0x00, 0x00, 0x00,
    0x00, 0xaf, 0xf8, 0x0c, 0x70, 0x00, 0x00, 0x00, 0x00, 0x02, 0xff, 0xf5, 0x5f, 0xfe, 0x83, 0x00,
    0x00, 0x00, 0x5e, 0xff, 0xd0, 0x5f, 0xff, 0xff, 0xfd, 0xbb, 0xcf, 0xff, 0xff, 0x30, 0x02, 0xaf,
    0xff, 0xff, 0xff, 0xff, 0xff, 0xc3, 0x00, 0x00, 0x01, 0x6a, 0xde, 0xff, 0xec, 0x84, 0x00, 0x00,
    0x00, 0x00, 0x00, 0x00, 0x0a, 0xff, 0xe4, 0x00, 0x00, 0x00, 0x00, 0x01, 0xbf, 0xfb, 0x10, 0x00,
    0x00, 0x00, 0x00, 0x1c, 0xff, 0x70, 0x00, 0x00, 0x00, 0x00, 0x02, 0xdf, 0xe3, 0x00, 0x00, 0x00,
    0x00, 0x00, 0x00, 0x00, 0x00, 0x00, 0x00, 0x00, 0x00, 0x00, 0x00, 0x00, 0x00, 0x00, 0x00, 0x00,
    0x00, 0x00, 0x5a, 0xef, 0xff, 0xda, 0x51, 0x00, 0x00, 0x2c, 0xff, 0xff, 0xff, 0xff, 0xff, 0x40,
    0x01, 0xef, 0xff, 0xec, 0xbc, 0xff, 0xff, 0x20, 0x07, 0xff, 0xf4, 0x00, 0x00, 0x03, 0xa9, 0x00,
    0x0a, 0xff, 0x70, 0x00, 0x00, 0x00, 0x00, 0x00, 0x0a, 0xff, 0x80, 0x00, 0x00, 0x00, 0x00, 0x00,
    0x07, 0xff, 0xf7, 0x10, 0x00, 0x00, 0x00, 0x00, 0x00, 0xdf, 0xff, 0xfd, 0xa7, 0x40, 0x00, 0x00,
    0x00, 0x1a, 0xff, 0xff, 0xff, 0xff, 0xa2, 0x00, 0x00, 0x00, 0x16, 0x9c, 0xff, 0xff, 0xff, 0x30,
    0x00, 0x00, 0x00, 0x00, 0x02, 0x6e, 0xff, 0xd0, 0x00, 0x00, 0x00, 0x00, 0x00, 0x02, 0xff, 0xf0,
    0x00, 0x20, 0x00, 0x00, 0x00, 0x01, 0xff, 0xf1, 0x07, 0xfa, 0x40, 0x00, 0x00, 0x1b, 0xff, 0xe0,
    0x1f, 0xff, 0xff, 0xdb, 0xbd, 0xff, 0xff, 0x50, 0x07, 0xff, 0xff, 0xff, 0xff, 0xff, 0xf6, 0x00,
    0x00, 0x05, 0xad, 0xff, 0xfe, 0xc7, 0x10, 0x00, 0x00, 0x00, 0x00, 0x00, 0x00, 0x1c, 0xff, 0xd2,
    0x00, 0x00, 0x00, 0x00, 0x00, 0x00, 0x02, 0xdf, 0xf9, 0x00, 0x00, 0x00, 0x00, 0x00, 0x00, 0x00,
    0x2e, 0xff, 0x50, 0x00, 0x00, 0x00, 0x00, 0x00, 0x00, 0x03, 0xff, 0xd2, 0x00, 0x00, 0x00, 0x00,
    0x00, 0x00, 0x00, 0x00, 0x00, 0x00, 0x00, 0x00, 0x00, 0x00, 0x00, 0x00, 0x00, 0x00, 0x00, 0x00,
    0x00, 0x00, 0x00, 0x00, 0x7f, 0xff, 0xff, 0xff, 0xff, 0xff, 0xff, 0xff, 0xff, 0xb0, 0x7f, 0xff,
    0xff, 0xff, 0xff, 0xff, 0xff, 0xff, 0xff, 0xb0, 0x4b, 0xbb, 0xbb, 0xbb, 0xbb, 0xbb, 0xbb, 0xef,
    0xff, 0x60, 0x00, 0x00, 0x00, 0x00, 0x00, 0x00, 0x04, 0xff, 0xf9, 0x00, 0x00, 0x00, 0x00, 0x00,
    0x00, 0x00, 0x2f, 0xff, 0xb0, 0x00, 0x00, 0x00, 0x00, 0x00, 0x00, 0x01, 0xdf, 0xfe, 0x10, 0x00,
    0x00, 0x00, 0x00, 0x00, 0x00, 0x0b, 0xff, 0xf3, 0x00, 0x00, 0x00, 0x00, 0x00, 0x00, 0x00, 0x8f,
    0xff, 0x50, 0x00, 0x00, 0x00, 0x00, 0x00, 0x00, 0x05, 0xff, 0xf8, 0x00, 0x00, 0x00, 0x00, 0x00,
    0x00, 0x00, 0x3f, 0xff, 0xa0, 0x00, 0x00, 0x00, 0x00, 0x00, 0x00, 0x01, 0xef, 0xfd, 0x10, 0x00,
    0x00, 0x00, 0x00, 0x00, 0x00, 0x0c, 0xff, 0xf2, 0x00, 0x00, 0x00, 0x00, 0x00, 0x00, 0x00, 0x9f,
    0xff, 0x40, 0x00, 0x00, 0x00, 0x00, 0x00, 0x00, 0x06, 0xff, 0xf6, 0x00, 0x00, 0x00, 0x00, 0x00,
    0x00, 0x00, 0x4f, 0xff, 0x90, 0x00, 0x00, 0x00, 0x00, 0x00, 0x00, 0x02, 0xef, 0xfc, 0x00, 0x00,
    0x00, 0x00, 0x00, 0x00, 0x00, 0x1d, 0xff, 0xe1, 0x00, 0x00, 0x00, 0x00, 0x00, 0x00, 0x00, 0xaf,
    0xff, 0x30, 0x00, 0x00, 0x00, 0x00, 0x00, 0x00, 0x07, 0xff, 0xf5, 0x00, 0x00, 0x00, 0x00, 0x00,
    0x00, 0x00, 0x4f, 0xff, 0xfb, 0xbb, 0xbb, 0xbb, 0xbb, 0xbb, 0xbb, 0xb1, 0xaf, 0xff, 0xff, 0xff,
    0xff, 0xff, 0xff, 0xff, 0xff, 0xf2, 0xaf, 0xff, 0xff, 0xff, 0xff, 0xff, 0xff, 0xff, 0xff, 0xf2,
    0x00, 0x00, 0x00, 0x00, 0x4f, 0xff, 0x90, 0x00, 0x00, 0x00, 0x00, 0x5f, 0xff, 0x50, 0x00, 0x00,
    0x00, 0x00, 0x6f, 0xfc, 0x20, 0x00, 0x00, 0x00, 0x00, 0x8f, 0xf8, 0x00, 0x00, 0x00, 0x00, 0x00,
    0x00, 0x00, 0x00, 0x00, 0x00, 0x00, 0x00, 0x00, 0x00, 0x00, 0x00, 0x00, 0x00, 0x9f, 0xff, 0xff,
    0xff, 0xff, 0xff, 0xff, 0x49, 0xff, 0xff, 0xff, 0xff, 0xff, 0xff, 0xf4, 0x6b, 0xbb, 0xbb, 0xbb,
    0xbb, 0xff, 0xfe, 0x10, 0x00, 0x00, 0x00, 0x00, 0x6f, 0xff, 0x30, 0x00, 0x00, 0x00, 0x00, 0x4f,
    0xff, 0x50, 0x00, 0x00, 0x00, 0x00, 0x2e, 0xff, 0x80, 0x00, 0x00, 0x00, 0x00, 0x1d, 0xff, 0xa0,
    0x00, 0x00, 0x00, 0x00, 0x0a, 0xff, 0xd1, 0x00, 0x00, 0x00, 0x00, 0x08, 0xff, 0xe2, 0x00, 0x00,
    0x00, 0x00, 0x05, 0xff, 0xf3, 0x00, 0x00, 0x00, 0x00, 0x03, 0xff, 0xf6, 0x00, 0x00, 0x00, 0x00,
    0x01, 0xef, 0xf9, 0x00, 0x00, 0x00, 0x00, 0x00, 0xcf, 0xfb, 0x00, 0x00, 0x00, 0x00, 0x00, 0x9f,
    0xfd, 0x10, 0x00, 0x00, 0x00, 0x00, 0x6f, 0xff, 0xdb, 0xbb, 0xbb, 0xbb, 0xbb, 0x5c, 0xff, 0xff,
    0xff, 0xff, 0xff, 0xff, 0xf8, 0xcf, 0xff, 0xff, 0xff, 0xff, 0xff, 0xff, 0x80, 0x00, 0x00, 0x00,
    0x00, 0x7f, 0xd2, 0x00, 0x00, 0x00, 0x00, 0x00, 0x00, 0x00, 0x01, 0xff, 0xf9, 0x00, 0x00, 0x00,
    0x00, 0x00, 0x00, 0x00, 0x01, 0xff, 0xf9, 0x00, 0x00, 0x00, 0x00, 0x00, 0x00, 0x00, 0x00, 0x7f,
    0xd2, 0x00, 0x00, 0x00, 0x00, 0x00, 0x00, 0x00, 0x00, 0x00, 0x00, 0x00, 0x00, 0x00, 0x00, 0x00,
    0x00, 0x00, 0x00, 0x00, 0x00, 0x00, 0x00, 0x00, 0x00, 0x00, 0x00, 0x00, 0x00, 0x00, 0x00, 0x00,
    0x00, 0x00, 0x00, 0x7f, 0xff, 0xff, 0xff, 0xff, 0xff, 0xff, 0xff, 0xff, 0xb0, 0x7f, 0xff, 0xff,
    0xff, 0xff, 0xff, 0xff, 0xff, 0xff, 0xb0, 0x4b, 0xbb, 0xbb, 0xbb, 0xbb, 0xbb, 0xbb, 0xef, 0xff,
    0x60, 0x00, 0x00, 0x00, 0x00, 0x00, 0x00, 0x04, 0xff, 0xf9, 0x00, 0x00, 0x00, 0x00, 0x00, 0x00,
    0x00, 0x2f, 0xff, 0xb0, 0x00, 0x00, 0x00, 0x00, 0x00, 0x00, 0x01, 0xdf, 0xfe, 0x10, 0x00, 0x00,
    0x00, 0x00, 0x00, 0x00, 0x0b, 0xff, 0xf3, 0x00, 0x00, 0x00, 0x00, 0x00, 0x00, 0x00, 0x8f, 0xff,
    0x50, 0x00, 0x00, 0x00, 0x00, 0x00, 0x00, 0x05, 0xff, 0xf8, 0x00, 0x00, 0x00, 0x00, 0x00, 0x00,
    0x00, 0x3f, 0xff, 0xa0, 0x00, 0x00, 0x00, 0x00, 0x00, 0x00, 0x01, 0xef, 0xfd, 0x10, 0x00, 0x00,
    0x00, 0x00, 0x00, 0x00, 0x0c, 0xff, 0xf2, 0x00, 0x00, 0x00, 0x00, 0x00, 0x00, 0x00, 0x9f, 0xff,
    0x40, 0x00, 0x00, 0x00, 0x00, 0x00, 0x00, 0x06, 0xff, 0xf6, 0x00, 0x00, 0x00, 0x00, 0x00, 0x00,
    0x00, 0x4f, 0xff, 0x90, 0x00, 0x00, 0x00, 0x00, 0x00, 0x00, 0x02, 0xef, 0xfc, 0x00, 0x00, 0x00,
    0x00, 0x00, 0x00, 0x00, 0x1d, 0xff, 0xe1, 0x00, 0x00, 0x00, 0x00, 0x00, 0x00, 0x00, 0xaf, 0xff,
    0x30, 0x00, 0x00, 0x00, 0x00, 0x00, 0x00, 0x07, 0xff, 0xf5, 0x00, 0x00, 0x00, 0x00, 0x00, 0x00,
    0x00, 0x4f, 0xff, 0xfb, 0xbb, 0xbb, 0xbb, 0xbb, 0xbb, 0xbb, 0xb1, 0xaf, 0xff, 0xff, 0xff, 0xff,
    0xff, 0xff, 0xff, 0xff, 0xf2, 0xaf, 0xff, 0xff, 0xff, 0xff, 0xff, 0xff, 0xff, 0xff, 0xf2, 0x00,
    0x00, 0x01, 0xcf, 0x90, 0x00, 0x00, 0x00, 0x00, 0x00, 0x6f, 0xff, 0x30, 0x00, 0x00, 0x00, 0x00,
    0x06, 0xff, 0xf3, 0x00, 0x00, 0x00, 0x00, 0x00, 0x1c, 0xf9, 0x00, 0x00, 0x00, 0x00, 0x00, 0x00,
    0x00, 0x00, 0x00, 0x00, 0x00, 0x00, 0x00, 0x00, 0x00, 0x00, 0x00, 0x00, 0x00, 0x00, 0x00, 0x00,
    0x00, 0x00, 0x00, 0x09, 0xff, 0xff, 0xff, 0xff, 0xff, 0xff, 0xf4, 0x9f, 0xff, 0xff, 0xff, 0xff,
    0xff, 0xff, 0x46, 0xbb, 0xbb, 0xbb, 0xbb, 0xbf, 0xff, 0xe1, 0x00, 0x00, 0x00, 0x00, 0x06, 0xff,
    0xf3, 0x00, 0x00, 0x00, 0x00, 0x04, 0xff, 0xf5, 0x00, 0x00, 0x00, 0x00, 0x02, 0xef, 0xf8, 0x00,
    0x00, 0x00, 0x00, 0x01, 0xdf, 0xfa, 0x00, 0x00, 0x00, 0x00, 0x00, 0xaf, 0xfd, 0x10, 0x00, 0x00,
    0x00, 0x00, 0x8f, 0xfe, 0x20, 0x00, 0x00, 0x00, 0x00, 0x5f, 0xff, 0x30, 0x00, 0x00, 0x00, 0x00,
    0x3f, 0xff, 0x60, 0x00, 0x00, 0x00, 0x00, 0x1e, 0xff, 0x90, 0x00, 0x00, 0x00, 0x00, 0x0c, 0xff,
    0xb0, 0x00, 0x00, 0x00, 0x00, 0x09, 0xff, 0xd1, 0x00, 0x00, 0x00, 0x00, 0x06, 0xff, 0xfd, 0xbb,
    0xbb, 0xbb, 0xbb, 0xb5, 0xcf, 0xff, 0xff, 0xff, 0xff, 0xff, 0xff, 0x8c, 0xff, 0xff, 0xff, 0xff,
    0xff, 0xff, 0xf8,
};
static const lv_font_fmt_txt_glyph_dsc_t pl32_glyph_dsc[] = {
    {.bitmap_index = 0, .adv_w = 0, .box_w = 0, .box_h = 0, .ofs_x = 0, .ofs_y = 0},  /* id 0 */
    {.bitmap_index = 0, .adv_w = 432, .box_w = 25, .box_h = 28, .ofs_x = 1, .ofs_y = 0},  /* U+00D3 */
    {.bitmap_index = 350, .adv_w = 320, .box_w = 18, .box_h = 23, .ofs_x = 1, .ofs_y = 0},  /* U+00F3 */
    {.bitmap_index = 557, .adv_w = 368, .box_w = 25, .box_h = 29, .ofs_x = 0, .ofs_y = -7},  /* U+0104 */
    {.bitmap_index = 920, .adv_w = 304, .box_w = 16, .box_h = 24, .ofs_x = 1, .ofs_y = -7},  /* U+0105 */
    {.bitmap_index = 1112, .adv_w = 368, .box_w = 21, .box_h = 28, .ofs_x = 1, .ofs_y = 0},  /* U+0106 */
    {.bitmap_index = 1406, .adv_w = 288, .box_w = 17, .box_h = 23, .ofs_x = 1, .ofs_y = 0},  /* U+0107 */
    {.bitmap_index = 1602, .adv_w = 336, .box_w = 18, .box_h = 29, .ofs_x = 3, .ofs_y = -7},  /* U+0118 */
    {.bitmap_index = 1863, .adv_w = 320, .box_w = 18, .box_h = 24, .ofs_x = 1, .ofs_y = -7},  /* U+0119 */
    {.bitmap_index = 2079, .adv_w = 304, .box_w = 19, .box_h = 22, .ofs_x = 0, .ofs_y = 0},  /* U+0141 */
    {.bitmap_index = 2288, .adv_w = 144, .box_w = 10, .box_h = 24, .ofs_x = 0, .ofs_y = 0},  /* U+0142 */
    {.bitmap_index = 2408, .adv_w = 416, .box_w = 20, .box_h = 28, .ofs_x = 3, .ofs_y = 0},  /* U+0143 */
    {.bitmap_index = 2688, .adv_w = 352, .box_w = 17, .box_h = 23, .ofs_x = 2, .ofs_y = 0},  /* U+0144 */
    {.bitmap_index = 2884, .adv_w = 320, .box_w = 18, .box_h = 28, .ofs_x = 1, .ofs_y = 0},  /* U+015A */
    {.bitmap_index = 3136, .adv_w = 256, .box_w = 16, .box_h = 23, .ofs_x = 0, .ofs_y = 0},  /* U+015B */
    {.bitmap_index = 3320, .adv_w = 336, .box_w = 20, .box_h = 28, .ofs_x = 1, .ofs_y = 0},  /* U+0179 */
    {.bitmap_index = 3600, .adv_w = 272, .box_w = 15, .box_h = 23, .ofs_x = 1, .ofs_y = 0},  /* U+017A */
    {.bitmap_index = 3773, .adv_w = 336, .box_w = 20, .box_h = 29, .ofs_x = 1, .ofs_y = 0},  /* U+017B */
    {.bitmap_index = 4063, .adv_w = 272, .box_w = 15, .box_h = 24, .ofs_x = 1, .ofs_y = 0},  /* U+017C */
};
static const uint16_t pl32_unicode_list[] = { 0x0, 0x20, 0x31, 0x32, 0x33, 0x34, 0x45, 0x46, 0x6e, 0x6f, 0x70, 0x71, 0x87, 0x88, 0xa6, 0xa7, 0xa8, 0xa9 };
static const lv_font_fmt_txt_cmap_t pl32_cmaps[] = {
    { .range_start = 0xd3, .range_length = 170, .glyph_id_start = 1, .unicode_list = pl32_unicode_list,
      .glyph_id_ofs_list = NULL, .list_length = 18, .type = LV_FONT_FMT_TXT_CMAP_SPARSE_TINY },
};
static const lv_font_fmt_txt_dsc_t pl32_dsc = {
    .glyph_bitmap = pl32_bitmap, .glyph_dsc = pl32_glyph_dsc, .cmaps = pl32_cmaps, .kern_dsc = NULL,
    .kern_scale = 0, .cmap_num = 1, .bpp = 4, .kern_classes = 0, .bitmap_format = 0,
};
const lv_font_t console_font_pl_32 = {
    .get_glyph_dsc = lv_font_get_glyph_dsc_fmt_txt, .get_glyph_bitmap = lv_font_get_bitmap_fmt_txt,
    .line_height = 35, .base_line = 6, .subpx = LV_FONT_SUBPX_NONE, .underline_position = -1,
    .underline_thickness = 1, .dsc = &pl32_dsc, .fallback = &lv_font_montserrat_32,
};

/* ---------------------------------------------------------------- 40 px */
static LV_ATTRIBUTE_LARGE_CONST const uint8_t pl40_bitmap[] = {
    0x00, 0x00, 0x00, 0x00, 0x00, 0x00, 0x00, 0x00, 0x00, 0x78, 0x88, 0x70, 0x00, 0x00, 0x00, 0x00,
    0x00, 0x00, 0x00, 0x00, 0x00, 0x00, 0x00, 0x00, 0xbf, 0xff, 0xd2, 0x00, 0x00, 0x00, 0x00, 0x00,
    0x00, 0x00, 0x00, 0x00, 0x00, 0x00, 0x00, 0xbf, 0xff, 0xb1, 0x00, 0x00, 0x00, 0x00, 0x00, 0x00,
    0x00, 0x00, 0x00, 0x00, 0x00, 0x00, 0xbf, 0xff, 0x80, 0x00, 0x00, 0x00, 0x00, 0x00, 0x00, 0x00,
    0x00, 0x00, 0x00, 0x00, 0x00, 0xbf, 0xff, 0x50, 0x00, 0x00, 0x00, 0x00, 0x00, 0x00, 0x00, 0x00,
    0x00, 0x00, 0x00, 0x00, 0xaf, 0xfe, 0x30, 0x00, 0x00, 0x00, 0x00, 0x00, 0x00, 0x00, 0x00, 0x00,
    0x00, 0x00, 0x00, 0x00, 0x00, 0x00, 0x00, 0x00, 0x00, 0x00, 0x00, 0x00, 0x00, 0x00, 0x00, 0x00,
    0x00, 0x00, 0x00, 0x00, 0x00, 0x00, 0x00, 0x00, 0x00, 0x00, 0x00, 0x00, 0x00, 0x00, 0x00, 0x00,
    0x00, 0x27, 0xad, 0xff, 0xfe, 0xc9, 0x51, 0x00, 0x00, 0x00, 0x00, 0x00, 0x00, 0x00, 0x00, 0x04,
    0xcf, 0xff, 0xff, 0xff, 0xff, 0xff, 0xf9, 0x20, 0x00, 0x00, 0x00, 0x00, 0x00, 0x00, 0x1b, 0xff,
    0xff, 0xff, 0xff, 0xff, 0xff, 0xff, 0xff, 0x70, 0x00, 0x00, 0x00, 0x00, 0x00, 0x3e, 0xff, 0xff,
    0xff, 0xb8, 0x78, 0x9c, 0xff, 0xff, 0xff, 0xb1, 0x00, 0x00, 0x00, 0x00, 0x3f, 0xff, 0xff, 0xc5,
    0x00, 0x00, 0x00, 0x01, 0x7f, 0xff, 0xff, 0xc1, 0x00, 0x00, 0x00, 0x2f, 0xff, 0xff, 0x60, 0x00,
    0x00, 0x00, 0x00, 0x00, 0x1a, 0xff, 0xff, 0xb0, 0x00, 0x00, 0x0c, 0xff, 0xff, 0x30, 0x00, 0x00,
    0x00, 0x00, 0x00, 0x00, 0x09, 0xff, 0xff, 0x60, 0x00, 0x05, 0xff, 0xff, 0x40, 0x00, 0x00, 0x00,
    0x00, 0x00, 0x00, 0x00, 0x0a, 0xff, 0xff, 0x10, 0x00, 0xdf, 0xff, 0x90, 0x00, 0x00, 0x00, 0x00,
    0x00, 0x00, 0x00, 0x00, 0x1e, 0xff, 0xf7, 0x00, 0x4f, 0xff, 0xf1, 0x00, 0x00, 0x00, 0x00, 0x00,
    0x00, 0x00, 0x00, 0x00, 0x7f, 0xff, 0xd0, 0x09, 0xff, 0xfa, 0x00, 0x00, 0x00, 0x00, 0x00, 0x00,
    0x00, 0x00, 0x00, 0x01, 0xff, 0xff, 0x30, 0xcf, 0xff, 0x50, 0x00, 0x00, 0x00, 0x00, 0x00, 0x00,
    0x00, 0x00, 0x00, 0x0b, 0xff, 0xf6, 0x0f, 0xff, 0xf2, 0x00, 0x00, 0x00, 0x00, 0x00, 0x00, 0x00,
    0x00, 0x00, 0x00, 0x8f, 0xff, 0x90, 0xff, 0xff, 0x00, 0x00, 0x00, 0x00, 0x00, 0x00, 0x00, 0x00,
    0x00, 0x00, 0x06, 0xff, 0xfa, 0x1f, 0xff, 0xf0, 0x00, 0x00, 0x00, 0x00, 0x00, 0x00, 0x00, 0x00,
    0x00, 0x00, 0x5f, 0xff, 0xb0, 0xff, 0xff, 0x00, 0x00, 0x00, 0x00, 0x00, 0x00, 0x00, 0x00, 0x00,
    0x00, 0x06, 0xff, 0xfa, 0x0f, 0xff, 0xf2, 0x00, 0x00, 0x00, 0x00, 0x00, 0x00, 0x00, 0x00, 0x00,
    0x00, 0x8f, 0xff, 0x90, 0xcf, 0xff, 0x50, 0x00, 0x00, 0x00, 0x00, 0x00, 0x00, 0x00, 0x00, 0x00,
    0x0b, 0xff, 0xf6, 0x09, 0xff, 0xfa, 0x00, 0x00, 0x00, 0x00, 0x00, 0x00, 0x00, 0x00, 0x00, 0x01,
    0xff, 0xff, 0x30, 0x4f, 0xff, 0xf1, 0x00, 0x00, 0x00, 0x00, 0x00, 0x00, 0x00, 0x00, 0x00, 0x7f,
    0xff, 0xe0, 0x00, 0xdf, 0xff, 0x90, 0x00, 0x00, 0x00, 0x00, 0x00, 0x00, 0x00, 0x00, 0x1e, 0xff,
    0xf7, 0x00, 0x06, 0xff, 0xff, 0x40, 0x00, 0x00, 0x00, 0x00, 0x00, 0x00, 0x00, 0x0a, 0xff, 0xff,
    0x10, 0x00, 0x0c, 0xff, 0xff, 0x30, 0x00, 0x00, 0x00, 0x00, 0x00, 0x00, 0x09, 0xff, 0xff, 0x60,
    0x00, 0x00, 0x2f, 0xff, 0xff, 0x60, 0x00, 0x00, 0x00, 0x00, 0x00, 0x1a, 0xff, 0xff, 0xb0, 0x00,
    0x00, 0x00, 0x4f, 0xff, 0xff, 0xc5, 0x00, 0x00, 0x00, 0x01, 0x7f, 0xff, 0xff, 0xc1, 0x00, 0x00,
    0x00, 0x00, 0x3e, 0xff, 0xff, 0xff, 0xb8, 0x78, 0x9c, 0xff, 0xff, 0xff, 0xb1, 0x00, 0x00, 0x00,
    0x00, 0x00, 0x2b, 0xff, 0xff, 0xff, 0xff, 0xff, 0xff, 0xff, 0xff, 0x70, 0x00, 0x00, 0x00, 0x00,
    0x00, 0x00, 0x04, 0xcf, 0xff, 0xff, 0xff, 0xff, 0xff, 0xf9, 0x20, 0x00, 0x00, 0x00, 0x00, 0x00,
    0x00, 0x00, 0x00, 0x27, 0xbd, 0xff, 0xff, 0xc9, 0x51, 0x00, 0x00, 0x00, 0x00, 0x00, 0x00, 0x00,
    0x00, 0x00, 0x00, 0x00, 0x01, 0x88, 0x88, 0x60, 0x00, 0x00, 0x00, 0x00, 0x00, 0x00, 0x00, 0x01,
    0xdf, 0xff, 0xb1, 0x00, 0x00, 0x00, 0x00, 0x00, 0x00, 0x00, 0x01, 0xdf, 0xff, 0x90, 0x00, 0x00,
    0x00, 0x00, 0x00, 0x00, 0x00, 0x01, 0xdf, 0xff, 0x60, 0x00, 0x00, 0x00, 0x00, 0x00, 0x00, 0x00,
    0x01, 0xcf, 0xfe, 0x30, 0x00, 0x00, 0x00, 0x00, 0x00, 0x00, 0x00, 0x01, 0xcf, 0xfd, 0x20, 0x00,
    0x00, 0x00, 0x00, 0x00, 0x00, 0x00, 0x00, 0x00, 0x00, 0x00, 0x00, 0x00, 0x00, 0x00, 0x00, 0x00,
    0x00, 0x00, 0x00, 0x00, 0x00, 0x00, 0x00, 0x00, 0x00, 0x00, 0x00, 0x00, 0x00, 0x00, 0x00, 0x00,
    0x00, 0x00, 0x00, 0x00, 0x00, 0x00, 0x00, 0x00, 0x00, 0x49, 0xdf, 0xff, 0xeb, 0x61, 0x00, 0x00,
    0x00, 0x00, 0x00, 0x04, 0xdf, 0xff, 0xff, 0xff, 0xff, 0xf8, 0x00, 0x00, 0x00, 0x00, 0x08, 0xff,
    0xff, 0xff, 0xff, 0xff, 0xff, 0xfd, 0x20, 0x00, 0x00, 0x09, 0xff, 0xff, 0xfd, 0x98, 0x9b, 0xff,
    0xff, 0xfe, 0x10, 0x00, 0x06, 0xff, 0xff, 0xd3, 0x00, 0x00, 0x01, 0x8f, 0xff, 0xfc, 0x00, 0x01,
    0xff, 0xff, 0xa0, 0x00, 0x00, 0x00, 0x00, 0x4f, 0xff, 0xf6, 0x00, 0x7f, 0xff, 0xd1, 0x00, 0x00,
    0x00, 0x00, 0x00, 0x7f, 0xff, 0xe0, 0x0d, 0xff, 0xf5, 0x00, 0x00, 0x00, 0x00, 0x00, 0x00, 0xef,
    0xff, 0x31, 0xff, 0xff, 0x00, 0x00, 0x00, 0x00, 0x00, 0x00, 0x09, 0xff, 0xf7, 0x3f, 0xff, 0xc0,
    0x00, 0x00, 0x00, 0x00, 0x00, 0x00, 0x5f, 0xff, 0xa5, 0xff, 0xfa, 0x00, 0x00, 0x00, 0x00, 0x00,
    0x00, 0x03, 0xff, 0xfb, 0x5f, 0xff, 0xa0, 0x00, 0x00, 0x00, 0x00, 0x00, 0x00, 0x3f, 0xff, 0xb3,
    0xff, 0xfc, 0x00, 0x00, 0x00, 0x00, 0x00, 0x00, 0x05, 0xff, 0xfa, 0x1f, 0xff, 0xf0, 0x00, 0x00,
    0x00, 0x00, 0x00, 0x00, 0x9f, 0xff, 0x70, 0xdf, 0xff, 0x50, 0x00, 0x00, 0x00, 0x00, 0x00, 0x0e,
    0xff, 0xf3, 0x07, 0xff, 0xfe, 0x10, 0x00, 0x00, 0x00, 0x00, 0x08, 0xff, 0xfd, 0x00, 0x1f, 0xff,
    0xfb, 0x10, 0x00, 0x00, 0x00, 0x05, 0xff, 0xff, 0x60, 0x00, 0x6f, 0xff, 0xfd, 0x30, 0x00, 0x00,
    0x18, 0xff, 0xff, 0xc0, 0x00, 0x00, 0x9f, 0xff, 0xff, 0xd9, 0x89, 0xbf, 0xff, 0xff, 0xe1, 0x00,
    0x00, 0x00, 0x8f, 0xff, 0xff, 0xff, 0xff, 0xff, 0xff, 0xd2, 0x00, 0x00, 0x00, 0x00, 0x4d, 0xff,
    0xff, 0xff, 0xff, 0xff, 0x80, 0x00, 0x00, 0x00, 0x00, 0x00, 0x04, 0x9d, 0xff, 0xfe, 0xb6, 0x10,
    0x00, 0x00, 0x00, 0x00, 0x00, 0x00, 0x00, 0x00, 0x00, 0x9f, 0xff, 0xd0, 0x00, 0x00, 0x00, 0x00,
    0x00, 0x00, 0x00, 0x00, 0x00, 0x00, 0x00, 0x00, 0x1f, 0xff, 0xff, 0x40, 0x00, 0x00, 0x00, 0x00,
    0x00, 0x00, 0x00, 0x00, 0x00, 0x00, 0x00, 0x07, 0xff, 0xff, 0xfb, 0x00, 0x00, 0x00, 0x00, 0x00,
    0x00, 0x00, 0x00, 0x00, 0x00, 0x00, 0x00, 0xef, 0xff, 0xff, 0xf2, 0x00, 0x00, 0x00, 0x00, 0x00,
    0x00, 0x00, 0x00, 0x00, 0x00, 0x00, 0x5f, 0xff, 0xef, 0xff, 0x90, 0x00, 0x00, 0x00, 0x00, 0x00,
    0x00, 0x00, 0x00, 0x00, 0x00, 0x0c, 0xff, 0xf3, 0xff, 0xff, 0x10, 0x00, 0x00, 0x00, 0x00, 0x00,
    0x00, 0x00, 0x00, 0x00, 0x03, 0xff, 0xfc, 0x09, 0xff, 0xf7, 0x00, 0x00, 0x00, 0x00, 0x00, 0x00,
    0x00, 0x00, 0x00, 0x00, 0xaf, 0xff, 0x50, 0x2f, 0xff, 0xe0, 0x00, 0x00, 0x00, 0x00, 0x00, 0x00,
    0x00, 0x00, 0x00, 0x2f, 0xff, 0xe0, 0x00, 0xbf, 0xff, 0x50, 0x00, 0x00, 0x00, 0x00, 0x00, 0x00,
    0x00, 0x00, 0x08, 0xff, 0xf7, 0x00, 0x04, 0xff, 0xfc, 0x00, 0x00, 0x00, 0x00, 0x00, 0x00, 0x00,
    0x00, 0x01, 0xff, 0xff, 0x10, 0x00, 0x0d, 0xff, 0xf3, 0x00, 0x00, 0x00, 0x00, 0x00, 0x00, 0x00,
    0x00, 0x6f, 0xff, 0x90, 0x00, 0x00, 0x6f, 0xff, 0xa0, 0x00, 0x00, 0x00, 0x00, 0x00, 0x00, 0x00,
    0x0d, 0xff, 0xf3, 0x00, 0x00, 0x01, 0xff, 0xff, 0x20, 0x00, 0x00, 0x00, 0x00, 0x00, 0x00, 0x04,
    0xff, 0xfc, 0x00, 0x00, 0x00, 0x09, 0xff, 0xf8, 0x00, 0x00, 0x00, 0x00, 0x00, 0x00, 0x00, 0xbf,
    0xff, 0x50, 0x00, 0x00, 0x00, 0x2f, 0xff, 0xf1, 0x00, 0x00, 0x00, 0x00, 0x00, 0x00, 0x2f, 0xff,
    0xe0, 0x00, 0x00, 0x00, 0x00, 0xbf, 0xff, 0x60, 0x00, 0x00, 0x00, 0x00, 0x00, 0x09, 0xff, 0xf7,
    0x00, 0x00, 0x00, 0x00, 0x04, 0xff, 0xfd, 0x00, 0x00, 0x00, 0x00, 0x00, 0x01, 0xff, 0xff, 0x10,
    0x00, 0x00, 0x00, 0x00, 0x0d, 0xff, 0xf4, 0x00, 0x00, 0x00, 0x00, 0x00, 0x7f, 0xff, 0xd7, 0x77,
    0x77, 0x77, 0x77, 0x77, 0xbf, 0xff, 0xb0, 0x00, 0x00, 0x00, 0x00, 0x0e, 0xff, 0xff, 0xff, 0xff,
    0xff, 0xff, 0xff, 0xff, 0xff, 0xff, 0x20, 0x00, 0x00, 0x00, 0x05, 0xff, 0xff, 0xff, 0xff, 0xff,
    0xff, 0xff, 0xff, 0xff, 0xff, 0xf9, 0x00, 0x00, 0x00, 0x00, 0xcf, 0xff, 0xff, 0xff, 0xff, 0xff,
    0xff, 0xff, 0xff, 0xff, 0xff, 0xf1, 0x00, 0x00, 0x00, 0x3f, 0xff, 0xf0, 0x00, 0x00, 0x00, 0x00,
    0x00, 0x00, 0x00, 0xcf, 0xff, 0x70, 0x00, 0x00, 0x0a, 0xff, 0xf8, 0x00, 0x00, 0x00, 0x00, 0x00,
    0x00, 0x00, 0x05, 0xff, 0xfe, 0x00, 0x00, 0x02, 0xff, 0xff, 0x10, 0x00, 0x00, 0x00, 0x00, 0x00,
    0x00, 0x00, 0x0e, 0xff, 0xf5, 0x00, 0x00, 0x8f, 0xff, 0xa0, 0x00, 0x00, 0x00, 0x00, 0x00, 0x00,
    0x00, 0x00, 0x7f, 0xff, 0xc0, 0x00, 0x1f, 0xff, 0xf3, 0x00, 0x00, 0x00, 0x00, 0x00, 0x00, 0x00,
    0x00, 0x01, 0xff, 0xff, 0x30, 0x06, 0xff, 0xfc, 0x00, 0x00, 0x00, 0x00, 0x00, 0x00, 0x00, 0x00,
    0x00, 0x09, 0xff, 0xfa, 0x00, 0xdf, 0xff, 0x50, 0x00, 0x00, 0x00, 0x00, 0x00, 0x00, 0x00, 0x00,
    0x00, 0x2f, 0xff, 0xf3, 0x00, 0x00, 0x00, 0x00, 0x00, 0x00, 0x00, 0x00, 0x00, 0x00, 0x00, 0x00,
    0x1b, 0xff, 0xe6, 0x00, 0x00, 0x00, 0x00, 0x00, 0x00, 0x00, 0x00, 0x00, 0x00, 0x00, 0x00, 0x0c,
    0xff, 0x91, 0x00, 0x00, 0x00, 0x00, 0x00, 0x00, 0x00, 0x00, 0x00, 0x00, 0x00, 0x00, 0x08, 0xff,
    0x80, 0x00, 0x00, 0x00, 0x00, 0x00, 0x00, 0x00, 0x00, 0x00, 0x00, 0x00, 0x00, 0x00, 0xff, 0xe0,
    0x00, 0x00, 0x00, 0x00, 0x00, 0x00, 0x00, 0x00, 0x00, 0x00, 0x00, 0x00, 0x00, 0x3f, 0xfa, 0x00,
    0x00, 0x00, 0x00, 0x00, 0x00, 0x00, 0x00, 0x00, 0x00, 0x00, 0x00, 0x00, 0x02, 0xff, 0xc0, 0x00,
    0x00, 0x00, 0x00, 0x00, 0x00, 0x00, 0x00, 0x00, 0x00, 0x00, 0x00, 0x00, 0x0e, 0xff, 0xa4, 0x37,
    0x80, 0x00, 0x00, 0x00, 0x00, 0x00, 0x00, 0x00, 0x00, 0x00, 0x00, 0x00, 0x5f, 0xff, 0xff, 0xff,
    0x10, 0x00, 0x00, 0x00, 0x00, 0x00, 0x00, 0x00, 0x00, 0x00, 0x00, 0x00, 0x3b, 0xff, 0xec, 0x60,
    0x00, 0x00, 0x48, 0xce, 0xff, 0xfd, 0xa5, 0x00, 0x00, 0x00, 0x00, 0x7d, 0xff, 0xff, 0xff, 0xff,
    0xff, 0xe4, 0x00, 0x00, 0x2c, 0xff, 0xff, 0xff, 0xff, 0xff, 0xff, 0xff, 0x50, 0x00, 0x1f, 0xff,
    0xff, 0xc9, 0x88, 0x9d, 0xff, 0xff, 0xf2, 0x00, 0x07, 0xfd, 0x60, 0x00, 0x00, 0x00, 0x4e, 0xff,
    0xfa, 0x00, 0x00, 0x60, 0x00, 0x00, 0x00, 0x00, 0x03, 0xff, 0xff, 0x00, 0x00, 0x00, 0x00, 0x00,
    0x00, 0x00, 0x00, 0xbf, 0xff, 0x30, 0x00, 0x00, 0x00, 0x00, 0x00, 0x00, 0x00, 0x8f, 0xff, 0x50,
    0x00, 0x00, 0x00, 0x00, 0x00, 0x00, 0x00, 0x7f, 0xff, 0x70, 0x00, 0x02, 0x8b, 0xef, 0xff, 0xff,
    0xff, 0xff, 0xff, 0x70, 0x00, 0x8f, 0xff, 0xff, 0xff, 0xff, 0xff, 0xff, 0xff, 0x70, 0x0a, 0xff,
    0xff, 0xff, 0xff, 0xff, 0xff, 0xff, 0xff, 0x70, 0x5f, 0xff, 0xff, 0xa8, 0x77, 0x77, 0x77, 0xbf,
    0xff, 0x70, 0xbf, 0xff, 0xa1, 0x00, 0x00, 0x00, 0x00, 0x7f, 0xff, 0x70, 0xff, 0xff, 0x00, 0x00,
    0x00, 0x00, 0x00, 0x7f, 0xff, 0x70, 0xff, 0xfd, 0x00, 0x00, 0x00, 0x00, 0x00, 0xaf, 0xff, 0x70,
    0xef, 0xff, 0x10, 0x00, 0x00, 0x00, 0x05, 0xff, 0xff, 0x70, 0xbf, 0xff, 0xc1, 0x00, 0x00, 0x01,
    0x8f, 0xff, 0xff, 0x70, 0x4f, 0xff, 0xff, 0xb9, 0x79, 0xbf, 0xff, 0xef, 0xff, 0x70, 0x08, 0xff,
    0xff, 0xff, 0xff, 0xff, 0xff, 0x5f, 0xff, 0x70, 0x00, 0x7f, 0xff, 0xff, 0xff, 0xff, 0xd2, 0x3f,
    0xff, 0x70, 0x00, 0x02, 0x8c, 0xff, 0xfd, 0xa5, 0x00, 0x8f, 0xff, 0x80, 0x00, 0x00, 0x00, 0x00,
    0x00, 0x00, 0x0a, 0xff, 0xf7, 0x10, 0x00, 0x00, 0x00, 0x00, 0x00, 0x00, 0xbf, 0xfb, 0x10, 0x00,
    0x00, 0x00, 0x00, 0x00, 0x00, 0x06, 0xff, 0xa0, 0x00, 0x00, 0x00, 0x00, 0x00, 0x00, 0x00, 0x0d,
    0xff, 0x10, 0x00, 0x00, 0x00, 0x00, 0x00, 0x00, 0x00, 0x1f, 0xfc, 0x00, 0x00, 0x00, 0x00, 0x00,
    0x00, 0x00, 0x00, 0x0f, 0xfe, 0x00, 0x00, 0x00, 0x00, 0x00, 0x00, 0x00, 0x00, 0x0c, 0xff, 0xb4,
    0x36, 0x90, 0x00, 0x00, 0x00, 0x00, 0x00, 0x03, 0xff, 0xff, 0xff, 0xf2, 0x00, 0x00, 0x00, 0x00,
    0x00, 0x00, 0x2a, 0xef, 0xfd, 0x71, 0x00, 0x00, 0x00, 0x00, 0x00, 0x00, 0x00, 0x00, 0x03, 0x88,
    0x88, 0x40, 0x00, 0x00, 0x00, 0x00, 0x00, 0x00, 0x00, 0x00, 0x00, 0x03, 0xff, 0xff, 0x80, 0x00,
    0x00, 0x00, 0x00, 0x00, 0x00, 0x00, 0x00, 0x00, 0x03, 0xff, 0xff, 0x60, 0x00, 0x00, 0x00, 0x00,
    0x00, 0x00, 0x00, 0x00, 0x00, 0x03, 0xff, 0xfe, 0x30, 0x00, 0x00, 0x00, 0x00, 0x00, 0x00, 0x00,
    0x00, 0x00, 0x03, 0xff, 0xfc, 0x10, 0x00, 0x00, 0x00, 0x00, 0x00, 0x00, 0x00, 0x00, 0x00, 0x03,
    0xff, 0xfa, 0x00, 0x00, 0x00, 0x00, 0x00, 0x00, 0x00, 0x00, 0x00, 0x00, 0x00, 0x00, 0x00, 0x00,
    0x00, 0x00, 0x00, 0x00, 0x00, 0x00, 0x00, 0x00, 0x00, 0x00, 0x00, 0x00, 0x00, 0x00, 0x00, 0x00,
    0x00, 0x00, 0x00, 0x00, 0x00, 0x00, 0x00, 0x27, 0xbd, 0xff, 0xff, 0xd9, 0x51, 0x00, 0x00, 0x00,
    0x00, 0x00, 0x00, 0x04, 0xcf, 0xff, 0xff, 0xff, 0xff, 0xff, 0xf9, 0x20, 0x00, 0x00, 0x00, 0x00,
    0x2b, 0xff, 0xff, 0xff, 0xff, 0xff, 0xff, 0xff, 0xff, 0x70, 0x00, 0x00, 0x00, 0x4f, 0xff, 0xff,
    0xff, 0xb9, 0x78, 0x9c, 0xff, 0xff, 0xff, 0xa0, 0x00, 0x00, 0x4f, 0xff, 0xff, 0xc5, 0x00, 0x00,
    0x00, 0x01, 0x7f, 0xff, 0xff, 0x20, 0x00, 0x2f, 0xff, 0xff, 0x60, 0x00, 0x00, 0x00, 0x00, 0x00,
    0x1b, 0xff, 0x30, 0x00, 0x0c, 0xff, 0xff, 0x30, 0x00, 0x00, 0x00, 0x00, 0x00, 0x00, 0x09, 0x30,
    0x00, 0x06, 0xff, 0xff, 0x40, 0x00, 0x00, 0x00, 0x00, 0x00, 0x00, 0x00, 0x00, 0x00, 0x00, 0xef,
    0xff, 0x90, 0x00, 0x00, 0x00, 0x00, 0x00, 0x00, 0x00, 0x00, 0x00, 0x00, 0x4f, 0xff, 0xf1, 0x00,
    0x00, 0x00, 0x00, 0x00, 0x00, 0x00, 0x00, 0x00, 0x00, 0x09, 0xff, 0xfa, 0x00, 0x00, 0x00, 0x00,
    0x00, 0x00, 0x00, 0x00, 0x00, 0x00, 0x00, 0xcf, 0xff, 0x50, 0x00, 0x00, 0x00, 0x00, 0x00, 0x00,
    0x00, 0x00, 0x00, 0x00, 0x0f, 0xff, 0xf2, 0x00, 0x00, 0x00, 0x00, 0x00, 0x00, 0x00, 0x00, 0x00,
    0x00, 0x00, 0xff, 0xff, 0x00, 0x00, 0x00, 0x00, 0x00, 0x00, 0x00, 0x00, 0x00, 0x00, 0x00, 0x1f,
    0xff, 0xf0, 0x00, 0x00, 0x00, 0x00, 0x00, 0x00, 0x00, 0x00, 0x00, 0x00, 0x00, 0xff, 0xff, 0x00,
    0x00, 0x00, 0x00, 0x00, 0x00, 0x00, 0x00, 0x00, 0x00, 0x00, 0x0f, 0xff, 0xf2, 0x00, 0x00, 0x00,
    0x00, 0x00, 0x00, 0x00, 0x00, 0x00, 0x00, 0x00, 0xcf, 0xff, 0x50, 0x00, 0x00, 0x00, 0x00, 0x00,
    0x00, 0x00, 0x00, 0x00, 0x00, 0x09, 0xff, 0xfa, 0x00, 0x00, 0x00, 0x00, 0x00, 0x00, 0x00, 0x00,
    0x00, 0x00, 0x00, 0x4f, 0xff, 0xf1, 0x00, 0x00, 0x00, 0x00, 0x00, 0x00, 0x00, 0x00, 0x00, 0x00,
    0x00, 0xef, 0xff, 0x90, 0x00, 0x00, 0x00, 0x00, 0x00, 0x00, 0x00, 0x00, 0x00, 0x00, 0x06, 0xff,
    0xff, 0x40, 0x00, 0x00, 0x00, 0x00, 0x00, 0x00, 0x00, 0x00, 0x00, 0x00, 0x0c, 0xff, 0xff, 0x30,
    0x00, 0x00, 0x00, 0x00, 0x00, 0x00, 0x09, 0x40, 0x00, 0x00, 0x2f, 0xff, 0xff, 0x60, 0x00, 0x00,
    0x00, 0x00, 0x00, 0x1b, 0xff, 0x40, 0x00, 0x00, 0x4f, 0xff, 0xff, 0xc5, 0x00, 0x00, 0x00, 0x01,
    0x7f, 0xff, 0xff, 0x20, 0x00, 0x00, 0x4f, 0xff, 0xff, 0xff, 0xb8, 0x78, 0x9c, 0xff, 0xff, 0xff,
    0x80, 0x00, 0x00, 0x00, 0x2b, 0xff, 0xff, 0xff, 0xff, 0xff, 0xff, 0xff, 0xff, 0x50, 0x00, 0x00,
    0x00, 0x00, 0x05, 0xcf, 0xff, 0xff, 0xff, 0xff, 0xff, 0xf8, 0x10, 0x00, 0x00, 0x00, 0x00, 0x00,
    0x00, 0x27, 0xbe, 0xff, 0xfe, 0xc9, 0x51, 0x00, 0x00, 0x00, 0x00, 0x00, 0x00, 0x00, 0x00, 0x00,
    0x05, 0x88, 0x88, 0x10, 0x00, 0x00, 0x00, 0x00, 0x00, 0x00, 0x07, 0xff, 0xff, 0x40, 0x00, 0x00,
    0x00, 0x00, 0x00, 0x00, 0x07, 0xff, 0xfe, 0x20, 0x00, 0x00, 0x00, 0x00, 0x00, 0x00, 0x07, 0xff,
    0xfb, 0x10, 0x00, 0x00, 0x00, 0x00, 0x00, 0x00, 0x06, 0xff, 0xf9, 0x00, 0x00, 0x00, 0x00, 0x00,
    0x00, 0x00, 0x06, 0xff, 0xf6, 0x00, 0x00, 0x00, 0x00, 0x00, 0x00, 0x00, 0x00, 0x00, 0x00, 0x00,
    0x00, 0x00, 0x00, 0x00, 0x00, 0x00, 0x00, 0x00, 0x00, 0x00, 0x00, 0x00, 0x00, 0x00, 0x00, 0x00,
    0x00, 0x00, 0x00, 0x00, 0x00, 0x00, 0x00, 0x00, 0x00, 0x00, 0x00, 0x00, 0x49, 0xcf, 0xff, 0xeb,
    0x71, 0x00, 0x00, 0x00, 0x00, 0x04, 0xdf, 0xff, 0xff, 0xff, 0xff, 0xf8, 0x00, 0x00, 0x00, 0x08,
    0xff, 0xff, 0xff, 0xff, 0xff, 0xff, 0xfc, 0x10, 0x00, 0x08, 0xff, 0xff, 0xfd, 0xa8, 0x8a, 0xff,
    0xff, 0xfc, 0x00, 0x05, 0xff, 0xff, 0xd3, 0x00, 0x00, 0x01, 0x8f, 0xff, 0xf5, 0x01, 0xff, 0xff,
    0xb0, 0x00, 0x00, 0x00, 0x00, 0x5f, 0xe5, 0x00, 0x7f, 0xff, 0xd1, 0x00, 0x00, 0x00, 0x00, 0x00,
    0x51, 0x00, 0x0d, 0xff, 0xf5, 0x00, 0x00, 0x00, 0x00, 0x00, 0x00, 0x00, 0x01, 0xff, 0xff, 0x00,
    0x00, 0x00, 0x00, 0x00, 0x00, 0x00, 0x00, 0x3f, 0xff, 0xc0, 0x00, 0x00, 0x00, 0x00, 0x00, 0x00,
    0x00, 0x05, 0xff, 0xfa, 0x00, 0x00, 0x00, 0x00, 0x00, 0x00, 0x00, 0x00, 0x5f, 0xff, 0xa0, 0x00,
    0x00, 0x00, 0x00, 0x00, 0x00, 0x00, 0x03, 0xff, 0xfc, 0x00, 0x00, 0x00, 0x00, 0x00, 0x00, 0x00,
    0x00, 0x1f, 0xff, 0xf0, 0x00, 0x00, 0x00, 0x00, 0x00, 0x00, 0x00, 0x00, 0xdf, 0xff, 0x50, 0x00,
    0x00, 0x00, 0x00, 0x00, 0x00, 0x00, 0x07, 0xff, 0xfd, 0x10, 0x00, 0x00, 0x00, 0x00, 0x04, 0x10,
    0x00, 0x1e, 0xff, 0xfa, 0x00, 0x00, 0x00, 0x00, 0x04, 0xfe, 0x50, 0x00, 0x5f, 0xff, 0xfd, 0x30,
    0x00, 0x00, 0x18, 0xff, 0xff, 0x40, 0x00, 0x8f, 0xff, 0xff, 0xda, 0x88, 0xaf, 0xff, 0xff, 0xc0,
    0x00, 0x00, 0x7f, 0xff, 0xff, 0xff, 0xff, 0xff, 0xff, 0xc1, 0x00, 0x00, 0x00, 0x3c, 0xff, 0xff,
    0xff, 0xff, 0xff, 0x80, 0x00, 0x00, 0x00, 0x00, 0x04, 0x9c, 0xff, 0xfe, 0xb7, 0x10, 0x00, 0x00,
    0xdf, 0xff, 0xff, 0xff, 0xff, 0xff, 0xff, 0xff, 0xff, 0xff, 0x00, 0xdf, 0xff, 0xff, 0xff, 0xff,
    0xff, 0xff, 0xff, 0xff, 0xff, 0x00, 0xdf, 0xff, 0xff, 0xff, 0xff, 0xff, 0xff, 0xff, 0xff, 0xff,
    0x00, 0xdf, 0xff, 0x97, 0x77, 0x77, 0x77, 0x77, 0x77, 0x77, 0x77, 0x00, 0xdf, 0xff, 0x30, 0x00,
    0x00, 0x00, 0x00, 0x00, 0x00, 0x00, 0x00, 0xdf, 0xff, 0x30, 0x00, 0x00, 0x00, 0x00, 0x00, 0x00,
    0x00, 0x00, 0xdf, 0xff, 0x30, 0x00, 0x00, 0x00, 0x00, 0x00, 0x00, 0x00, 0x00, 0xdf, 0xff, 0x30,
    0x00, 0x00, 0x00, 0x00, 0x00, 0x00, 0x00, 0x00, 0xdf, 0xff, 0x30, 0x00, 0x00, 0x00, 0x00, 0x00,
    0x00, 0x00, 0x00, 0xdf, 0xff, 0x30, 0x00, 0x00, 0x00, 0x00, 0x00, 0x00, 0x00, 0x00, 0xdf, 0xff,
    0x30, 0x00, 0x00, 0x00, 0x00, 0x00, 0x00, 0x00, 0x00, 0xdf, 0xff, 0x30, 0x00, 0x00, 0x00, 0x00,
    0x00, 0x00, 0x00, 0x00, 0xdf, 0xff, 0x97, 0x77, 0x77, 0x77, 0x77, 0x77, 0x77, 0x20, 0x00, 0xdf,
    0xff, 0xff, 0xff, 0xff, 0xff, 0xff, 0xff, 0xff, 0x40, 0x00, 0xdf, 0xff, 0xff, 0xff, 0xff, 0xff,
    0xff, 0xff, 0xff, 0x40, 0x00, 0xdf, 0xff, 0xff, 0xff, 0xff, 0xff, 0xff, 0xff, 0xff, 0x40, 0x00,
    0xdf, 0xff, 0x30, 0x00, 0x00, 0x00, 0x00, 0x00, 0x00, 0x00, 0x00, 0xdf, 0xff, 0x30, 0x00, 0x00,
    0x00, 0x00, 0x00, 0x00, 0x00, 0x00, 0xdf, 0xff, 0x30, 0x00, 0x00, 0x00, 0x00, 0x00, 0x00, 0x00,
    0x00, 0xdf, 0xff, 0x30, 0x00, 0x00, 0x00, 0x00, 0x00, 0x00, 0x00, 0x00, 0xdf, 0xff, 0x30, 0x00,
    0x00, 0x00, 0x00, 0x00, 0x00, 0x00, 0x00, 0xdf, 0xff, 0x30, 0x00, 0x00, 0x00, 0x00, 0x00, 0x00,
    0x00, 0x00, 0xdf, 0xff, 0x30, 0x00, 0x00, 0x00, 0x00, 0x00, 0x00, 0x00, 0x00, 0xdf, 0xff, 0x30,
    0x00, 0x00, 0x00, 0x00, 0x00, 0x00, 0x00, 0x00, 0xdf, 0xff, 0x30, 0x00, 0x00, 0x00, 0x00, 0x00,
    0x00, 0x00, 0x00, 0xdf, 0xff, 0x97, 0x77, 0x77, 0x77, 0x77, 0x77, 0x77, 0x77, 0x40, 0xdf, 0xff,
    0xff, 0xff, 0xff, 0xff, 0xff, 0xff, 0xff, 0xff, 0x80, 0xdf, 0xff, 0xff, 0xff, 0xff, 0xff, 0xff,
    0xff, 0xff, 0xff, 0x80, 0xdf, 0xff, 0xff, 0xff, 0xff, 0xff, 0xff, 0xff, 0xff, 0xff, 0xa0, 0x00,
    0x00, 0x00, 0x00, 0x00, 0x00, 0x00, 0x09, 0xff, 0xf8, 0x10, 0x00, 0x00, 0x00, 0x00, 0x00, 0x00,
    0x00, 0xaf, 0xfb, 0x10, 0x00, 0x00, 0x00, 0x00, 0x00, 0x00, 0x00, 0x05, 0xff, 0xb0, 0x00, 0x00,
    0x00, 0x00, 0x00, 0x00, 0x00, 0x00, 0x0c, 0xff, 0x10, 0x00, 0x00, 0x00, 0x00, 0x00, 0x00, 0x00,
    0x00, 0x0f, 0xfd, 0x00, 0x00, 0x00, 0x00, 0x00, 0x00, 0x00, 0x00, 0x00, 0x0f, 0xff, 0x10, 0x00,
    0x00, 0x00, 0x00, 0x00, 0x00, 0x00, 0x00, 0x0b, 0xff, 0xc4, 0x36, 0x90, 0x00, 0x00, 0x00, 0x00,
    0x00, 0x00, 0x02, 0xff, 0xff, 0xff, 0xf3, 0x00, 0x00, 0x00, 0x00, 0x00, 0x00, 0x00, 0x2a, 0xef,
    0xfd, 0x81, 0x00, 0x00, 0x00, 0x05, 0xae, 0xff, 0xfc, 0x93, 0x00, 0x00, 0x00, 0x00, 0x00, 0x06,
    0xef, 0xff, 0xff, 0xff, 0xff, 0xb2, 0x00, 0x00, 0x00, 0x00, 0xaf, 0xff, 0xff, 0xff, 0xff, 0xff,
    0xff, 0x40, 0x00, 0x00, 0x0a, 0xff, 0xff, 0xfa, 0x87, 0x9c, 0xff, 0xff, 0xf3, 0x00, 0x00, 0x7f,
    0xff, 0xf7, 0x10, 0x00, 0x00, 0x2b, 0xff, 0xfe, 0x10, 0x01, 0xff, 0xff, 0x40, 0x00, 0x00, 0x00,
    0x00, 0x9f, 0xff, 0x80, 0x08, 0xff, 0xf7, 0x00, 0x00, 0x00, 0x00, 0x00, 0x0c, 0xff, 0xf0, 0x0d,
    0xff, 0xe0, 0x00, 0x00, 0x00, 0x00, 0x00, 0x05, 0xff, 0xf4, 0x1f, 0xff, 0xa0, 0x00, 0x00, 0x00,
    0x00, 0x00, 0x00, 0xff, 0xf8, 0x3f, 0xff, 0xff, 0xff, 0xff, 0xff, 0xff, 0xff, 0xff, 0xff, 0xfb,
    0x5f, 0xff, 0xff, 0xff, 0xff, 0xff, 0xff, 0xff, 0xff, 0xff, 0xfc, 0x5f, 0xff, 0xff, 0xff, 0xff,
    0xff, 0xff, 0xff, 0xff, 0xff, 0xfd, 0x3f, 0xff, 0xc7, 0x77, 0x77, 0x77, 0x77, 0x77, 0x77, 0x77,
    0x75, 0x1f, 0xff, 0xc0, 0x00, 0x00, 0x00, 0x00, 0x00, 0x00, 0x00, 0x00, 0x0d, 0xff, 0xf2, 0x00,
    0x00, 0x00, 0x00, 0x00, 0x00, 0x00, 0x00, 0x07, 0xff, 0xfb, 0x00, 0x00, 0x00, 0x00, 0x00, 0x00,
    0x00, 0x00, 0x01, 0xff, 0xff, 0x90, 0x00, 0x00, 0x00, 0x00, 0x04, 0xa0, 0x00, 0x00, 0x6f, 0xff,
    0xfc, 0x30, 0x00, 0x00, 0x01, 0x9f, 0xf9, 0x00, 0x00, 0x09, 0xff, 0xff, 0xfd, 0x98, 0x79, 0xcf,
    0xff, 0xff, 0x30, 0x00, 0x00, 0x8f, 0xff, 0xff, 0xff, 0xff, 0xff, 0xff, 0xf7, 0x00, 0x00, 0x00,
    0x04, 0xcf, 0xff, 0xff, 0xff, 0xff, 0xff, 0x50, 0x00, 0x00, 0x00, 0x00, 0x03, 0x8c, 0xef, 0xff,
    0xff, 0xf5, 0x00, 0x00, 0x00, 0x00, 0x00, 0x00, 0x00, 0x00, 0x1d, 0xff, 0x50, 0x00, 0x00, 0x00,
    0x00, 0x00, 0x00, 0x00, 0x00, 0x8f, 0xf9, 0x00, 0x00, 0x00, 0x00, 0x00, 0x00, 0x00, 0x00, 0x00,
    0xff, 0xf1, 0x00, 0x00, 0x00, 0x00, 0x00, 0x00, 0x00, 0x00, 0x04, 0xff, 0x90, 0x00, 0x00, 0x00,
    0x00, 0x00, 0x00, 0x00, 0x00, 0x05, 0xff, 0x60, 0x00, 0x00, 0x00, 0x00, 0x00, 0x00, 0x00, 0x00,
    0x04, 0xff, 0x90, 0x00, 0x00, 0x00, 0x00, 0x00, 0x00, 0x00, 0x00, 0x01, 0xff, 0xf8, 0x34, 0x86,
    0x00, 0x00, 0x00, 0x00, 0x00, 0x00, 0x00, 0x6f, 0xff, 0xff, 0xfd, 0x00, 0x00, 0x00, 0x00, 0x00,
    0x00, 0x00, 0x04, 0xbf, 0xfe, 0xb5, 0x00, 0x00, 0x00, 0x8f, 0xff, 0x80, 0x00, 0x00, 0x00, 0x00,
    0x00, 0x00, 0x00, 0x00, 0x00, 0x8f, 0xff, 0x80, 0x00, 0x00, 0x00, 0x00, 0x00, 0x00, 0x00, 0x00,
    0x00, 0x8f, 0xff, 0x80, 0x00, 0x00, 0x00, 0x00, 0x00, 0x00, 0x00, 0x00, 0x00, 0x8f, 0xff, 0x80,
    0x00, 0x00, 0x00, 0x00, 0x00, 0x00, 0x00, 0x00, 0x00, 0x8f, 0xff, 0x80, 0x00, 0x00, 0x00, 0x00,
    0x00, 0x00, 0x00, 0x00, 0x00, 0x8f, 0xff, 0x80, 0x00, 0x00, 0x00, 0x00, 0x00, 0x00, 0x00, 0x00,
    0x00, 0x8f, 0xff, 0x80, 0x00, 0x00, 0x00, 0x00, 0x00, 0x00, 0x00, 0x00, 0x00, 0x8f, 0xff, 0x80,
    0x01, 0xc8, 0x00, 0x00, 0x00, 0x00, 0x00, 0x00, 0x00, 0x8f, 0xff, 0x80, 0x4e, 0xff, 0x50, 0x00,
    0x00, 0x00, 0x00, 0x00, 0x00, 0x8f, 0xff, 0x87, 0xff, 0xff, 0x50, 0x00, 0x00, 0x00, 0x00, 0x00,
    0x00, 0x8f, 0xff, 0xff, 0xff, 0xd2, 0x00, 0x00, 0x00, 0x00, 0x00, 0x00, 0x00, 0x8f, 0xff, 0xff,
    0xfa, 0x10, 0x00, 0x00, 0x00, 0x00, 0x00, 0x00, 0x00, 0x8f, 0xff, 0xff, 0x60, 0x00, 0x00, 0x00,
    0x00, 0x00, 0x00, 0x00, 0x01, 0xff, 0xff, 0xf3, 0x00, 0x00, 0x00, 0x00, 0x00, 0x00, 0x00, 0x00,
    0x3e, 0xff, 0xff, 0x90, 0x00, 0x00, 0x00, 0x00, 0x00, 0x00, 0x00, 0x06, 0xff, 0xff, 0xff, 0x80,
    0x00, 0x00, 0x00, 0x00, 0x00, 0x00, 0x00, 0x6f, 0xff, 0xff, 0xff, 0x80, 0x00, 0x00, 0x00, 0x00,
    0x00, 0x00, 0x00, 0x1d, 0xfb, 0x9f, 0xff, 0x80, 0x00, 0x00, 0x00, 0x00, 0x00, 0x00, 0x00, 0x02,
    0x70, 0x8f, 0xff, 0x80, 0x00, 0x00, 0x00, 0x00, 0x00, 0x00, 0x00, 0x00, 0x00, 0x8f, 0xff, 0x80,
    0x00, 0x00, 0x00, 0x00, 0x00, 0x00, 0x00, 0x00, 0x00, 0x8f, 0xff, 0x80, 0x00, 0x00, 0x00, 0x00,
    0x00, 0x00, 0x00, 0x00, 0x00, 0x8f, 0xff, 0x80, 0x00, 0x00, 0x00, 0x00, 0x00, 0x00, 0x00, 0x00,
    0x00, 0x8f, 0xff, 0x80, 0x00, 0x00, 0x00, 0x00, 0x00, 0x00, 0x00, 0x00, 0x00, 0x8f, 0xff, 0x80,
    0x00, 0x00, 0x00, 0x00, 0x00, 0x00, 0x00, 0x00, 0x00, 0x8f, 0xff, 0x80, 0x00, 0x00, 0x00, 0x00,
    0x00, 0x00, 0x00, 0x00, 0x00, 0x8f, 0xff, 0xc7, 0x77, 0x77, 0x77, 0x77, 0x77, 0x77, 0x75, 0x00,
    0x00, 0x8f, 0xff, 0xff, 0xff, 0xff, 0xff, 0xff, 0xff, 0xff, 0xfb, 0x00, 0x00, 0x8f, 0xff, 0xff,
    0xff, 0xff, 0xff, 0xff, 0xff, 0xff, 0xfb, 0x00, 0x00, 0x8f, 0xff, 0xff, 0xff, 0xff, 0xff, 0xff,
    0xff, 0xff, 0xfb, 0x00, 0x00, 0x1f, 0xff, 0xd0, 0x00, 0x00, 0x00, 0x01, 0xff, 0xfd, 0x00, 0x00,
    0x00, 0x00, 0x1f, 0xff, 0xd0, 0x00, 0x00, 0x00, 0x01, 0xff, 0xfd, 0x00, 0x00, 0x00, 0x00, 0x1f,
    0xff, 0xd0, 0x00, 0x00, 0x00, 0x01, 0xff, 0xfd, 0x00, 0x00, 0x00, 0x00, 0x1f, 0xff, 0xd0, 0x00,
    0x00, 0x00, 0x01, 0xff, 0xfd, 0x00, 0x00, 0x00, 0x00, 0x1f, 0xff, 0xd0, 0x00, 0x00, 0x00, 0x01,
    0xff, 0xfd, 0x00, 0x00, 0x00, 0x00, 0x1f, 0xff, 0xd0, 0x00, 0x00, 0x00, 0x01, 0xff, 0xfd, 0x02,
    0x50, 0x00, 0x00, 0x1f, 0xff, 0xd4, 0xff, 0x30, 0x00, 0x01, 0xff, 0xff, 0xff, 0xfd, 0x00, 0x00,
    0x1f, 0xff, 0xff, 0xfd, 0x20, 0x00, 0x01, 0xff, 0xff, 0xfa, 0x10, 0x00, 0x00, 0x8f, 0xff, 0xf6,
    0x00, 0x00, 0x01, 0xbf, 0xff, 0xff, 0x00, 0x00, 0x03, 0xef, 0xff, 0xff, 0xd0, 0x00, 0x01, 0xff,
    0xff, 0xff, 0xfd, 0x00, 0x00, 0x08, 0xfe, 0x4f, 0xff, 0xd0, 0x00, 0x00, 0x08, 0x11, 0xff, 0xfd,
    0x00, 0x00, 0x00, 0x00, 0x1f, 0xff, 0xd0, 0x00, 0x00, 0x00, 0x01, 0xff, 0xfd, 0x00, 0x00, 0x00,
    0x00, 0x1f, 0xff, 0xd0, 0x00, 0x00, 0x00, 0x01, 0xff, 0xfd, 0x00, 0x00, 0x00, 0x00, 0x1f, 0xff,
    0xd0, 0x00, 0x00, 0x00, 0x01, 0xff, 0xfd, 0x00, 0x00, 0x00, 0x00, 0x1f, 0xff, 0xd0, 0x00, 0x00,
    0x00, 0x01, 0xff, 0xfd, 0x00, 0x00, 0x00, 0x00, 0x1f, 0xff, 0xd0, 0x00, 0x00, 0x00, 0x00, 0x00,
    0x00, 0x00, 0x00, 0x00, 0x58, 0x88, 0x82, 0x00, 0x00, 0x00, 0x00, 0x00, 0x00, 0x00, 0x00, 0x00,
    0x6f, 0xff, 0xf5, 0x00, 0x00, 0x00, 0x00, 0x00, 0x00, 0x00, 0x00, 0x00, 0x6f, 0xff, 0xe3, 0x00,
    0x00, 0x00, 0x00, 0x00, 0x00, 0x00, 0x00, 0x00, 0x5f, 0xff, 0xc1, 0x00, 0x00, 0x00, 0x00, 0x00,
    0x00, 0x00, 0x00, 0x00, 0x5f, 0xff, 0xa0, 0x00, 0x00, 0x00, 0x00, 0x00, 0x00, 0x00, 0x00, 0x00,
    0x5f, 0xff, 0x70, 0x00, 0x00, 0x00, 0x00, 0x00, 0x00, 0x00, 0x00, 0x00, 0x00, 0x00, 0x00, 0x00,
    0x00, 0x00, 0x00, 0x00, 0x00, 0x00, 0x00, 0x00, 0x00, 0x00, 0x00, 0x00, 0x00, 0x00, 0x00, 0x00,
    0x00, 0xdf, 0xfd, 0x10, 0x00, 0x00, 0x00, 0x00, 0x00, 0x00, 0x00, 0xcf, 0xff, 0x5d, 0xff, 0xfa,
    0x00, 0x00, 0x00, 0x00, 0x00, 0x00, 0x00, 0x0c, 0xff, 0xf5, 0xdf, 0xff, 0xf7, 0x00, 0x00, 0x00,
    0x00, 0x00, 0x00, 0x00, 0xcf, 0xff, 0x5d, 0xff, 0xff, 0xf3, 0x00, 0x00, 0x00, 0x00, 0x00, 0x00,
    0x0c, 0xff, 0xf5, 0xdf, 0xff, 0xff, 0xe1, 0x00, 0x00, 0x00, 0x00, 0x00, 0x00, 0xcf, 0xff, 0x5d,
    0xff, 0xff, 0xff, 0xc0, 0x00, 0x00, 0x00, 0x00, 0x00, 0x0c, 0xff, 0xf5, 0xdf, 0xff, 0xff, 0xff,
    0x80, 0x00, 0x00, 0x00, 0x00, 0x00, 0xcf, 0xff, 0x5d, 0xff, 0xff, 0xff, 0xff, 0x50, 0x00, 0x00,
    0x00, 0x00, 0x0c, 0xff, 0xf5, 0xdf, 0xff, 0x5f, 0xff, 0xff, 0x20, 0x00, 0x00, 0x00, 0x00, 0xcf,
    0xff, 0x5d, 0xff, 0xf3, 0x4f, 0xff, 0xfd, 0x10, 0x00, 0x00, 0x00, 0x0c, 0xff, 0xf5, 0xdf, 0xff,
    0x30, 0x8f, 0xff, 0xfa, 0x00, 0x00, 0x00, 0x00, 0xcf, 0xff, 0x5d, 0xff, 0xf3, 0x00, 0xbf, 0xff,
    0xf6, 0x00, 0x00, 0x00, 0x0c, 0xff, 0xf5, 0xdf, 0xff, 0x30, 0x01, 0xef, 0xff, 0xf3, 0x00, 0x00,
    0x00, 0xcf, 0xff, 0x5d, 0xff, 0xf3, 0x00, 0x03, 0xff, 0xff, 0xe1, 0x00, 0x00, 0x0c, 0xff, 0xf5,
    0xdf, 0xff, 0x30, 0x00, 0x06, 0xff, 0xff, 0xb0, 0x00, 0x00, 0xcf, 0xff, 0x5d, 0xff, 0xf3, 0x00,
    0x00, 0x09, 0xff, 0xff, 0x80, 0x00, 0x0c, 0xff, 0xf5, 0xdf, 0xff, 0x30, 0x00, 0x00, 0x0c, 0xff,
    0xff, 0x40, 0x00, 0xcf, 0xff, 0x5d, 0xff, 0xf3, 0x00, 0x00, 0x00, 0x2e, 0xff, 0xff, 0x20, 0x0c,
    0xff, 0xf5, 0xdf, 0xff, 0x30, 0x00, 0x00, 0x00, 0x4f, 0xff, 0xfd, 0x00, 0xcf, 0xff, 0x5d, 0xff,
    0xf3, 0x00, 0x00, 0x00, 0x00, 0x7f, 0xff, 0xf9, 0x0c, 0xff, 0xf5, 0xdf, 0xff, 0x30, 0x00, 0x00,
    0x00, 0x00, 0xaf, 0xff, 0xf6, 0xcf, 0xff, 0x5d, 0xff, 0xf3, 0x00, 0x00, 0x00, 0x00, 0x01, 0xdf,
    0xff, 0xfe, 0xff, 0xf5, 0xdf, 0xff, 0x30, 0x00, 0x00, 0x00, 0x00, 0x02, 0xff, 0xff, 0xff, 0xff,
    0x5d, 0xff, 0xf3, 0x00, 0x00, 0x00, 0x00, 0x00, 0x05, 0xff, 0xff, 0xff, 0xf5, 0xdf, 0xff, 0x30,
    0x00, 0x00, 0x00, 0x00, 0x00, 0x08, 0xff, 0xff, 0xff, 0x5d, 0xff, 0xf3, 0x00, 0x00, 0x00, 0x00,
    0x00, 0x00, 0x0c, 0xff, 0xff, 0xf5, 0xdf, 0xff, 0x30, 0x00, 0x00, 0x00, 0x00, 0x00, 0x00, 0x1e,
    0xff, 0xff, 0x5d, 0xff, 0xf3, 0x00, 0x00, 0x00, 0x00, 0x00, 0x00, 0x00, 0x3f, 0xff, 0xf5, 0xdf,
    0xff, 0x30, 0x00, 0x00, 0x00, 0x00, 0x00, 0x00, 0x00, 0x6f, 0xff, 0x50, 0x00, 0x00, 0x00, 0x00,
    0x00, 0x00, 0x18, 0x88, 0x86, 0x00, 0x00, 0x00, 0x00, 0x00, 0x00, 0x00, 0x1c, 0xff, 0xfc, 0x10,
    0x00, 0x00, 0x00, 0x00, 0x00, 0x00, 0x1c, 0xff, 0xf9, 0x00, 0x00, 0x00, 0x00, 0x00, 0x00, 0x00,
    0x1c, 0xff, 0xf6, 0x00, 0x00, 0x00, 0x00, 0x00, 0x00, 0x00, 0x1c, 0xff, 0xf4, 0x00, 0x00, 0x00,
    0x00, 0x00, 0x00, 0x00, 0x1c, 0xff, 0xd2, 0x00, 0x00, 0x00, 0x00, 0x00, 0x00, 0x00, 0x00, 0x00,
    0x00, 0x00, 0x00, 0x00, 0x00, 0x00, 0x00, 0x00, 0x00, 0x00, 0x00, 0x00, 0x00, 0x00, 0x00, 0x00,
    0x00, 0x00, 0x00, 0x00, 0x00, 0x00, 0x00, 0x00, 0x00, 0x00, 0x06, 0xff, 0xf5, 0x00, 0x27, 0xce,
    0xff, 0xeb, 0x61, 0x00, 0x00, 0x6f, 0xff, 0x51, 0x9f, 0xff, 0xff, 0xff, 0xff, 0xe5, 0x00, 0x06,
    0xff, 0xf6, 0xdf, 0xff, 0xff, 0xff, 0xff, 0xff, 0xf7, 0x00, 0x6f, 0xff, 0xff, 0xff, 0xea, 0x87,
    0x9d, 0xff, 0xff, 0xf4, 0x06, 0xff, 0xff, 0xff, 0x60, 0x00, 0x00, 0x05, 0xff, 0xff, 0xc0, 0x6f,
    0xff, 0xff, 0x30, 0x00, 0x00, 0x00, 0x04, 0xff, 0xff, 0x36, 0xff, 0xff, 0x70, 0x00, 0x00, 0x00,
    0x00, 0x0b, 0xff, 0xf7, 0x6f, 0xff, 0xf1, 0x00, 0x00, 0x00, 0x00, 0x00, 0x6f, 0xff, 0xa6, 0xff,
    0xfc, 0x00, 0x00, 0x00, 0x00, 0x00, 0x03, 0xff, 0xfb, 0x6f, 0xff, 0x90, 0x00, 0x00, 0x00, 0x00,
    0x00, 0x2f, 0xff, 0xc6, 0xff, 0xf8, 0x00, 0x00, 0x00, 0x00, 0x00, 0x01, 0xff, 0xfc, 0x6f, 0xff,
    0x80, 0x00, 0x00, 0x00, 0x00, 0x00, 0x1f, 0xff, 0xc6, 0xff, 0xf8, 0x00, 0x00, 0x00, 0x00, 0x00,
    0x01, 0xff, 0xfc, 0x6f, 0xff, 0x80, 0x00, 0x00, 0x00, 0x00, 0x00, 0x1f, 0xff, 0xc6, 0xff, 0xf8,
    0x00, 0x00, 0x00, 0x00, 0x00, 0x01, 0xff, 0xfc, 0x6f, 0xff, 0x80, 0x00, 0x00, 0x00, 0x00, 0x00,
    0x1f, 0xff, 0xc6, 0xff, 0xf8, 0x00, 0x00, 0x00, 0x00, 0x00, 0x01, 0xff, 0xfc, 0x6f, 0xff, 0x80,
    0x00, 0x00, 0x00, 0x00, 0x00, 0x1f, 0xff, 0xc6, 0xff, 0xf8, 0x00, 0x00, 0x00, 0x00, 0x00, 0x01,
    0xff, 0xfc, 0x6f, 0xff, 0x80, 0x00, 0x00, 0x00, 0x00, 0x00, 0x1f, 0xff, 0xc6, 0xff, 0xf8, 0x00,
    0x00, 0x00, 0x00, 0x00, 0x01, 0xff, 0xfc, 0x6f, 0xff, 0x80, 0x00, 0x00, 0x00, 0x00, 0x00, 0x1f,
    0xff, 0xc0, 0x00, 0x00, 0x00, 0x00, 0x00, 0x00, 0x00, 0x78, 0x88, 0x70, 0x00, 0x00, 0x00, 0x00,
    0x00, 0x00, 0x00, 0x00, 0xbf, 0xff, 0xd2, 0x00, 0x00, 0x00, 0x00, 0x00, 0x00, 0x00, 0x00, 0xaf,
    0xff, 0xb1, 0x00, 0x00, 0x00, 0x00, 0x00, 0x00, 0x00, 0x00, 0xaf, 0xff, 0x80, 0x00, 0x00, 0x00,
    0x00, 0x00, 0x00, 0x00, 0x00, 0xaf, 0xff, 0x50, 0x00, 0x00, 0x00, 0x00, 0x00, 0x00, 0x00, 0x00,
    0xaf, 0xfe, 0x30, 0x00, 0x00, 0x00, 0x00, 0x00, 0x00, 0x00, 0x00, 0x00, 0x00, 0x00, 0x00, 0x00,
    0x00, 0x00, 0x00, 0x00, 0x00, 0x00, 0x00, 0x00, 0x00, 0x00, 0x00, 0x00, 0x00, 0x00, 0x00, 0x00,
    0x00, 0x17, 0xbd, 0xff, 0xfe, 0xda, 0x72, 0x00, 0x00, 0x00, 0x00, 0x01, 0xaf, 0xff, 0xff, 0xff,
    0xff, 0xff, 0xfd, 0x60, 0x00, 0x00, 0x03, 0xff, 0xff, 0xff, 0xff, 0xff, 0xff, 0xff, 0xff, 0xc0,
    0x00, 0x02, 0xff, 0xff, 0xff, 0xb8, 0x78, 0x9b, 0xff, 0xff, 0xfa, 0x00, 0x00, 0xcf, 0xff, 0xf6,
    0x00, 0x00, 0x00, 0x00, 0x4a, 0xff, 0x40, 0x00, 0x4f, 0xff, 0xf3, 0x00, 0x00, 0x00, 0x00, 0x00,
    0x02, 0x80, 0x00, 0x08, 0xff, 0xf8, 0x00, 0x00, 0x00, 0x00, 0x00, 0x00, 0x00, 0x00, 0x00, 0xaf,
    0xff, 0x50, 0x00, 0x00, 0x00, 0x00, 0x00, 0x00, 0x00, 0x00, 0x0b, 0xff, 0xf5, 0x00, 0x00, 0x00,
    0x00, 0x00, 0x00, 0x00, 0x00, 0x00, 0x9f, 0xff, 0xa0, 0x00, 0x00, 0x00, 0x00, 0x00, 0x00, 0x00,
    0x00, 0x05, 0xff, 0xff, 0x70, 0x00, 0x00, 0x00, 0x00, 0x00, 0x00, 0x00, 0x00, 0x0e, 0xff, 0xff,
    0xc5, 0x00, 0x00, 0x00, 0x00, 0x00, 0x00, 0x00, 0x00, 0x4f, 0xff, 0xff, 0xff, 0xb7, 0x30, 0x00,
    0x00, 0x00, 0x00, 0x00, 0x00, 0x3f, 0xff, 0xff, 0xff, 0xff, 0xfa, 0x61, 0x00, 0x00, 0x00, 0x00,
    0x00, 0x18, 0xff, 0xff, 0xff, 0xff, 0xff, 0xfa, 0x20, 0x00, 0x00, 0x00, 0x00, 0x01, 0x5a, 0xff,
    0xff, 0xff, 0xff, 0xff, 0x80, 0x00, 0x00, 0x00, 0x00, 0x00, 0x00, 0x37, 0xbf, 0xff, 0xff, 0xff,
    0x90, 0x00, 0x00, 0x00, 0x00, 0x00, 0x00, 0x00, 0x04, 0xaf, 0xff, 0xff, 0x60, 0x00, 0x00, 0x00,
    0x00, 0x00, 0x00, 0x00, 0x00, 0x3e, 0xff, 0xfd, 0x00, 0x00, 0x00, 0x00, 0x00, 0x00, 0x00, 0x00,
    0x00, 0x3f, 0xff, 0xf1, 0x00, 0x00, 0x00, 0x00, 0x00, 0x00, 0x00, 0x00, 0x00, 0xef, 0xff, 0x30,
    0x00, 0x00, 0x00, 0x00, 0x00, 0x00, 0x00, 0x00, 0x0c, 0xff, 0xf3, 0x01, 0x70, 0x00, 0x00, 0x00,
    0x00, 0x00, 0x00, 0x01, 0xff, 0xff, 0x10, 0x7f, 0xb2, 0x00, 0x00, 0x00, 0x00, 0x00, 0x00, 0x9f,
    0xff, 0xc0, 0x0e, 0xff, 0xfb, 0x41, 0x00, 0x00, 0x00, 0x02, 0xaf, 0xff, 0xf5, 0x03, 0xff, 0xff,
    0xff, 0xfc, 0xa8, 0x78, 0x9c, 0xff, 0xff, 0xfa, 0x00, 0x03, 0xcf, 0xff, 0xff, 0xff, 0xff, 0xff,
    0xff, 0xff, 0xfa, 0x00, 0x00, 0x00, 0x5c, 0xff, 0xff, 0xff, 0xff, 0xff, 0xff, 0xe5, 0x00, 0x00,
    0x00, 0x00, 0x01, 0x59, 0xce, 0xff, 0xfe, 0xc9, 0x40, 0x00, 0x00, 0x00, 0x00, 0x00, 0x00, 0x00,
    0x00, 0x07, 0x88, 0x87, 0x00, 0x00, 0x00, 0x00, 0x00, 0x00, 0xaf, 0xff, 0xe3, 0x00, 0x00, 0x00,
    0x00, 0x00, 0x0a, 0xff, 0xfc, 0x10, 0x00, 0x00, 0x00, 0x00, 0x00, 0xaf, 0xff, 0x90, 0x00, 0x00,
    0x00, 0x00, 0x00, 0x09, 0xff, 0xf6, 0x00, 0x00, 0x00, 0x00, 0x00, 0x00, 0x9f, 0xfe, 0x40, 0x00,
    0x00, 0x00, 0x00, 0x00, 0x00, 0x00, 0x00, 0x00, 0x00, 0x00, 0x00, 0x00, 0x00, 0x00, 0x00, 0x00,
    0x00, 0x00, 0x00, 0x00, 0x00, 0x00, 0x00, 0x00, 0x00, 0x00, 0x00, 0x00, 0x00, 0x00, 0x00, 0x17,
    0xbe, 0xff, 0xfe, 0xb8, 0x30, 0x00, 0x00, 0x08, 0xff, 0xff, 0xff, 0xff, 0xff, 0xfe, 0x60, 0x00,
    0xcf, 0xff, 0xff, 0xff, 0xff, 0xff, 0xff, 0xf1, 0x09, 0xff, 0xff, 0xea, 0x87, 0x8a, 0xef, 0xff,
    0x70, 0x1f, 0xff, 0xf7, 0x00, 0x00, 0x00, 0x03, 0xae, 0x10, 0x4f, 0xff, 0xa0, 0x00, 0x00, 0x00,
    0x00, 0x01, 0x00, 0x5f, 0xff, 0x80, 0x00, 0x00, 0x00, 0x00, 0x00, 0x00, 0x4f, 0xff, 0xc0, 0x00,
    0x00, 0x00, 0x00, 0x00, 0x00, 0x1f, 0xff, 0xfc, 0x40, 0x00, 0x00, 0x00, 0x00, 0x00, 0x09, 0xff,
    0xff, 0xff, 0xb8, 0x52, 0x00, 0x00, 0x00, 0x00, 0x9f, 0xff, 0xff, 0xff, 0xff, 0xea, 0x40, 0x00,
    0x00, 0x04, 0xbf, 0xff, 0xff, 0xff, 0xff, 0xfc, 0x10, 0x00, 0x00, 0x01, 0x47, 0xad, 0xff, 0xff,
    0xff, 0xe1, 0x00, 0x00, 0x00, 0x00, 0x00, 0x14, 0xaf, 0xff, 0xf8, 0x00, 0x00, 0x00, 0x00, 0x00,
    0x00, 0x06, 0xff, 0xfc, 0x00, 0x00, 0x00, 0x00, 0x00, 0x00, 0x00, 0xff, 0xfe, 0x05, 0x20, 0x00,
    0x00, 0x00, 0x00, 0x02, 0xff, 0xfc, 0x1f, 0xf9, 0x30, 0x00, 0x00, 0x00, 0x1c, 0xff, 0xf9, 0x9f,
    0xff, 0xff, 0xb9, 0x87, 0x8b, 0xff, 0xff, 0xf2, 0xdf, 0xff, 0xff, 0xff, 0xff, 0xff, 0xff, 0xff,
    0x50, 0x07, 0xef, 0xff, 0xff, 0xff, 0xff, 0xff, 0xd3, 0x00, 0x00, 0x03, 0x7b, 0xdf, 0xff, 0xec,
    0x94, 0x00, 0x00, 0x00, 0x00, 0x00, 0x00, 0x00, 0x00, 0x00, 0x38, 0x88, 0x84, 0x00, 0x00, 0x00,
    0x00, 0x00, 0x00, 0x00, 0x00, 0x00, 0x3f, 0xff, 0xf8, 0x00, 0x00, 0x00, 0x00, 0x00, 0x00, 0x00,
    0x00, 0x00, 0x3f, 0xff, 0xf6, 0x00, 0x00, 0x00, 0x00, 0x00, 0x00, 0x00, 0x00, 0x00, 0x3f, 0xff,
    0xe3, 0x00, 0x00, 0x00, 0x00, 0x00, 0x00, 0x00, 0x00, 0x00, 0x3f, 0xff, 0xc1, 0x00, 0x00, 0x00,
    0x00, 0x00, 0x00, 0x00, 0x00, 0x00, 0x3f, 0xff, 0xa0, 0x00, 0x00, 0x00, 0x00, 0x00, 0x00, 0x00,
    0x00, 0x00, 0x00, 0x00, 0x00, 0x00, 0x00, 0x00, 0x00, 0x00, 0x00, 0x00, 0x00, 0x00, 0x00, 0x00,
    0x00, 0x00, 0x00, 0x00, 0x00, 0x00, 0x00, 0x0f, 0xff, 0xff, 0xff, 0xff, 0xff, 0xff, 0xff, 0xff,
    0xff, 0xff, 0xfa, 0x00, 0xff, 0xff, 0xff, 0xff, 0xff, 0xff, 0xff, 0xff, 0xff, 0xff, 0xff, 0xa0,
    0x0f, 0xff, 0xff, 0xff, 0xff, 0xff, 0xff, 0xff, 0xff, 0xff, 0xff, 0xf9, 0x00, 0x77, 0x77, 0x77,
    0x77, 0x77, 0x77, 0x77, 0x77, 0x7f, 0xff, 0xfe, 0x10, 0x00, 0x00, 0x00, 0x00, 0x00, 0x00, 0x00,
    0x00, 0x08, 0xff, 0xff, 0x40, 0x00, 0x00, 0x00, 0x00, 0x00, 0x00, 0x00, 0x00, 0x04, 0xff, 0xff,
    0x70, 0x00, 0x00, 0x00, 0x00, 0x00, 0x00, 0x00, 0x00, 0x02, 0xff, 0xff, 0xb0, 0x00, 0x00, 0x00,
    0x00, 0x00, 0x00, 0x00, 0x00, 0x00, 0xdf, 0xff, 0xe1, 0x00, 0x00, 0x00, 0x00, 0x00, 0x00, 0x00,
    0x00, 0x00, 0x9f, 0xff, 0xf3, 0x00, 0x00, 0x00, 0x00, 0x00, 0x00, 0x00, 0x00, 0x00, 0x6f, 0xff,
    0xf6, 0x00, 0x00, 0x00, 0x00, 0x00, 0x00, 0x00, 0x00, 0x00, 0x3f, 0xff, 0xfa, 0x00, 0x00, 0x00,
    0x00, 0x00, 0x00, 0x00, 0x00, 0x00, 0x1d, 0xff, 0xfd, 0x10, 0x00, 0x00, 0x00, 0x00, 0x00, 0x00,
    0x00, 0x00, 0x0a, 0xff, 0xff, 0x20, 0x00, 0x00, 0x00, 0x00, 0x00, 0x00, 0x00, 0x00, 0x07, 0xff,
    0xff, 0x50, 0x00, 0x00, 0x00, 0x00, 0x00, 0x00, 0x00, 0x00, 0x03, 0xff, 0xff, 0x90, 0x00, 0x00,
    0x00, 0x00, 0x00, 0x00, 0x00, 0x00, 0x01, 0xef, 0xff, 0xc0, 0x00, 0x00, 0x00, 0x00, 0x00, 0x00,
    0x00, 0x00, 0x00, 0xbf, 0xff, 0xf2, 0x00, 0x00, 0x00, 0x00, 0x00, 0x00, 0x00, 0x00, 0x00, 0x8f,
    0xff, 0xf4, 0x00, 0x00, 0x00, 0x00, 0x00, 0x00, 0x00, 0x00, 0x00, 0x4f, 0xff, 0xf8, 0x00, 0x00,
    0x00, 0x00, 0x00, 0x00, 0x00, 0x00, 0x00, 0x2f, 0xff, 0xfb, 0x00, 0x00, 0x00, 0x00, 0x00, 0x00,
    0x00, 0x00, 0x00, 0x0c, 0xff, 0xfe, 0x10, 0x00, 0x00, 0x00, 0x00, 0x00, 0x00, 0x00, 0x00, 0x09,
    0xff, 0xff, 0x30, 0x00, 0x00, 0x00, 0x00, 0x00, 0x00, 0x00, 0x00, 0x05, 0xff, 0xff, 0x70, 0x00,
    0x00, 0x00, 0x00, 0x00, 0x00, 0x00, 0x00, 0x02, 0xff, 0xff, 0xb0, 0x00, 0x00, 0x00, 0x00, 0x00,
    0x00, 0x00, 0x00, 0x01, 0xdf, 0xff, 0xd1, 0x00, 0x00, 0x00, 0x00, 0x00, 0x00, 0x00, 0x00, 0x00,
    0xaf, 0xff, 0xfa, 0x77, 0x77, 0x77, 0x77, 0x77, 0x77, 0x77, 0x77, 0x71, 0x4f, 0xff, 0xff, 0xff,
    0xff, 0xff, 0xff, 0xff, 0xff, 0xff, 0xff, 0xff, 0x25, 0xff, 0xff, 0xff, 0xff, 0xff, 0xff, 0xff,
    0xff, 0xff, 0xff, 0xff, 0xf2, 0x5f, 0xff, 0xff, 0xff, 0xff, 0xff, 0xff, 0xff, 0xff, 0xff, 0xff,
    0xff, 0x20, 0x00, 0x00, 0x00, 0x00, 0x00, 0x03, 0x88, 0x88, 0x40, 0x00, 0x00, 0x00, 0x00, 0x00,
    0x03, 0xff, 0xff, 0x90, 0x00, 0x00, 0x00, 0x00, 0x00, 0x02, 0xef, 0xff, 0x60, 0x00, 0x00, 0x00,
    0x00, 0x00, 0x02, 0xef, 0xfe, 0x40, 0x00, 0x00, 0x00, 0x00, 0x00, 0x02, 0xef, 0xfd, 0x20, 0x00,
    0x00, 0x00, 0x00, 0x00, 0x02, 0xef, 0xfa, 0x10, 0x00, 0x00, 0x00, 0x00, 0x00, 0x00, 0x00, 0x00,
    0x00, 0x00, 0x00, 0x00, 0x00, 0x00, 0x00, 0x00, 0x00, 0x00, 0x00, 0x00, 0x00, 0x00, 0x00, 0x00,
    0x00, 0x00, 0x00, 0x00, 0x00, 0x00, 0x00, 0x03, 0xff, 0xff, 0xff, 0xff, 0xff, 0xff, 0xff, 0xff,
    0xf1, 0x3f, 0xff, 0xff, 0xff, 0xff, 0xff, 0xff, 0xff, 0xff, 0x13, 0xff, 0xff, 0xff, 0xff, 0xff,
    0xff, 0xff, 0xff, 0xf1, 0x17, 0x77, 0x77, 0x77, 0x77, 0x77, 0x8f, 0xff, 0xf7, 0x00, 0x00, 0x00,
    0x00, 0x00, 0x00, 0x0b, 0xff, 0xfa, 0x00, 0x00, 0x00, 0x00, 0x00, 0x00, 0x08, 0xff, 0xfd, 0x10,
    0x00, 0x00, 0x00, 0x00, 0x00, 0x05, 0xff, 0xff, 0x20, 0x00, 0x00, 0x00, 0x00, 0x00, 0x02, 0xff,
    0xff, 0x50, 0x00, 0x00, 0x00, 0x00, 0x00, 0x01, 0xdf, 0xff, 0x80, 0x00, 0x00, 0x00, 0x00, 0x00,
    0x00, 0xbf, 0xff, 0xb0, 0x00, 0x00, 0x00, 0x00, 0x00, 0x00, 0x7f, 0xff, 0xe1, 0x00, 0x00, 0x00,
    0x00, 0x00, 0x00, 0x4f, 0xff, 0xf3, 0x00, 0x00, 0x00, 0x00, 0x00, 0x00, 0x2f, 0xff, 0xf5, 0x00,
    0x00, 0x00, 0x00, 0x00, 0x00, 0x0d, 0xff, 0xf8, 0x00, 0x00, 0x00, 0x00, 0x00, 0x00, 0x0a, 0xff,
    0xfc, 0x00, 0x00, 0x00, 0x00, 0x00, 0x00, 0x07, 0xff, 0xfe, 0x10, 0x00, 0x00, 0x00, 0x00, 0x00,
    0x04, 0xff, 0xff, 0x30, 0x00, 0x00, 0x00, 0x00, 0x00, 0x01, 0xef, 0xff, 0x60, 0x00, 0x00, 0x00,
    0x00, 0x00, 0x00, 0xcf, 0xff, 0xe7, 0x77, 0x77, 0x77, 0x77, 0x77, 0x73, 0x6f, 0xff, 0xff, 0xff,
    0xff, 0xff, 0xff, 0xff, 0xff, 0x67, 0xff, 0xff, 0xff, 0xff, 0xff, 0xff, 0xff, 0xff, 0xf6, 0x7f,
    0xff, 0xff, 0xff, 0xff, 0xff, 0xff, 0xff, 0xff, 0x60, 0x00, 0x00, 0x00, 0x00, 0x00, 0x2c, 0xfb,
    0x10, 0x00, 0x00, 0x00, 0x00, 0x00, 0x00, 0x00, 0x00, 0x00, 0x0b, 0xff, 0xf9, 0x00, 0x00, 0x00,
    0x00, 0x00, 0x00, 0x00, 0x00, 0x00, 0x00, 0xef, 0xff, 0xc0, 0x00, 0x00, 0x00, 0x00, 0x00, 0x00,
    0x00, 0x00, 0x00, 0x0b, 0xff, 0xf9, 0x00, 0x00, 0x00, 0x00, 0x00, 0x00, 0x00, 0x00, 0x00, 0x00,
    0x2c, 0xfb, 0x10, 0x00, 0x00, 0x00, 0x00, 0x00, 0x00, 0x00, 0x00, 0x00, 0x00, 0x00, 0x00, 0x00,
    0x00, 0x00, 0x00, 0x00, 0x00, 0x00, 0x00, 0x00, 0x00, 0x00, 0x00, 0x00, 0x00, 0x00, 0x00, 0x00,
    0x00, 0x00, 0x00, 0x00, 0x00, 0x00, 0x00, 0x00, 0x00, 0x00, 0x00, 0x00, 0x00, 0x0f, 0xff, 0xff,
    0xff, 0xff, 0xff, 0xff, 0xff, 0xff, 0xff, 0xff, 0xfa, 0x00, 0xff, 0xff, 0xff, 0xff, 0xff, 0xff,
    0xff, 0xff, 0xff, 0xff, 0xff, 0xa0, 0x0f, 0xff, 0xff, 0xff, 0xff, 0xff, 0xff, 0xff, 0xff, 0xff,
    0xff, 0xf9, 0x00, 0x77, 0x77, 0x77, 0x77, 0x77, 0x77, 0x77, 0x77, 0x7f, 0xff, 0xfe, 0x10, 0x00,
    0x00, 0x00, 0x00, 0x00, 0x00, 0x00, 0x00, 0x08, 0xff, 0xff, 0x40, 0x00, 0x00, 0x00, 0x00, 0x00,
    0x00, 0x00, 0x00, 0x04, 0xff, 0xff, 0x70, 0x00, 0x00, 0x00, 0x00, 0x00, 0x00, 0x00, 0x00, 0x02,
    0xff, 0xff, 0xb0, 0x00, 0x00, 0x00, 0x00, 0x00, 0x00, 0x00, 0x00, 0x00, 0xdf, 0xff, 0xe1, 0x00,
    0x00, 0x00, 0x00, 0x00, 0x00, 0x00, 0x00, 0x00, 0x9f, 0xff, 0xf3, 0x00, 0x00, 0x00, 0x00, 0x00,
    0x00, 0x00, 0x00, 0x00, 0x6f, 0xff, 0xf6, 0x00, 0x00, 0x00, 0x00, 0x00, 0x00, 0x00, 0x00, 0x00,
    0x3f, 0xff, 0xfa, 0x00, 0x00, 0x00, 0x00, 0x00, 0x00, 0x00, 0x00, 0x00, 0x1d, 0xff, 0xfd, 0x10,
    0x00, 0x00, 0x00, 0x00, 0x00, 0x00, 0x00, 0x00, 0x0a, 0xff, 0xff, 0x20, 0x00, 0x00, 0x00, 0x00,
    0x00, 0x00, 0x00, 0x00, 0x07, 0xff, 0xff, 0x50, 0x00, 0x00, 0x00, 0x00, 0x00, 0x00, 0x00, 0x00,
    0x03, 0xff, 0xff, 0x90, 0x00, 0x00, 0x00, 0x00, 0x00, 0x00, 0x00, 0x00, 0x01, 0xef, 0xff, 0xc0,
    0x00, 0x00, 0x00, 0x00, 0x00, 0x00, 0x00, 0x00, 0x00, 0xbf, 0xff, 0xf2, 0x00, 0x00, 0x00, 0x00,
    0x00, 0x00, 0x00, 0x00, 0x00, 0x8f, 0xff, 0xf4, 0x00, 0x00, 0x00, 0x00, 0x00, 0x00, 0x00, 0x00,
    0x00, 0x4f, 0xff, 0xf8, 0x00, 0x00, 0x00, 0x00, 0x00, 0x00, 0x00, 0x00, 0x00, 0x2f, 0xff, 0xfb,
    0x00, 0x00, 0x00, 0x00, 0x00, 0x00, 0x00, 0x00, 0x00, 0x0c, 0xff, 0xfe, 0x10, 0x00, 0x00, 0x00,
    0x00, 0x00, 0x00, 0x00, 0x00, 0x09, 0xff, 0xff, 0x30, 0x00, 0x00, 0x00, 0x00, 0x00, 0x00, 0x00,
    0x00, 0x05, 0xff, 0xff, 0x70, 0x00, 0x00, 0x00, 0x00, 0x00, 0x00, 0x00, 0x00, 0x02, 0xff, 0xff,
    0xb0, 0x00, 0x00, 0x00, 0x00, 0x00, 0x00, 0x00, 0x00, 0x01, 0xdf, 0xff, 0xd1, 0x00, 0x00, 0x00,
    0x00, 0x00, 0x00, 0x00, 0x00, 0x00, 0xaf, 0xff, 0xfa, 0x77, 0x77, 0x77, 0x77, 0x77, 0x77, 0x77,
    0x77, 0x71, 0x4f, 0xff, 0xff, 0xff, 0xff, 0xff, 0xff, 0xff, 0xff, 0xff, 0xff, 0xff, 0x25, 0xff,
    0xff, 0xff, 0xff, 0xff, 0xff, 0xff, 0xff, 0xff, 0xff, 0xff, 0xf2, 0x5f, 0xff, 0xff, 0xff, 0xff,
    0xff, 0xff, 0xff, 0xff, 0xff, 0xff, 0xff, 0x20, 0x00, 0x00, 0x00, 0x02, 0xcf, 0xb1, 0x00, 0x00,
    0x00, 0x00, 0x00, 0x00, 0x00, 0xaf, 0xff, 0xa0, 0x00, 0x00, 0x00, 0x00, 0x00, 0x00, 0x0d, 0xff,
    0xfd, 0x00, 0x00, 0x00, 0x00, 0x00, 0x00, 0x00, 0xaf, 0xff, 0xa0, 0x00, 0x00, 0x00, 0x00, 0x00,
    0x00, 0x02, 0xcf, 0xb1, 0x00, 0x00, 0x00, 0x00, 0x00, 0x00, 0x00, 0x00, 0x00, 0x00, 0x00, 0x00,
    0x00, 0x00, 0x00, 0x00, 0x00, 0x00, 0x00, 0x00, 0x00, 0x00, 0x00, 0x00, 0x00, 0x00, 0x00, 0x00,
    0x00, 0x00, 0x00, 0x00, 0x00, 0x00, 0x00, 0x00, 0x00, 0x00, 0x00, 0x00, 0x00, 0x03, 0xff, 0xff,
    0xff, 0xff, 0xff, 0xff, 0xff, 0xff, 0xf1, 0x3f, 0xff, 0xff, 0xff, 0xff, 0xff, 0xff, 0xff, 0xff,
    0x13, 0xff, 0xff, 0xff, 0xff, 0xff, 0xff, 0xff, 0xff, 0xf1, 0x17, 0x77, 0x77, 0x77, 0x77, 0x77,
    0x8f, 0xff, 0xf7, 0x00, 0x00, 0x00, 0x00, 0x00, 0x00, 0x0b, 0xff, 0xfa, 0x00, 0x00, 0x00, 0x00,
    0x00, 0x00, 0x08, 0xff, 0xfd, 0x10, 0x00, 0x00, 0x00, 0x00, 0x00, 0x05, 0xff, 0xff, 0x20, 0x00,
    0x00, 0x00, 0x00, 0x00, 0x02, 0xff, 0xff, 0x50, 0x00, 0x00, 0x00, 0x00, 0x00, 0x01, 0xdf, 0xff,
    0x80, 0x00, 0x00, 0x00, 0x00, 0x00, 0x00, 0xbf, 0xff, 0xb0, 0x00, 0x00, 0x00, 0x00, 0x00, 0x00,
    0x7f, 0xff, 0xe1, 0x00, 0x00, 0x00, 0x00, 0x00, 0x00, 0x4f, 0xff, 0xf3, 0x00, 0x00, 0x00, 0x00,
    0x00, 0x00, 0x2f, 0xff, 0xf5, 0x00, 0x00, 0x00, 0x00, 0x00, 0x00, 0x0d, 0xff, 0xf8, 0x00, 0x00,
    0x00, 0x00, 0x00, 0x00, 0x0a, 0xff, 0xfc, 0x00, 0x00, 0x00, 0x00, 0x00, 0x00, 0x07, 0xff, 0xfe,
    0x10, 0x00, 0x00, 0x00, 0x00, 0x00, 0x04, 0xff, 0xff, 0x30, 0x00, 0x00, 0x00, 0x00, 0x00, 0x01,
    0xef, 0xff, 0x60, 0x00, 0x00, 0x00, 0x00, 0x00, 0x00, 0xcf, 0xff, 0xe7, 0x77, 0x77, 0x77, 0x77,
    0x77, 0x73, 0x6f, 0xff, 0xff, 0xff, 0xff, 0xff, 0xff, 0xff, 0xff, 0x67, 0xff, 0xff, 0xff, 0xff,
    0xff, 0xff, 0xff, 0xff, 0xf6, 0x7f, 0xff, 0xff, 0xff, 0xff, 0xff, 0xff, 0xff, 0xff, 0x60,
};
static const lv_font_fmt_txt_glyph_dsc_t pl40_glyph_dsc[] = {
    {.bitmap_index = 0, .adv_w = 0, .box_w = 0, .box_h = 0, .ofs_x = 0, .ofs_y = 0},  /* id 0 */
    {.bitmap_index = 0, .adv_w = 544, .box_w = 31, .box_h = 37, .ofs_x = 1, .ofs_y = 0},  /* U+00D3 */
    {.bitmap_index = 574, .adv_w = 400, .box_w = 23, .box_h = 31, .ofs_x = 1, .ofs_y = 0},  /* U+00F3 */
    {.bitmap_index = 931, .adv_w = 464, .box_w = 31, .box_h = 38, .ofs_x = 0, .ofs_y = -9},  /* U+0104 */
    {.bitmap_index = 1520, .adv_w = 384, .box_w = 20, .box_h = 31, .ofs_x = 2, .ofs_y = -9},  /* U+0105 */
    {.bitmap_index = 1830, .adv_w = 464, .box_w = 27, .box_h = 37, .ofs_x = 1, .ofs_y = 0},  /* U+0106 */
    {.bitmap_index = 2330, .adv_w = 368, .box_w = 21, .box_h = 31, .ofs_x = 1, .ofs_y = 0},  /* U+0107 */
    {.bitmap_index = 2656, .adv_w = 432, .box_w = 22, .box_h = 38, .ofs_x = 4, .ofs_y = -9},  /* U+0118 */
    {.bitmap_index = 3074, .adv_w = 384, .box_w = 22, .box_h = 31, .ofs_x = 1, .ofs_y = -9},  /* U+0119 */
    {.bitmap_index = 3415, .adv_w = 384, .box_w = 24, .box_h = 29, .ofs_x = 0, .ofs_y = 0},  /* U+0141 */
    {.bitmap_index = 3763, .adv_w = 192, .box_w = 13, .box_h = 31, .ofs_x = -1, .ofs_y = 0},  /* U+0142 */
    {.bitmap_index = 3965, .adv_w = 512, .box_w = 25, .box_h = 37, .ofs_x = 4, .ofs_y = 0},  /* U+0143 */
    {.bitmap_index = 4428, .adv_w = 432, .box_w = 21, .box_h = 31, .ofs_x = 3, .ofs_y = 0},  /* U+0144 */
    {.bitmap_index = 4754, .adv_w = 400, .box_w = 23, .box_h = 37, .ofs_x = 1, .ofs_y = 0},  /* U+015A */
    {.bitmap_index = 5180, .adv_w = 320, .box_w = 18, .box_h = 31, .ofs_x = 1, .ofs_y = 0},  /* U+015B */
    {.bitmap_index = 5459, .adv_w = 416, .box_w = 25, .box_h = 37, .ofs_x = 1, .ofs_y = 0},  /* U+0179 */
    {.bitmap_index = 5922, .adv_w = 336, .box_w = 19, .box_h = 31, .ofs_x = 1, .ofs_y = 0},  /* U+017A */
    {.bitmap_index = 6217, .adv_w = 416, .box_w = 25, .box_h = 37, .ofs_x = 1, .ofs_y = 0},  /* U+017B */
    {.bitmap_index = 6680, .adv_w = 336, .box_w = 19, .box_h = 31, .ofs_x = 1, .ofs_y = 0},  /* U+017C */
};
static const uint16_t pl40_unicode_list[] = { 0x0, 0x20, 0x31, 0x32, 0x33, 0x34, 0x45, 0x46, 0x6e, 0x6f, 0x70, 0x71, 0x87, 0x88, 0xa6, 0xa7, 0xa8, 0xa9 };
static const lv_font_fmt_txt_cmap_t pl40_cmaps[] = {
    { .range_start = 0xd3, .range_length = 170, .glyph_id_start = 1, .unicode_list = pl40_unicode_list,
      .glyph_id_ofs_list = NULL, .list_length = 18, .type = LV_FONT_FMT_TXT_CMAP_SPARSE_TINY },
};
static const lv_font_fmt_txt_dsc_t pl40_dsc = {
    .glyph_bitmap = pl40_bitmap, .glyph_dsc = pl40_glyph_dsc, .cmaps = pl40_cmaps, .kern_dsc = NULL,
    .kern_scale = 0, .cmap_num = 1, .bpp = 4, .kern_classes = 0, .bitmap_format = 0,
};
const lv_font_t console_font_pl_40 = {
    .get_glyph_dsc = lv_font_get_glyph_dsc_fmt_txt, .get_glyph_bitmap = lv_font_get_bitmap_fmt_txt,
    .line_height = 44, .base_line = 8, .subpx = LV_FONT_SUBPX_NONE, .underline_position = -1,
    .underline_thickness = 1, .dsc = &pl40_dsc, .fallback = &lv_font_montserrat_40,
};

/* ---------------------------------------------------------------- 48 px */
static LV_ATTRIBUTE_LARGE_CONST const uint8_t pl48_bitmap[] = {
    0x00, 0x00, 0x00, 0x00, 0x00, 0x00, 0x00, 0x00, 0x00, 0x00, 0x18, 0x88, 0x88, 0x60, 0x00, 0x00,
    0x00, 0x00, 0x00, 0x00, 0x00, 0x00, 0x00, 0x00, 0x00, 0x00, 0x00, 0x01, 0xdf, 0xff, 0xfb, 0x10,
    0x00, 0x00, 0x00, 0x00, 0x00, 0x00, 0x00, 0x00, 0x00, 0x00, 0x00, 0x00, 0x00, 0x1d, 0xff, 0xff,
    0x80, 0x00, 0x00, 0x00, 0x00, 0x00, 0x00, 0x00, 0x00, 0x00, 0x00, 0x00, 0x00, 0x00, 0x01, 0xdf,
    0xff, 0xf5, 0x00, 0x00, 0x00, 0x00, 0x00, 0x00, 0x00, 0x00, 0x00, 0x00, 0x00, 0x00, 0x00, 0x00,
    0x1d, 0xff, 0xfe, 0x30, 0x00, 0x00, 0x00, 0x00, 0x00, 0x00, 0x00, 0x00, 0x00, 0x00, 0x00, 0x00,
    0x00, 0x01, 0xdf, 0xff, 0xc1, 0x00, 0x00, 0x00, 0x00, 0x00, 0x00, 0x00, 0x00, 0x00, 0x00, 0x00,
    0x00, 0x00, 0x00, 0x1d, 0xff, 0xf9, 0x00, 0x00, 0x00, 0x00, 0x00, 0x00, 0x00, 0x00, 0x00, 0x00,
    0x00, 0x00, 0x00, 0x00, 0x00, 0x00, 0x00, 0x00, 0x00, 0x00, 0x00, 0x00, 0x00, 0x00, 0x00, 0x00,
    0x00, 0x00, 0x00, 0x00, 0x00, 0x00, 0x00, 0x00, 0x00, 0x00, 0x00, 0x00, 0x00, 0x00, 0x00, 0x00,
    0x00, 0x00, 0x00, 0x00, 0x00, 0x00, 0x00, 0x00, 0x00, 0x00, 0x00, 0x00, 0x00, 0x00, 0x00, 0x00,
    0x00, 0x00, 0x00, 0x00, 0x00, 0x00, 0x00, 0x00, 0x00, 0x00, 0x37, 0xad, 0xef, 0xff, 0xeb, 0x95,
    0x00, 0x00, 0x00, 0x00, 0x00, 0x00, 0x00, 0x00, 0x00, 0x00, 0x01, 0x7e, 0xff, 0xff, 0xff, 0xff,
    0xff, 0xff, 0xfa, 0x30, 0x00, 0x00, 0x00, 0x00, 0x00, 0x00, 0x00, 0x00, 0x7f, 0xff, 0xff, 0xff,
    0xff, 0xff, 0xff, 0xff, 0xff, 0xfb, 0x20, 0x00, 0x00, 0x00, 0x00, 0x00, 0x00, 0x2d, 0xff, 0xff,
    0xff, 0xff, 0xff, 0xff, 0xff, 0xff, 0xff, 0xff, 0xf6, 0x00, 0x00, 0x00, 0x00, 0x00, 0x04, 0xff,
    0xff, 0xff, 0xfe, 0x96, 0x32, 0x22, 0x47, 0xcf, 0xff, 0xff, 0xff, 0x90, 0x00, 0x00, 0x00, 0x00,
    0x4f, 0xff, 0xff, 0xfd, 0x50, 0x00, 0x00, 0x00, 0x00, 0x02, 0xaf, 0xff, 0xff, 0xf9, 0x00, 0x00,
    0x00, 0x02, 0xff, 0xff, 0xff, 0x70, 0x00, 0x00, 0x00, 0x00, 0x00, 0x00, 0x03, 0xdf, 0xff, 0xff,
    0x70, 0x00, 0x00, 0x0d, 0xff, 0xff, 0xf4, 0x00, 0x00, 0x00, 0x00, 0x00, 0x00, 0x00, 0x00, 0x1c,
    0xff, 0xff, 0xf3, 0x00, 0x00, 0x7f, 0xff, 0xff, 0x40, 0x00, 0x00, 0x00, 0x00, 0x00, 0x00, 0x00,
    0x00, 0x01, 0xdf, 0xff, 0xfd, 0x00, 0x01, 0xff, 0xff, 0xf6, 0x00, 0x00, 0x00, 0x00, 0x00, 0x00,
    0x00, 0x00, 0x00, 0x00, 0x2f, 0xff, 0xff, 0x50, 0x07, 0xff, 0xff, 0xc0, 0x00, 0x00, 0x00, 0x00,
    0x00, 0x00, 0x00, 0x00, 0x00, 0x00, 0x07, 0xff, 0xff, 0xc0, 0x0d, 0xff, 0xff, 0x40, 0x00, 0x00,
    0x00, 0x00, 0x00, 0x00, 0x00, 0x00, 0x00, 0x00, 0x01, 0xff, 0xff, 0xf2, 0x2f, 0xff, 0xfe, 0x00,
    0x00, 0x00, 0x00, 0x00, 0x00, 0x00, 0x00, 0x00, 0x00, 0x00, 0x00, 0x9f, 0xff, 0xf7, 0x5f, 0xff,
    0xf9, 0x00, 0x00, 0x00, 0x00, 0x00, 0x00, 0x00, 0x00, 0x00, 0x00, 0x00, 0x00, 0x4f, 0xff, 0xfa,
    0x8f, 0xff, 0xf6, 0x00, 0x00, 0x00, 0x00, 0x00, 0x00, 0x00, 0x00, 0x00, 0x00, 0x00, 0x00, 0x1f,
    0xff, 0xfd, 0xaf, 0xff, 0xf3, 0x00, 0x00, 0x00, 0x00, 0x00, 0x00, 0x00, 0x00, 0x00, 0x00, 0x00,
    0x00, 0x0e, 0xff, 0xff, 0xbf, 0xff, 0xf2, 0x00, 0x00, 0x00, 0x00, 0x00, 0x00, 0x00, 0x00, 0x00,
    0x00, 0x00, 0x00, 0x0d, 0xff, 0xff, 0xbf, 0xff, 0xf2, 0x00, 0x00, 0x00, 0x00, 0x00, 0x00, 0x00,
    0x00, 0x00, 0x00, 0x00, 0x00, 0x0d, 0xff, 0xff, 0xaf, 0xff, 0xf3, 0x00, 0x00, 0x00, 0x00, 0x00,
    0x00, 0x00, 0x00, 0x00, 0x00, 0x00, 0x00, 0x0e, 0xff, 0xff, 0x8f, 0xff, 0xf6, 0x00, 0x00, 0x00,
    0x00, 0x00, 0x00, 0x00, 0x00, 0x00, 0x00, 0x00, 0x00, 0x1f, 0xff, 0xfd, 0x5f, 0xff, 0xf9, 0x00,
    0x00, 0x00, 0x00, 0x00, 0x00, 0x00, 0x00, 0x00, 0x00, 0x00, 0x00, 0x4f, 0xff, 0xfa, 0x2f, 0xff,
    0xfe, 0x00, 0x00, 0x00, 0x00, 0x00, 0x00, 0x00, 0x00, 0x00, 0x00, 0x00, 0x00, 0x9f, 0xff, 0xf7,
    0x0d, 0xff, 0xff, 0x40, 0x00, 0x00, 0x00, 0x00, 0x00, 0x00, 0x00, 0x00, 0x00, 0x00, 0x01, 0xff,
    0xff, 0xf2, 0x07, 0xff, 0xff, 0xc0, 0x00, 0x00, 0x00, 0x00, 0x00, 0x00, 0x00, 0x00, 0x00, 0x00,
    0x07, 0xff, 0xff, 0xd0, 0x01, 0xff, 0xff, 0xf6, 0x00, 0x00, 0x00, 0x00, 0x00, 0x00, 0x00, 0x00,
    0x00, 0x00, 0x2f, 0xff, 0xff, 0x50, 0x00, 0x7f, 0xff, 0xff, 0x30, 0x00, 0x00, 0x00, 0x00, 0x00,
    0x00, 0x00, 0x00, 0x01, 0xdf, 0xff, 0xfd, 0x00, 0x00, 0x0d, 0xff, 0xff, 0xf3, 0x00, 0x00, 0x00,
    0x00, 0x00, 0x00, 0x00, 0x00, 0x1c, 0xff, 0xff, 0xf3, 0x00, 0x00, 0x03, 0xff, 0xff, 0xff, 0x70,
    0x00, 0x00, 0x00, 0x00, 0x00, 0x00, 0x03, 0xdf, 0xff, 0xff, 0x70, 0x00, 0x00, 0x00, 0x4f, 0xff,
    0xff, 0xfc, 0x40, 0x00, 0x00, 0x00, 0x00, 0x02, 0x9f, 0xff, 0xff, 0xf9, 0x00, 0x00, 0x00, 0x00,
    0x04, 0xff, 0xff, 0xff, 0xfe, 0x96, 0x32, 0x22, 0x47, 0xcf, 0xff, 0xff, 0xff, 0x90, 0x00, 0x00,
    0x00, 0x00, 0x00, 0x2d, 0xff, 0xff, 0xff, 0xff, 0xff, 0xff, 0xff, 0xff, 0xff, 0xff, 0xf6, 0x00,
    0x00, 0x00, 0x00, 0x00, 0x00, 0x00, 0x7f, 0xff, 0xff, 0xff, 0xff, 0xff, 0xff, 0xff, 0xff, 0xfb,
    0x20, 0x00, 0x00, 0x00, 0x00, 0x00, 0x00, 0x00, 0x01, 0x8e, 0xff, 0xff, 0xff, 0xff, 0xff, 0xff,
    0xfa, 0x30, 0x00, 0x00, 0x00, 0x00, 0x00, 0x00, 0x00, 0x00, 0x00, 0x00, 0x37, 0xad, 0xff, 0xff,
    0xeb, 0x95, 0x10, 0x00, 0x00, 0x00, 0x00, 0x00, 0x00, 0x00, 0x00, 0x00, 0x00, 0x00, 0x00, 0x01,
    0x88, 0x88, 0x86, 0x00, 0x00, 0x00, 0x00, 0x00, 0x00, 0x00, 0x00, 0x00, 0x01, 0xdf, 0xff, 0xfb,
    0x10, 0x00, 0x00, 0x00, 0x00, 0x00, 0x00, 0x00, 0x00, 0x01, 0xdf, 0xff, 0xf8, 0x00, 0x00, 0x00,
    0x00, 0x00, 0x00, 0x00, 0x00, 0x00, 0x01, 0xdf, 0xff, 0xf5, 0x00, 0x00, 0x00, 0x00, 0x00, 0x00,
    0x00, 0x00, 0x00, 0x01, 0xdf, 0xff, 0xe3, 0x00, 0x00, 0x00, 0x00, 0x00, 0x00, 0x00, 0x00, 0x00,
    0x01, 0xdf, 0xff, 0xc1, 0x00, 0x00, 0x00, 0x00, 0x00, 0x00, 0x00, 0x00, 0x00, 0x01, 0xdf, 0xff,
    0x90, 0x00, 0x00, 0x00, 0x00, 0x00, 0x00, 0x00, 0x00, 0x00, 0x00, 0x00, 0x00, 0x00, 0x00, 0x00,
    0x00, 0x00, 0x00, 0x00, 0x00, 0x00, 0x00, 0x00, 0x00, 0x00, 0x00, 0x00, 0x00, 0x00, 0x00, 0x00,
    0x00, 0x00, 0x00, 0x00, 0x00, 0x00, 0x00, 0x00, 0x00, 0x00, 0x00, 0x00, 0x00, 0x00, 0x00, 0x00,
    0x00, 0x00, 0x00, 0x48, 0xce, 0xff, 0xfd, 0xa6, 0x10, 0x00, 0x00, 0x00, 0x00, 0x00, 0x00, 0x06,
    0xdf, 0xff, 0xff, 0xff, 0xff, 0xff, 0xa2, 0x00, 0x00, 0x00, 0x00, 0x00, 0x2c, 0xff, 0xff, 0xff,
    0xff, 0xff, 0xff, 0xff, 0xf6, 0x00, 0x00, 0x00, 0x00, 0x3e, 0xff, 0xff, 0xff, 0xff, 0xff, 0xff,
    0xff, 0xff, 0xf9, 0x00, 0x00, 0x00, 0x2e, 0xff, 0xff, 0xfe, 0x84, 0x22, 0x36, 0xbf, 0xff, 0xff,
    0xf8, 0x00, 0x00, 0x0c, 0xff, 0xff, 0xf7, 0x00, 0x00, 0x00, 0x00, 0x2d, 0xff, 0xff, 0xf4, 0x00,
    0x06, 0xff, 0xff, 0xf4, 0x00, 0x00, 0x00, 0x00, 0x00, 0x1b, 0xff, 0xff, 0xe0, 0x00, 0xef, 0xff,
    0xf6, 0x00, 0x00, 0x00, 0x00, 0x00, 0x00, 0x1e, 0xff, 0xff, 0x60, 0x4f, 0xff, 0xfc, 0x00, 0x00,
    0x00, 0x00, 0x00, 0x00, 0x00, 0x4f, 0xff, 0xfc, 0x09, 0xff, 0xff, 0x40, 0x00, 0x00, 0x00, 0x00,
    0x00, 0x00, 0x00, 0xdf, 0xff, 0xf1, 0xcf, 0xff, 0xf0, 0x00, 0x00, 0x00, 0x00, 0x00, 0x00, 0x00,
    0x08, 0xff, 0xff, 0x4e, 0xff, 0xfd, 0x00, 0x00, 0x00, 0x00, 0x00, 0x00, 0x00, 0x00, 0x5f, 0xff,
    0xf6, 0xff, 0xff, 0xb0, 0x00, 0x00, 0x00, 0x00, 0x00, 0x00, 0x00, 0x03, 0xff, 0xff, 0x7f, 0xff,
    0xfb, 0x00, 0x00, 0x00, 0x00, 0x00, 0x00, 0x00, 0x00, 0x4f, 0xff, 0xf7, 0xef, 0xff, 0xd0, 0x00,
    0x00, 0x00, 0x00, 0x00, 0x00, 0x00, 0x05, 0xff, 0xff, 0x6c, 0xff, 0xff, 0x00, 0x00, 0x00, 0x00,
    0x00, 0x00, 0x00, 0x00, 0x8f, 0xff, 0xf4, 0x9f, 0xff, 0xf5, 0x00, 0x00, 0x00, 0x00, 0x00, 0x00,
    0x00, 0x0d, 0xff, 0xff, 0x14, 0xff, 0xff, 0xc0, 0x00, 0x00, 0x00, 0x00, 0x00, 0x00, 0x04, 0xff,
    0xff, 0xc0, 0x0e, 0xff, 0xff, 0x70, 0x00, 0x00, 0x00, 0x00, 0x00, 0x01, 0xef, 0xff, 0xf5, 0x00,
    0x6f, 0xff, 0xff, 0x40, 0x00, 0x00, 0x00, 0x00, 0x01, 0xbf, 0xff, 0xfd, 0x00, 0x00, 0xcf, 0xff,
    0xff, 0x80, 0x00, 0x00, 0x00, 0x03, 0xdf, 0xff, 0xff, 0x40, 0x00, 0x02, 0xef, 0xff, 0xff, 0xe8,
    0x42, 0x23, 0x6b, 0xff, 0xff, 0xff, 0x70, 0x00, 0x00, 0x02, 0xef, 0xff, 0xff, 0xff, 0xff, 0xff,
    0xff, 0xff, 0xff, 0x80, 0x00, 0x00, 0x00, 0x01, 0xcf, 0xff, 0xff, 0xff, 0xff, 0xff, 0xff, 0xff,
    0x60, 0x00, 0x00, 0x00, 0x00, 0x00, 0x5d, 0xff, 0xff, 0xff, 0xff, 0xff, 0xfa, 0x20, 0x00, 0x00,
    0x00, 0x00, 0x00, 0x00, 0x04, 0x8c, 0xef, 0xff, 0xda, 0x61, 0x00, 0x00, 0x00, 0x00, 0x00, 0x00,
    0x00, 0x00, 0x00, 0x00, 0x00, 0x1f, 0xff, 0xff, 0x20, 0x00, 0x00, 0x00, 0x00, 0x00, 0x00, 0x00,
    0x00, 0x00, 0x00, 0x00, 0x00, 0x00, 0x00, 0x08, 0xff, 0xff, 0xf9, 0x00, 0x00, 0x00, 0x00, 0x00,
    0x00, 0x00, 0x00, 0x00, 0x00, 0x00, 0x00, 0x00, 0x00, 0x01, 0xff, 0xff, 0xff, 0xf1, 0x00, 0x00,
    0x00, 0x00, 0x00, 0x00, 0x00, 0x00, 0x00, 0x00, 0x00, 0x00, 0x00, 0x00, 0x6f, 0xff, 0xff, 0xff,
    0x80, 0x00, 0x00, 0x00, 0x00, 0x00, 0x00, 0x00, 0x00, 0x00, 0x00, 0x00, 0x00, 0x00, 0x0d, 0xff,
    0xff, 0xff, 0xff, 0x00, 0x00, 0x00, 0x00, 0x00, 0x00, 0x00, 0x00, 0x00, 0x00, 0x00, 0x00, 0x00,
    0x05, 0xff, 0xff, 0xaf, 0xff, 0xf6, 0x00, 0x00, 0x00, 0x00, 0x00, 0x00, 0x00, 0x00, 0x00, 0x00,
    0x00, 0x00, 0x00, 0xcf, 0xff, 0xe0, 0xef, 0xff, 0xd0, 0x00, 0x00, 0x00, 0x00, 0x00, 0x00, 0x00,
    0x00, 0x00, 0x00, 0x00, 0x00, 0x3f, 0xff, 0xf8, 0x07, 0xff, 0xff, 0x50, 0x00, 0x00, 0x00, 0x00,
    0x00, 0x00, 0x00, 0x00, 0x00, 0x00, 0x00, 0x0a, 0xff, 0xff, 0x10, 0x1f, 0xff, 0xfc, 0x00, 0x00,
    0x00, 0x00, 0x00, 0x00, 0x00, 0x00, 0x00, 0x00, 0x00, 0x02, 0xff, 0xff, 0xa0, 0x00, 0x9f, 0xff,
    0xf3, 0x00, 0x00, 0x00, 0x00, 0x00, 0x00, 0x00, 0x00, 0x00, 0x00, 0x00, 0x8f, 0xff, 0xf3, 0x00,
    0x03, 0xff, 0xff, 0xa0, 0x00, 0x00, 0x00, 0x00, 0x00, 0x00, 0x00, 0x00, 0x00, 0x00, 0x1f, 0xff,
    0xfc, 0x00, 0x00, 0x0c, 0xff, 0xff, 0x20, 0x00, 0x00, 0x00, 0x00, 0x00, 0x00, 0x00, 0x00, 0x00,
    0x07, 0xff, 0xff, 0x50, 0x00, 0x00, 0x5f, 0xff, 0xf9, 0x00, 0x00, 0x00, 0x00, 0x00, 0x00, 0x00,
    0x00, 0x00, 0x00, 0xef, 0xff, 0xe0, 0x00, 0x00, 0x00, 0xef, 0xff, 0xf1, 0x00, 0x00, 0x00, 0x00,
    0x00, 0x00, 0x00, 0x00, 0x00, 0x5f, 0xff, 0xf8, 0x00, 0x00, 0x00, 0x07, 0xff, 0xff, 0x70, 0x00,
    0x00, 0x00, 0x00, 0x00, 0x00, 0x00, 0x00, 0x0c, 0xff, 0xff, 0x10, 0x00, 0x00, 0x00, 0x1f, 0xff,
    0xfe, 0x00, 0x00, 0x00, 0x00, 0x00, 0x00, 0x00, 0x00, 0x03, 0xff, 0xff, 0xa0, 0x00, 0x00, 0x00,
    0x00, 0x9f, 0xff, 0xf5, 0x00, 0x00, 0x00, 0x00, 0x00, 0x00, 0x00, 0x00, 0xbf, 0xff, 0xf3, 0x00,
    0x00, 0x00, 0x00, 0x03, 0xff, 0xff, 0xc0, 0x00, 0x00, 0x00, 0x00, 0x00, 0x00, 0x00, 0x2f, 0xff,
    0xfc, 0x00, 0x00, 0x00, 0x00, 0x00, 0x0c, 0xff, 0xff, 0x40, 0x00, 0x00, 0x00, 0x00, 0x00, 0x00,
    0x09, 0xff, 0xff, 0x50, 0x00, 0x00, 0x00, 0x00, 0x00, 0x5f, 0xff, 0xfb, 0x00, 0x00, 0x00, 0x00,
    0x00, 0x00, 0x01, 0xff, 0xff, 0xe0, 0x00, 0x00, 0x00, 0x00, 0x00, 0x00, 0xef, 0xff, 0xf2, 0x00,
    0x00, 0x00, 0x00, 0x00, 0x00, 0x7f, 0xff, 0xf8, 0x00, 0x00, 0x00, 0x00, 0x00, 0x00, 0x07, 0xff,
    0xff, 0x90, 0x00, 0x00, 0x00, 0x00, 0x00, 0x0e, 0xff, 0xff, 0xff, 0xff, 0xff, 0xff, 0xff, 0xff,
    0xff, 0xff, 0xff, 0xff, 0x10, 0x00, 0x00, 0x00, 0x00, 0x06, 0xff, 0xff, 0xff, 0xff, 0xff, 0xff,
    0xff, 0xff, 0xff, 0xff, 0xff, 0xff, 0xf8, 0x00, 0x00, 0x00, 0x00, 0x00, 0xdf, 0xff, 0xff, 0xff,
    0xff, 0xff, 0xff, 0xff, 0xff, 0xff, 0xff, 0xff, 0xff, 0xe0, 0x00, 0x00, 0x00, 0x00, 0x4f, 0xff,
    0xff, 0xff, 0xff, 0xff, 0xff, 0xff, 0xff, 0xff, 0xff, 0xff, 0xff, 0xff, 0x60, 0x00, 0x00, 0x00,
    0x0b, 0xff, 0xff, 0x71, 0x11, 0x11, 0x11, 0x11, 0x11, 0x11, 0x11, 0x11, 0x6f, 0xff, 0xfd, 0x00,
    0x00, 0x00, 0x02, 0xff, 0xff, 0xe0, 0x00, 0x00, 0x00, 0x00, 0x00, 0x00, 0x00, 0x00, 0x00, 0xef,
    0xff, 0xf4, 0x00, 0x00, 0x00, 0x9f, 0xff, 0xf7, 0x00, 0x00, 0x00, 0x00, 0x00, 0x00, 0x00, 0x00,
    0x00, 0x07, 0xff, 0xff, 0xb0, 0x00, 0x00, 0x1f, 0xff, 0xff, 0x10, 0x00, 0x00, 0x00, 0x00, 0x00,
    0x00, 0x00, 0x00, 0x00, 0x1f, 0xff, 0xff, 0x30, 0x00, 0x08, 0xff, 0xff, 0x80, 0x00, 0x00, 0x00,
    0x00, 0x00, 0x00, 0x00, 0x00, 0x00, 0x00, 0x8f, 0xff, 0xfa, 0x00, 0x00, 0xef, 0xff, 0xf1, 0x00,
    0x00, 0x00, 0x00, 0x00, 0x00, 0x00, 0x00, 0x00, 0x00, 0x01, 0xff, 0xff, 0xf1, 0x00, 0x6f, 0xff,
    0xf9, 0x00, 0x00, 0x00, 0x00, 0x00, 0x00, 0x00, 0x00, 0x00, 0x00, 0x00, 0x09, 0xff, 0xff, 0x80,
    0x0d, 0xff, 0xff, 0x20, 0x00, 0x00, 0x00, 0x00, 0x00, 0x00, 0x00, 0x00, 0x00, 0x00, 0x00, 0x2f,
    0xff, 0xff, 0x10, 0x00, 0x00, 0x00, 0x00, 0x00, 0x00, 0x00, 0x00, 0x00, 0x00, 0x00, 0x00, 0x00,
    0x00, 0x1a, 0xff, 0xfd, 0x50, 0x00, 0x00, 0x00, 0x00, 0x00, 0x00, 0x00, 0x00, 0x00, 0x00, 0x00,
    0x00, 0x00, 0x00, 0x1c, 0xff, 0xf7, 0x00, 0x00, 0x00, 0x00, 0x00, 0x00, 0x00, 0x00, 0x00, 0x00,
    0x00, 0x00, 0x00, 0x00, 0x00, 0x0a, 0xff, 0xe3, 0x00, 0x00, 0x00, 0x00, 0x00, 0x00, 0x00, 0x00,
    0x00, 0x00, 0x00, 0x00, 0x00, 0x00, 0x00, 0x03, 0xff, 0xf4, 0x00, 0x00, 0x00, 0x00, 0x00, 0x00,
    0x00, 0x00, 0x00, 0x00, 0x00, 0x00, 0x00, 0x00, 0x00, 0x00, 0xaf, 0xfb, 0x00, 0x00, 0x00, 0x00,
    0x00, 0x00, 0x00, 0x00, 0x00, 0x00, 0x00, 0x00, 0x00, 0x00, 0x00, 0x00, 0x0d, 0xff, 0x80, 0x00,
    0x00, 0x00, 0x00, 0x00, 0x00, 0x00, 0x00, 0x00, 0x00, 0x00, 0x00, 0x00, 0x00, 0x00, 0x00, 0xdf,
    0xfb, 0x00, 0x00, 0x00, 0x00, 0x00, 0x00, 0x00, 0x00, 0x00, 0x00, 0x00, 0x00, 0x00, 0x00, 0x00,
    0x00, 0x0a, 0xff, 0xf7, 0x00, 0x04, 0x50, 0x00, 0x00, 0x00, 0x00, 0x00, 0x00, 0x00, 0x00, 0x00,
    0x00, 0x00, 0x00, 0x00, 0x4f, 0xff, 0xff, 0xef, 0xfc, 0x00, 0x00, 0x00, 0x00, 0x00, 0x00, 0x00,
    0x00, 0x00, 0x00, 0x00, 0x00, 0x00, 0x00, 0x7f, 0xff, 0xff, 0xff, 0xf2, 0x00, 0x00, 0x00, 0x00,
    0x00, 0x00, 0x00, 0x00, 0x00, 0x00, 0x00, 0x00, 0x00, 0x00, 0x3a, 0xef, 0xfe, 0xa3, 0x00, 0x00,
    0x00, 0x01, 0x58, 0xce, 0xff, 0xfe, 0xc8, 0x40, 0x00, 0x00, 0x00, 0x00, 0x03, 0x9f, 0xff, 0xff,
    0xff, 0xff, 0xff, 0xfd, 0x40, 0x00, 0x00, 0x01, 0x9f, 0xff, 0xff, 0xff, 0xff, 0xff, 0xff, 0xff,
    0xf8, 0x00, 0x00, 0x0b, 0xff, 0xff, 0xff, 0xff, 0xff, 0xff, 0xff, 0xff, 0xff, 0x70, 0x00, 0x04,
    0xff, 0xff, 0xea, 0x63, 0x22, 0x36, 0xaf, 0xff, 0xff, 0xf2, 0x00, 0x00, 0xbf, 0xd5, 0x00, 0x00,
    0x00, 0x00, 0x03, 0xef, 0xff, 0xfa, 0x00, 0x00, 0x28, 0x00, 0x00, 0x00, 0x00, 0x00, 0x00, 0x2f,
    0xff, 0xff, 0x00, 0x00, 0x00, 0x00, 0x00, 0x00, 0x00, 0x00, 0x00, 0x09, 0xff, 0xff, 0x40, 0x00,
    0x00, 0x00, 0x00, 0x00, 0x00, 0x00, 0x00, 0x04, 0xff, 0xff, 0x60, 0x00, 0x00, 0x00, 0x00, 0x00,
    0x00, 0x00, 0x00, 0x02, 0xff, 0xff, 0x70, 0x00, 0x00, 0x00, 0x00, 0x00, 0x00, 0x00, 0x00, 0x01,
    0xff, 0xff, 0x80, 0x00, 0x00, 0x05, 0x9c, 0xef, 0xff, 0xff, 0xff, 0xff, 0xff, 0xff, 0x90, 0x00,
    0x06, 0xff, 0xff, 0xff, 0xff, 0xff, 0xff, 0xff, 0xff, 0xff, 0x90, 0x00, 0x9f, 0xff, 0xff, 0xff,
    0xff, 0xff, 0xff, 0xff, 0xff, 0xff, 0x90, 0x07, 0xff, 0xff, 0xe8, 0x31, 0x00, 0x00, 0x00, 0x01,
    0xff, 0xff, 0x90, 0x1f, 0xff, 0xfd, 0x10, 0x00, 0x00, 0x00, 0x00, 0x01, 0xff, 0xff, 0x90, 0x5f,
    0xff, 0xf3, 0x00, 0x00, 0x00, 0x00, 0x00, 0x01, 0xff, 0xff, 0x90, 0x8f, 0xff, 0xf0, 0x00, 0x00,
    0x00, 0x00, 0x00, 0x02, 0xff, 0xff, 0x90, 0x9f, 0xff, 0xf0, 0x00, 0x00, 0x00, 0x00, 0x00, 0x0a,
    0xff, 0xff, 0x90, 0x8f, 0xff, 0xf5, 0x00, 0x00, 0x00, 0x00, 0x00, 0x6f, 0xff, 0xff, 0x90, 0x5f,
    0xff, 0xfe, 0x30, 0x00, 0x00, 0x00, 0x08, 0xff, 0xff, 0xff, 0x90, 0x0f, 0xff, 0xff, 0xfa, 0x52,
    0x12, 0x48, 0xef, 0xff, 0xff, 0xff, 0x90, 0x06, 0xff, 0xff, 0xff, 0xff, 0xff, 0xff, 0xff, 0xfa,
    0xef, 0xff, 0x90, 0x00, 0x8f, 0xff, 0xff, 0xff, 0xff, 0xff, 0xff, 0xc1, 0xef, 0xff, 0x90, 0x00,
    0x05, 0xef, 0xff, 0xff, 0xff, 0xff, 0xf8, 0x00, 0xef, 0xff, 0x90, 0x00, 0x00, 0x05, 0xad, 0xff,
    0xfe, 0xc7, 0x20, 0x02, 0xff, 0xff, 0xa0, 0x00, 0x00, 0x00, 0x00, 0x00, 0x00, 0x00, 0x00, 0x6f,
    0xff, 0xf8, 0x10, 0x00, 0x00, 0x00, 0x00, 0x00, 0x00, 0x00, 0x07, 0xff, 0xfa, 0x10, 0x00, 0x00,
    0x00, 0x00, 0x00, 0x00, 0x00, 0x00, 0x5f, 0xff, 0x70, 0x00, 0x00, 0x00, 0x00, 0x00, 0x00, 0x00,
    0x00, 0x00, 0xef, 0xf9, 0x00, 0x00, 0x00, 0x00, 0x00, 0x00, 0x00, 0x00, 0x00, 0x04, 0xff, 0xf1,
    0x00, 0x00, 0x00, 0x00, 0x00, 0x00, 0x00, 0x00, 0x00, 0x07, 0xff, 0xe0, 0x00, 0x00, 0x00, 0x00,
    0x00, 0x00, 0x00, 0x00, 0x00, 0x07, 0xff, 0xf1, 0x00, 0x00, 0x00, 0x00, 0x00, 0x00, 0x00, 0x00,
    0x00, 0x05, 0xff, 0xfb, 0x10, 0x02, 0x70, 0x00, 0x00, 0x00, 0x00, 0x00, 0x00, 0x00, 0xef, 0xff,
    0xfe, 0xff, 0xf2, 0x00, 0x00, 0x00, 0x00, 0x00, 0x00, 0x00, 0x3e, 0xff, 0xff, 0xff, 0xf7, 0x00,
    0x00, 0x00, 0x00, 0x00, 0x00, 0x00, 0x01, 0x8d, 0xff, 0xeb, 0x60, 0x00, 0x00, 0x00, 0x00, 0x00,
    0x00, 0x00, 0x00, 0x00, 0x00, 0x58, 0x88, 0x88, 0x20, 0x00, 0x00, 0x00, 0x00, 0x00, 0x00, 0x00,
    0x00, 0x00, 0x00, 0x00, 0x6f, 0xff, 0xff, 0x50, 0x00, 0x00, 0x00, 0x00, 0x00, 0x00, 0x00, 0x00,
    0x00, 0x00, 0x00, 0x6f, 0xff, 0xfe, 0x30, 0x00, 0x00, 0x00, 0x00, 0x00, 0x00, 0x00, 0x00, 0x00,
    0x00, 0x00, 0x6f, 0xff, 0xfc, 0x10, 0x00, 0x00, 0x00, 0x00, 0x00, 0x00, 0x00, 0x00, 0x00, 0x00,
    0x00, 0x6f, 0xff, 0xf9, 0x00, 0x00, 0x00, 0x00, 0x00, 0x00, 0x00, 0x00, 0x00, 0x00, 0x00, 0x00,
    0x6f, 0xff, 0xf6, 0x00, 0x00, 0x00, 0x00, 0x00, 0x00, 0x00, 0x00, 0x00, 0x00, 0x00, 0x00, 0x6f,
    0xff, 0xe3, 0x00, 0x00, 0x00, 0x00, 0x00, 0x00, 0x00, 0x00, 0x00, 0x00, 0x00, 0x00, 0x00, 0x00,
    0x00, 0x00, 0x00, 0x00, 0x00, 0x00, 0x00, 0x00, 0x00, 0x00, 0x00, 0x00, 0x00, 0x00, 0x00, 0x00,
    0x00, 0x00, 0x00, 0x00, 0x00, 0x00, 0x00, 0x00, 0x00, 0x00, 0x00, 0x00, 0x00, 0x00, 0x00, 0x00,
    0x00, 0x00, 0x00, 0x00, 0x00, 0x00, 0x00, 0x00, 0x00, 0x00, 0x00, 0x00, 0x38, 0xad, 0xff, 0xff,
    0xec, 0x85, 0x00, 0x00, 0x00, 0x00, 0x00, 0x00, 0x00, 0x00, 0x18, 0xef, 0xff, 0xff, 0xff, 0xff,
    0xff, 0xff, 0xa2, 0x00, 0x00, 0x00, 0x00, 0x00, 0x00, 0x8f, 0xff, 0xff, 0xff, 0xff, 0xff, 0xff,
    0xff, 0xff, 0xf9, 0x10, 0x00, 0x00, 0x00, 0x03, 0xdf, 0xff, 0xff, 0xff, 0xff, 0xff, 0xff, 0xff,
    0xff, 0xff, 0xfe, 0x30, 0x00, 0x00, 0x05, 0xff, 0xff, 0xff, 0xfe, 0x96, 0x32, 0x12, 0x47, 0xcf,
    0xff, 0xff, 0xff, 0x40, 0x00, 0x04, 0xff, 0xff, 0xff, 0xd5, 0x00, 0x00, 0x00, 0x00, 0x00, 0x2a,
    0xff, 0xff, 0xf8, 0x00, 0x03, 0xff, 0xff, 0xff, 0x70, 0x00, 0x00, 0x00, 0x00, 0x00, 0x00, 0x04,
    0xef, 0xf8, 0x00, 0x00, 0xdf, 0xff, 0xff, 0x40, 0x00, 0x00, 0x00, 0x00, 0x00, 0x00, 0x00, 0x01,
    0xd7, 0x00, 0x00, 0x8f, 0xff, 0xff, 0x40, 0x00, 0x00, 0x00, 0x00, 0x00, 0x00, 0x00, 0x00, 0x00,
    0x00, 0x00, 0x1f, 0xff, 0xff, 0x70, 0x00, 0x00, 0x00, 0x00, 0x00, 0x00, 0x00, 0x00, 0x00, 0x00,
    0x00, 0x08, 0xff, 0xff, 0xc0, 0x00, 0x00, 0x00, 0x00, 0x00, 0x00, 0x00, 0x00, 0x00, 0x00, 0x00,
    0x00, 0xdf, 0xff, 0xf4, 0x00, 0x00, 0x00, 0x00, 0x00, 0x00, 0x00, 0x00, 0x00, 0x00, 0x00, 0x00,
    0x2f, 0xff, 0xfe, 0x00, 0x00, 0x00, 0x00, 0x00, 0x00, 0x00, 0x00, 0x00, 0x00, 0x00, 0x00, 0x06,
    0xff, 0xff, 0x90, 0x00, 0x00, 0x00, 0x00, 0x00, 0x00, 0x00, 0x00, 0x00, 0x00, 0x00, 0x00, 0x8f,
    0xff, 0xf6, 0x00, 0x00, 0x00, 0x00, 0x00, 0x00, 0x00, 0x00, 0x00, 0x00, 0x00, 0x00, 0x0a, 0xff,
    0xff, 0x30, 0x00, 0x00, 0x00, 0x00, 0x00, 0x00, 0x00, 0x00, 0x00, 0x00, 0x00, 0x00, 0xbf, 0xff,
    0xf2, 0x00, 0x00, 0x00, 0x00, 0x00, 0x00, 0x00, 0x00, 0x00, 0x00, 0x00, 0x00, 0x0b, 0xff, 0xff,
    0x20, 0x00, 0x00, 0x00, 0x00, 0x00, 0x00, 0x00, 0x00, 0x00, 0x00, 0x00, 0x00, 0xaf, 0xff, 0xf3,
    0x00, 0x00, 0x00, 0x00, 0x00, 0x00, 0x00, 0x00, 0x00, 0x00, 0x00, 0x00, 0x08, 0xff, 0xff, 0x60,
    0x00, 0x00, 0x00, 0x00, 0x00, 0x00, 0x00, 0x00, 0x00, 0x00, 0x00, 0x00, 0x6f, 0xff, 0xf9, 0x00,
    0x00, 0x00, 0x00, 0x00, 0x00, 0x00, 0x00, 0x00, 0x00, 0x00, 0x00, 0x02, 0xff, 0xff, 0xe0, 0x00,
    0x00, 0x00, 0x00, 0x00, 0x00, 0x00, 0x00, 0x00, 0x00, 0x00, 0x00, 0x0d, 0xff, 0xff, 0x40, 0x00,
    0x00, 0x00, 0x00, 0x00, 0x00, 0x00, 0x00, 0x00, 0x00, 0x00, 0x00, 0x8f, 0xff, 0xfc, 0x00, 0x00,
    0x00, 0x00, 0x00, 0x00, 0x00, 0x00, 0x00, 0x00, 0x00, 0x00, 0x01, 0xff, 0xff, 0xf6, 0x00, 0x00,
    0x00, 0x00, 0x00, 0x00, 0x00, 0x00, 0x00, 0x00, 0x00, 0x00, 0x08, 0xff, 0xff, 0xf4, 0x00, 0x00,
    0x00, 0x00, 0x00, 0x00, 0x00, 0x00, 0x00, 0x00, 0x00, 0x00, 0x1d, 0xff, 0xff, 0xf4, 0x00, 0x00,
    0x00, 0x00, 0x00, 0x00, 0x00, 0x00, 0x2d, 0x60, 0x00, 0x00, 0x3f, 0xff, 0xff, 0xf7, 0x00, 0x00,
    0x00, 0x00, 0x00, 0x00, 0x00, 0x4e, 0xff, 0x60, 0x00, 0x00, 0x5f, 0xff, 0xff, 0xfd, 0x50, 0x00,
    0x00, 0x00, 0x00, 0x02, 0xaf, 0xff, 0xff, 0x70, 0x00, 0x00, 0x5f, 0xff, 0xff, 0xff, 0xe9, 0x63,
    0x22, 0x35, 0x8d, 0xff, 0xff, 0xff, 0xf5, 0x00, 0x00, 0x00, 0x3e, 0xff, 0xff, 0xff, 0xff, 0xff,
    0xff, 0xff, 0xff, 0xff, 0xff, 0xe4, 0x00, 0x00, 0x00, 0x00, 0x08, 0xff, 0xff, 0xff, 0xff, 0xff,
    0xff, 0xff, 0xff, 0xff, 0xa1, 0x00, 0x00, 0x00, 0x00, 0x00, 0x01, 0x8e, 0xff, 0xff, 0xff, 0xff,
    0xff, 0xff, 0xfa, 0x30, 0x00, 0x00, 0x00, 0x00, 0x00, 0x00, 0x00, 0x03, 0x8b, 0xdf, 0xff, 0xfe,
    0xc9, 0x51, 0x00, 0x00, 0x00, 0x00, 0x00, 0x00, 0x00, 0x00, 0x00, 0x00, 0x06, 0x88, 0x88, 0x71,
    0x00, 0x00, 0x00, 0x00, 0x00, 0x00, 0x00, 0x00, 0x9f, 0xff, 0xfe, 0x30, 0x00, 0x00, 0x00, 0x00,
    0x00, 0x00, 0x00, 0x09, 0xff, 0xff, 0xc1, 0x00, 0x00, 0x00, 0x00, 0x00, 0x00, 0x00, 0x00, 0x9f,
    0xff, 0xf9, 0x00, 0x00, 0x00, 0x00, 0x00, 0x00, 0x00, 0x00, 0x09, 0xff, 0xff, 0x60, 0x00, 0x00,
    0x00, 0x00, 0x00, 0x00, 0x00, 0x00, 0x9f, 0xff, 0xe3, 0x00, 0x00, 0x00, 0x00, 0x00, 0x00, 0x00,
    0x00, 0x09, 0xff, 0xfc, 0x20, 0x00, 0x00, 0x00, 0x00, 0x00, 0x00, 0x00, 0x00, 0x00, 0x00, 0x00,
    0x00, 0x00, 0x00, 0x00, 0x00, 0x00, 0x00, 0x00, 0x00, 0x00, 0x00, 0x00, 0x00, 0x00, 0x00, 0x00,
    0x00, 0x00, 0x00, 0x00, 0x00, 0x00, 0x00, 0x00, 0x00, 0x00, 0x00, 0x00, 0x00, 0x00, 0x00, 0x00,
    0x00, 0x38, 0xbe, 0xff, 0xfe, 0xb7, 0x20, 0x00, 0x00, 0x00, 0x00, 0x00, 0x5d, 0xff, 0xff, 0xff,
    0xff, 0xff, 0xfa, 0x20, 0x00, 0x00, 0x00, 0x1b, 0xff, 0xff, 0xff, 0xff, 0xff, 0xff, 0xff, 0xf5,
    0x00, 0x00, 0x02, 0xef, 0xff, 0xff, 0xff, 0xff, 0xff, 0xff, 0xff, 0xff, 0x60, 0x00, 0x2e, 0xff,
    0xff, 0xfe, 0x84, 0x22, 0x36, 0xbf, 0xff, 0xff, 0xf3, 0x00, 0xcf, 0xff, 0xff, 0x80, 0x00, 0x00,
    0x00, 0x02, 0xcf, 0xff, 0xf9, 0x06, 0xff, 0xff, 0xf4, 0x00, 0x00, 0x00, 0x00, 0x00, 0x0b, 0xfe,
    0x50, 0x0e, 0xff, 0xff, 0x60, 0x00, 0x00, 0x00, 0x00, 0x00, 0x01, 0x81, 0x00, 0x4f, 0xff, 0xfc,
    0x00, 0x00, 0x00, 0x00, 0x00, 0x00, 0x00, 0x00, 0x00, 0x9f, 0xff, 0xf4, 0x00, 0x00, 0x00, 0x00,
    0x00, 0x00, 0x00, 0x00, 0x00, 0xcf, 0xff, 0xf0, 0x00, 0x00, 0x00, 0x00, 0x00, 0x00, 0x00, 0x00,
    0x00, 0xef, 0xff, 0xd0, 0x00, 0x00, 0x00, 0x00, 0x00, 0x00, 0x00, 0x00, 0x00, 0xff, 0xff, 0xb0,
    0x00, 0x00, 0x00, 0x00, 0x00, 0x00, 0x00, 0x00, 0x00, 0xff, 0xff, 0xb0, 0x00, 0x00, 0x00, 0x00,
    0x00, 0x00, 0x00, 0x00, 0x00, 0xef, 0xff, 0xd0, 0x00, 0x00, 0x00, 0x00, 0x00, 0x00, 0x00, 0x00,
    0x00, 0xcf, 0xff, 0xf0, 0x00, 0x00, 0x00, 0x00, 0x00, 0x00, 0x00, 0x00, 0x00, 0x9f, 0xff, 0xf4,
    0x00, 0x00, 0x00, 0x00, 0x00, 0x00, 0x00, 0x00, 0x00, 0x4f, 0xff, 0xfc, 0x00, 0x00, 0x00, 0x00,
    0x00, 0x00, 0x00, 0x00, 0x00, 0x0d, 0xff, 0xff, 0x60, 0x00, 0x00, 0x00, 0x00, 0x00, 0x01, 0x81,
    0x00, 0x06, 0xff, 0xff, 0xf4, 0x00, 0x00, 0x00, 0x00, 0x00, 0x0b, 0xff, 0x60, 0x00, 0xbf, 0xff,
    0xff, 0x80, 0x00, 0x00, 0x00, 0x02, 0xcf, 0xff, 0xf9, 0x00, 0x1e, 0xff, 0xff, 0xfe, 0x84, 0x22,
    0x35, 0xbf, 0xff, 0xff, 0xf3, 0x00, 0x02, 0xef, 0xff, 0xff, 0xff, 0xff, 0xff, 0xff, 0xff, 0xff,
    0x50, 0x00, 0x00, 0x1b, 0xff, 0xff, 0xff, 0xff, 0xff, 0xff, 0xff, 0xf5, 0x00, 0x00, 0x00, 0x00,
    0x5d, 0xff, 0xff, 0xff, 0xff, 0xff, 0xfa, 0x20, 0x00, 0x00, 0x00, 0x00, 0x00, 0x38, 0xbe, 0xff,
    0xfe, 0xb7, 0x20, 0x00, 0x00, 0xff, 0xff, 0xff, 0xff, 0xff, 0xff, 0xff, 0xff, 0xff, 0xff, 0xff,
    0xfc, 0x00, 0xff, 0xff, 0xff, 0xff, 0xff, 0xff, 0xff, 0xff, 0xff, 0xff, 0xff, 0xfc, 0x00, 0xff,
    0xff, 0xff, 0xff, 0xff, 0xff, 0xff, 0xff, 0xff, 0xff, 0xff, 0xfc, 0x00, 0xff, 0xff, 0xff, 0xff,
    0xff, 0xff, 0xff, 0xff, 0xff, 0xff, 0xff, 0xfc, 0x00, 0xff, 0xff, 0xe1, 0x11, 0x11, 0x11, 0x11,
    0x11, 0x11, 0x11, 0x11, 0x11, 0x00, 0xff, 0xff, 0xe0, 0x00, 0x00, 0x00, 0x00, 0x00, 0x00, 0x00,
    0x00, 0x00, 0x00, 0xff, 0xff, 0xe0, 0x00, 0x00, 0x00, 0x00, 0x00, 0x00, 0x00, 0x00, 0x00, 0x00,
    0xff, 0xff, 0xe0, 0x00, 0x00, 0x00, 0x00, 0x00, 0x00, 0x00, 0x00, 0x00, 0x00, 0xff, 0xff, 0xe0,
    0x00, 0x00, 0x00, 0x00, 0x00, 0x00, 0x00, 0x00, 0x00, 0x00, 0xff, 0xff, 0xe0, 0x00, 0x00, 0x00,
    0x00, 0x00, 0x00, 0x00, 0x00, 0x00, 0x00, 0xff, 0xff, 0xe0, 0x00, 0x00, 0x00, 0x00, 0x00, 0x00,
    0x00, 0x00, 0x00, 0x00, 0xff, 0xff, 0xe0, 0x00, 0x00, 0x00, 0x00, 0x00, 0x00, 0x00, 0x00, 0x00,
    0x00, 0xff, 0xff, 0xe0, 0x00, 0x00, 0x00, 0x00, 0x00, 0x00, 0x00, 0x00, 0x00, 0x00, 0xff, 0xff,
    0xe0, 0x00, 0x00, 0x00, 0x00, 0x00, 0x00, 0x00, 0x00, 0x00, 0x00, 0xff, 0xff, 0xe1, 0x11, 0x11,
    0x11, 0x11, 0x11, 0x11, 0x11, 0x11, 0x00, 0x00, 0xff, 0xff, 0xff, 0xff, 0xff, 0xff, 0xff, 0xff,
    0xff, 0xff, 0xfb, 0x00, 0x00, 0xff, 0xff, 0xff, 0xff, 0xff, 0xff, 0xff, 0xff, 0xff, 0xff, 0xfb,
    0x00, 0x00, 0xff, 0xff, 0xff, 0xff, 0xff, 0xff, 0xff, 0xff, 0xff, 0xff, 0xfb, 0x00, 0x00, 0xff,
    0xff, 0xff, 0xff, 0xff, 0xff, 0xff, 0xff, 0xff, 0xff, 0xfb, 0x00, 0x00, 0xff, 0xff, 0xe0, 0x00,
    0x00, 0x00, 0x00, 0x00, 0x00, 0x00, 0x00, 0x00, 0x00, 0xff, 0xff, 0xe0, 0x00, 0x00, 0x00, 0x00,
    0x00, 0x00, 0x00, 0x00, 0x00, 0x00, 0xff, 0xff, 0xe0, 0x00, 0x00, 0x00, 0x00, 0x00, 0x00, 0x00,
    0x00, 0x00, 0x00, 0xff, 0xff, 0xe0, 0x00, 0x00, 0x00, 0x00, 0x00, 0x00, 0x00, 0x00, 0x00, 0x00,
    0xff, 0xff, 0xe0, 0x00, 0x00, 0x00, 0x00, 0x00, 0x00, 0x00, 0x00, 0x00, 0x00, 0xff, 0xff, 0xe0,
    0x00, 0x00, 0x00, 0x00, 0x00, 0x00, 0x00, 0x00, 0x00, 0x00, 0xff, 0xff, 0xe0, 0x00, 0x00, 0x00,
    0x00, 0x00, 0x00, 0x00, 0x00, 0x00, 0x00, 0xff, 0xff, 0xe0, 0x00, 0x00, 0x00, 0x00, 0x00, 0x00,
    0x00, 0x00, 0x00, 0x00, 0xff, 0xff, 0xe0, 0x00, 0x00, 0x00, 0x00, 0x00, 0x00, 0x00, 0x00, 0x00,
    0x00, 0xff, 0xff, 0xe0, 0x00, 0x00, 0x00, 0x00, 0x00, 0x00, 0x00, 0x00, 0x00, 0x00, 0xff, 0xff,
    0xe1, 0x11, 0x11, 0x11, 0x11, 0x11, 0x11, 0x11, 0x11, 0x11, 0x10, 0xff, 0xff, 0xff, 0xff, 0xff,
    0xff, 0xff, 0xff, 0xff, 0xff, 0xff, 0xff, 0x70, 0xff, 0xff, 0xff, 0xff, 0xff, 0xff, 0xff, 0xff,
    0xff, 0xff, 0xff, 0xff, 0x70, 0xff, 0xff, 0xff, 0xff, 0xff, 0xff, 0xff, 0xff, 0xff, 0xff, 0xff,
    0xff, 0x70, 0xff, 0xff, 0xff, 0xff, 0xff, 0xff, 0xff, 0xff, 0xff, 0xff, 0xff, 0xff, 0x80, 0x00,
    0x00, 0x00, 0x00, 0x00, 0x00, 0x00, 0x00, 0x00, 0x7f, 0xff, 0xf7, 0x10, 0x00, 0x00, 0x00, 0x00,
    0x00, 0x00, 0x00, 0x00, 0x09, 0xff, 0xf9, 0x10, 0x00, 0x00, 0x00, 0x00, 0x00, 0x00, 0x00, 0x00,
    0x00, 0x6f, 0xff, 0x60, 0x00, 0x00, 0x00, 0x00, 0x00, 0x00, 0x00, 0x00, 0x00, 0x01, 0xff, 0xf7,
    0x00, 0x00, 0x00, 0x00, 0x00, 0x00, 0x00, 0x00, 0x00, 0x00, 0x06, 0xff, 0xf0, 0x00, 0x00, 0x00,
    0x00, 0x00, 0x00, 0x00, 0x00, 0x00, 0x00, 0x09, 0xff, 0xc0, 0x00, 0x00, 0x00, 0x00, 0x00, 0x00,
    0x00, 0x00, 0x00, 0x00, 0x09, 0xff, 0xe0, 0x00, 0x00, 0x00, 0x00, 0x00, 0x00, 0x00, 0x00, 0x00,
    0x00, 0x06, 0xff, 0xfa, 0x10, 0x03, 0x60, 0x00, 0x00, 0x00, 0x00, 0x00, 0x00, 0x00, 0x01, 0xff,
    0xff, 0xfe, 0xff, 0xf1, 0x00, 0x00, 0x00, 0x00, 0x00, 0x00, 0x00, 0x00, 0x4f, 0xff, 0xff, 0xff,
    0xf5, 0x00, 0x00, 0x00, 0x00, 0x00, 0x00, 0x00, 0x00, 0x02, 0x9d, 0xff, 0xeb, 0x50, 0x00, 0x00,
    0x00, 0x01, 0x5a, 0xdf, 0xff, 0xec, 0x83, 0x00, 0x00, 0x00, 0x00, 0x00, 0x00, 0x00, 0x7f, 0xff,
    0xff, 0xff, 0xff, 0xff, 0xc4, 0x00, 0x00, 0x00, 0x00, 0x00, 0x3d, 0xff, 0xff, 0xff, 0xff, 0xff,
    0xff, 0xff, 0x90, 0x00, 0x00, 0x00, 0x04, 0xff, 0xff, 0xff, 0xff, 0xff, 0xff, 0xff, 0xff, 0xfc,
    0x10, 0x00, 0x00, 0x2f, 0xff, 0xff, 0xfb, 0x63, 0x22, 0x48, 0xef, 0xff, 0xff, 0xb0, 0x00, 0x00,
    0xdf, 0xff, 0xfd, 0x30, 0x00, 0x00, 0x00, 0x07, 0xff, 0xff, 0xf6, 0x00, 0x07, 0xff, 0xff, 0xc0,
    0x00, 0x00, 0x00, 0x00, 0x00, 0x4f, 0xff, 0xff, 0x10, 0x0e, 0xff, 0xfe, 0x10, 0x00, 0x00, 0x00,
    0x00, 0x00, 0x06, 0xff, 0xff, 0x60, 0x4f, 0xff, 0xf6, 0x00, 0x00, 0x00, 0x00, 0x00, 0x00, 0x00,
    0xdf, 0xff, 0xc0, 0x9f, 0xff, 0xf0, 0x00, 0x00, 0x00, 0x00, 0x00, 0x00, 0x00, 0x7f, 0xff, 0xf1,
    0xcf, 0xff, 0xc0, 0x00, 0x00, 0x00, 0x00, 0x00, 0x00, 0x00, 0x3f, 0xff, 0xf3, 0xef, 0xff, 0xff,
    0xff, 0xff, 0xff, 0xff, 0xff, 0xff, 0xff, 0xff, 0xff, 0xf5, 0xff, 0xff, 0xff, 0xff, 0xff, 0xff,
    0xff, 0xff, 0xff, 0xff, 0xff, 0xff, 0xf6, 0xff, 0xff, 0xff, 0xff, 0xff, 0xff, 0xff, 0xff, 0xff,
    0xff, 0xff, 0xff, 0xf5, 0xef, 0xff, 0xc0, 0x00, 0x00, 0x00, 0x00, 0x00, 0x00, 0x00, 0x00, 0x00,
    0x00, 0xcf, 0xff, 0xf0, 0x00, 0x00, 0x00, 0x00, 0x00, 0x00, 0x00, 0x00, 0x00, 0x00, 0x9f, 0xff,
    0xf5, 0x00, 0x00, 0x00, 0x00, 0x00, 0x00, 0x00, 0x00, 0x00, 0x00, 0x4f, 0xff, 0xfc, 0x00, 0x00,
    0x00, 0x00, 0x00, 0x00, 0x00, 0x00, 0x00, 0x00, 0x0e, 0xff, 0xff, 0x70, 0x00, 0x00, 0x00, 0x00,
    0x00, 0x00, 0x01, 0x00, 0x00, 0x06, 0xff, 0xff, 0xf6, 0x00, 0x00, 0x00, 0x00, 0x00, 0x00, 0xbd,
    0x10, 0x00, 0x00, 0xcf, 0xff, 0xff, 0x91, 0x00, 0x00, 0x00, 0x00, 0x3d, 0xff, 0xb0, 0x00, 0x00,
    0x2e, 0xff, 0xff, 0xff, 0xa6, 0x32, 0x24, 0x7c, 0xff, 0xff, 0xf7, 0x00, 0x00, 0x03, 0xef, 0xff,
    0xff, 0xff, 0xff, 0xff, 0xff, 0xff, 0xff, 0xe2, 0x00, 0x00, 0x00, 0x1b, 0xff, 0xff, 0xff, 0xff,
    0xff, 0xff, 0xff, 0xfd, 0x20, 0x00, 0x00, 0x00, 0x00, 0x5c, 0xff, 0xff, 0xff, 0xff, 0xff, 0xff,
    0xc1, 0x00, 0x00, 0x00, 0x00, 0x00, 0x00, 0x38, 0xbe, 0xff, 0xff, 0xff, 0xfc, 0x10, 0x00, 0x00,
    0x00, 0x00, 0x00, 0x00, 0x00, 0x00, 0x00, 0x1e, 0xff, 0xd1, 0x00, 0x00, 0x00, 0x00, 0x00, 0x00,
    0x00, 0x00, 0x00, 0x00, 0xaf, 0xff, 0x20, 0x00, 0x00, 0x00, 0x00, 0x00, 0x00, 0x00, 0x00, 0x00,
    0x02, 0xff, 0xf5, 0x00, 0x00, 0x00, 0x00, 0x00, 0x00, 0x00, 0x00, 0x00, 0x00, 0x08, 0xff, 0xd0,
    0x00, 0x00, 0x00, 0x00, 0x00, 0x00, 0x00, 0x00, 0x00, 0x00, 0x0c, 0xff, 0x90, 0x00, 0x00, 0x00,
    0x00, 0x00, 0x00, 0x00, 0x00, 0x00, 0x00, 0x0d, 0xff, 0x80, 0x00, 0x00, 0x00, 0x00, 0x00, 0x00,
    0x00, 0x00, 0x00, 0x00, 0x0c, 0xff, 0xc0, 0x00, 0x00, 0x00, 0x00, 0x00, 0x00, 0x00, 0x00, 0x00,
    0x00, 0x08, 0xff, 0xf9, 0x21, 0x27, 0x60, 0x00, 0x00, 0x00, 0x00, 0x00, 0x00, 0x00, 0x02, 0xff,
    0xff, 0xff, 0xff, 0xd0, 0x00, 0x00, 0x00, 0x00, 0x00, 0x00, 0x00, 0x00, 0x4f, 0xff, 0xff, 0xff,
    0xf2, 0x00, 0x00, 0x00, 0x00, 0x00, 0x00, 0x00, 0x00, 0x01, 0x7b, 0xdd, 0xb7, 0x10, 0x00, 0x00,
    0x00, 0x09, 0xff, 0xff, 0x40, 0x00, 0x00, 0x00, 0x00, 0x00, 0x00, 0x00, 0x00, 0x00, 0x00, 0x00,
    0x9f, 0xff, 0xf4, 0x00, 0x00, 0x00, 0x00, 0x00, 0x00, 0x00, 0x00, 0x00, 0x00, 0x00, 0x09, 0xff,
    0xff, 0x40, 0x00, 0x00, 0x00, 0x00, 0x00, 0x00, 0x00, 0x00, 0x00, 0x00, 0x00, 0x9f, 0xff, 0xf4,
    0x00, 0x00, 0x00, 0x00, 0x00, 0x00, 0x00, 0x00, 0x00, 0x00, 0x00, 0x09, 0xff, 0xff, 0x40, 0x00,
    0x00, 0x00, 0x00, 0x00, 0x00, 0x00, 0x00, 0x00, 0x00, 0x00, 0x9f, 0xff, 0xf4, 0x00, 0x00, 0x00,
    0x00, 0x00, 0x00, 0x00, 0x00, 0x00, 0x00, 0x00, 0x09, 0xff, 0xff, 0x40, 0x00, 0x00, 0x00, 0x00,
    0x00, 0x00, 0x00, 0x00, 0x00, 0x00, 0x00, 0x9f, 0xff, 0xf4, 0x00, 0x00, 0x50, 0x00, 0x00, 0x00,
    0x00, 0x00, 0x00, 0x00, 0x00, 0x09, 0xff, 0xff, 0x40, 0x01, 0xbf, 0x70, 0x00, 0x00, 0x00, 0x00,
    0x00, 0x00, 0x00, 0x00, 0x9f, 0xff, 0xf4, 0x04, 0xef, 0xff, 0x40, 0x00, 0x00, 0x00, 0x00, 0x00,
    0x00, 0x00, 0x09, 0xff, 0xff, 0x47, 0xff, 0xff, 0xf4, 0x00, 0x00, 0x00, 0x00, 0x00, 0x00, 0x00,
    0x00, 0x9f, 0xff, 0xff, 0xff, 0xff, 0xd2, 0x00, 0x00, 0x00, 0x00, 0x00, 0x00, 0x00, 0x00, 0x09,
    0xff, 0xff, 0xff, 0xff, 0x90, 0x00, 0x00, 0x00, 0x00, 0x00, 0x00, 0x00, 0x00, 0x00, 0x9f, 0xff,
    0xff, 0xff, 0x50, 0x00, 0x00, 0x00, 0x00, 0x00, 0x00, 0x00, 0x00, 0x00, 0x0a, 0xff, 0xff, 0xfd,
    0x20, 0x00, 0x00, 0x00, 0x00, 0x00, 0x00, 0x00, 0x00, 0x00, 0x03, 0xff, 0xff, 0xfe, 0x10, 0x00,
    0x00, 0x00, 0x00, 0x00, 0x00, 0x00, 0x00, 0x00, 0x06, 0xff, 0xff, 0xff, 0x40, 0x00, 0x00, 0x00,
    0x00, 0x00, 0x00, 0x00, 0x00, 0x00, 0x1a, 0xff, 0xff, 0xff, 0xf4, 0x00, 0x00, 0x00, 0x00, 0x00,
    0x00, 0x00, 0x00, 0x00, 0x2d, 0xff, 0xff, 0xff, 0xff, 0x40, 0x00, 0x00, 0x00, 0x00, 0x00, 0x00,
    0x00, 0x00, 0x03, 0xff, 0xff, 0xff, 0xff, 0xf4, 0x00, 0x00, 0x00, 0x00, 0x00, 0x00, 0x00, 0x00,
    0x00, 0x06, 0xfe, 0x39, 0xff, 0xff, 0x40, 0x00, 0x00, 0x00, 0x00, 0x00, 0x00, 0x00, 0x00, 0x00,
    0x06, 0x10, 0x9f, 0xff, 0xf4, 0x00, 0x00, 0x00, 0x00, 0x00, 0x00, 0x00, 0x00, 0x00, 0x00, 0x00,
    0x09, 0xff, 0xff, 0x40, 0x00, 0x00, 0x00, 0x00, 0x00, 0x00, 0x00, 0x00, 0x00, 0x00, 0x00, 0x9f,
    0xff, 0xf4, 0x00, 0x00, 0x00, 0x00, 0x00, 0x00, 0x00, 0x00, 0x00, 0x00, 0x00, 0x09, 0xff, 0xff,
    0x40, 0x00, 0x00, 0x00, 0x00, 0x00, 0x00, 0x00, 0x00, 0x00, 0x00, 0x00, 0x9f, 0xff, 0xf4, 0x00,
    0x00, 0x00, 0x00, 0x00, 0x00, 0x00, 0x00, 0x00, 0x00, 0x00, 0x09, 0xff, 0xff, 0x40, 0x00, 0x00,
    0x00, 0x00, 0x00, 0x00, 0x00, 0x00, 0x00, 0x00, 0x00, 0x9f, 0xff, 0xf4, 0x00, 0x00, 0x00, 0x00,
    0x00, 0x00, 0x00, 0x00, 0x00, 0x00, 0x00, 0x09, 0xff, 0xff, 0x40, 0x00, 0x00, 0x00, 0x00, 0x00,
    0x00, 0x00, 0x00, 0x00, 0x00, 0x00, 0x9f, 0xff, 0xf5, 0x11, 0x11, 0x11, 0x11, 0x11, 0x11, 0x11,
    0x11, 0x11, 0x00, 0x00, 0x09, 0xff, 0xff, 0xff, 0xff, 0xff, 0xff, 0xff, 0xff, 0xff, 0xff, 0xff,
    0x70, 0x00, 0x00, 0x9f, 0xff, 0xff, 0xff, 0xff, 0xff, 0xff, 0xff, 0xff, 0xff, 0xff, 0xf7, 0x00,
    0x00, 0x09, 0xff, 0xff, 0xff, 0xff, 0xff, 0xff, 0xff, 0xff, 0xff, 0xff, 0xff, 0x70, 0x00, 0x00,
    0x9f, 0xff, 0xff, 0xff, 0xff, 0xff, 0xff, 0xff, 0xff, 0xff, 0xff, 0xf7, 0x00, 0x00, 0x04, 0xff,
    0xff, 0x60, 0x00, 0x00, 0x00, 0x00, 0x04, 0xff, 0xff, 0x60, 0x00, 0x00, 0x00, 0x00, 0x04, 0xff,
    0xff, 0x60, 0x00, 0x00, 0x00, 0x00, 0x04, 0xff, 0xff, 0x60, 0x00, 0x00, 0x00, 0x00, 0x04, 0xff,
    0xff, 0x60, 0x00, 0x00, 0x00, 0x00, 0x04, 0xff, 0xff, 0x60, 0x00, 0x00, 0x00, 0x00, 0x04, 0xff,
    0xff, 0x60, 0x00, 0x00, 0x00, 0x00, 0x04, 0xff, 0xff, 0x60, 0x00, 0x00, 0x00, 0x00, 0x04, 0xff,
    0xff, 0x60, 0x00, 0x00, 0x00, 0x00, 0x04, 0xff, 0xff, 0x60, 0x00, 0x00, 0x00, 0x00, 0x04, 0xff,
    0xff, 0x60, 0x00, 0x00, 0x00, 0x00, 0x04, 0xff, 0xff, 0x60, 0x00, 0x00, 0x00, 0x00, 0x04, 0xff,
    0xff, 0x60, 0x27, 0x00, 0x00, 0x00, 0x04, 0xff, 0xff, 0x65, 0xff, 0x50, 0x00, 0x00, 0x04, 0xff,
    0xff, 0xff, 0xff, 0xf2, 0x00, 0x00, 0x04, 0xff, 0xff, 0xff, 0xff, 0xb1, 0x00, 0x00, 0x04, 0xff,
    0xff, 0xff, 0xf8, 0x00, 0x00, 0x00, 0x04, 0xff, 0xff, 0xff, 0x40, 0x00, 0x00, 0x00, 0x2f, 0xff,
    0xff, 0xf2, 0x00, 0x00, 0x00, 0x04, 0xff, 0xff, 0xff, 0x60, 0x00, 0x00, 0x00, 0x8f, 0xff, 0xff,
    0xff, 0x60, 0x00, 0x00, 0x1b, 0xff, 0xff, 0xff, 0xff, 0x60, 0x00, 0x00, 0x1e, 0xff, 0xfd, 0xff,
    0xff, 0x60, 0x00, 0x00, 0x03, 0xff, 0x54, 0xff, 0xff, 0x60, 0x00, 0x00, 0x00, 0x52, 0x04, 0xff,
    0xff, 0x60, 0x00, 0x00, 0x00, 0x00, 0x04, 0xff, 0xff, 0x60, 0x00, 0x00, 0x00, 0x00, 0x04, 0xff,
    0xff, 0x60, 0x00, 0x00, 0x00, 0x00, 0x04, 0xff, 0xff, 0x60, 0x00, 0x00, 0x00, 0x00, 0x04, 0xff,
    0xff, 0x60, 0x00, 0x00, 0x00, 0x00, 0x04, 0xff, 0xff, 0x60, 0x00, 0x00, 0x00, 0x00, 0x04, 0xff,
    0xff, 0x60, 0x00, 0x00, 0x00, 0x00, 0x04, 0xff, 0xff, 0x60, 0x00, 0x00, 0x00, 0x00, 0x04, 0xff,
    0xff, 0x60, 0x00, 0x00, 0x00, 0x00, 0x04, 0xff, 0xff, 0x60, 0x00, 0x00, 0x00, 0x00, 0x04, 0xff,
    0xff, 0x60, 0x00, 0x00, 0x00, 0x00, 0x04, 0xff, 0xff, 0x60, 0x00, 0x00, 0x00, 0x00, 0x00, 0x00,
    0x00, 0x00, 0x00, 0x00, 0x07, 0x88, 0x88, 0x70, 0x00, 0x00, 0x00, 0x00, 0x00, 0x00, 0x00, 0x00,
    0x00, 0x00, 0x0a, 0xff, 0xff, 0xd2, 0x00, 0x00, 0x00, 0x00, 0x00, 0x00, 0x00, 0x00, 0x00, 0x00,
    0x0a, 0xff, 0xff, 0xb1, 0x00, 0x00, 0x00, 0x00, 0x00, 0x00, 0x00, 0x00, 0x00, 0x00, 0x0a, 0xff,
    0xff, 0x80, 0x00, 0x00, 0x00, 0x00, 0x00, 0x00, 0x00, 0x00, 0x00, 0x00, 0x0a, 0xff, 0xff, 0x50,
    0x00, 0x00, 0x00, 0x00, 0x00, 0x00, 0x00, 0x00, 0x00, 0x00, 0x0a, 0xff, 0xfe, 0x30, 0x00, 0x00,
    0x00, 0x00, 0x00, 0x00, 0x00, 0x00, 0x00, 0x00, 0x0a, 0xff, 0xfb, 0x10, 0x00, 0x00, 0x00, 0x00,
    0x00, 0x00, 0x00, 0x00, 0x00, 0x00, 0x00, 0x00, 0x00, 0x00, 0x00, 0x00, 0x00, 0x00, 0x00, 0x00,
    0x00, 0x00, 0x00, 0x00, 0x00, 0x00, 0x00, 0x00, 0x00, 0x00, 0x00, 0x00, 0x00, 0x00, 0x00, 0x00,
    0x00, 0x00, 0x00, 0x00, 0x00, 0x00, 0x00, 0x00, 0x00, 0x00, 0x00, 0x00, 0x00, 0xff, 0xff, 0x60,
    0x00, 0x00, 0x00, 0x00, 0x00, 0x00, 0x00, 0x00, 0x00, 0xef, 0xff, 0xff, 0xff, 0xff, 0x30, 0x00,
    0x00, 0x00, 0x00, 0x00, 0x00, 0x00, 0x00, 0x0e, 0xff, 0xff, 0xff, 0xff, 0xfe, 0x10, 0x00, 0x00,
    0x00, 0x00, 0x00, 0x00, 0x00, 0x00, 0xef, 0xff, 0xff, 0xff, 0xff, 0xfc, 0x00, 0x00, 0x00, 0x00,
    0x00, 0x00, 0x00, 0x00, 0x0e, 0xff, 0xff, 0xff, 0xff, 0xff, 0xf9, 0x00, 0x00, 0x00, 0x00, 0x00,
    0x00, 0x00, 0x00, 0xef, 0xff, 0xff, 0xff, 0xff, 0xff, 0xf5, 0x00, 0x00, 0x00, 0x00, 0x00, 0x00,
    0x00, 0x0e, 0xff, 0xff, 0xff, 0xff, 0xff, 0xff, 0xf3, 0x00, 0x00, 0x00, 0x00, 0x00, 0x00, 0x00,
    0xef, 0xff, 0xff, 0xff, 0xff, 0xff, 0xff, 0xe1, 0x00, 0x00, 0x00, 0x00, 0x00, 0x00, 0x0e, 0xff,
    0xff, 0xff, 0xff, 0xff, 0xff, 0xff, 0xc0, 0x00, 0x00, 0x00, 0x00, 0x00, 0x00, 0xef, 0xff, 0xff,
    0xff, 0xfe, 0x8f, 0xff, 0xff, 0x80, 0x00, 0x00, 0x00, 0x00, 0x00, 0x0e, 0xff, 0xff, 0xff, 0xff,
    0xe0, 0xbf, 0xff, 0xff, 0x50, 0x00, 0x00, 0x00, 0x00, 0x00, 0xef, 0xff, 0xff, 0xff, 0xfe, 0x01,
    0xdf, 0xff, 0xff, 0x30, 0x00, 0x00, 0x00, 0x00, 0x0e, 0xff, 0xff, 0xff, 0xff, 0xe0, 0x02, 0xff,
    0xff, 0xfe, 0x10, 0x00, 0x00, 0x00, 0x00, 0xef, 0xff, 0xff, 0xff, 0xfe, 0x00, 0x05, 0xff, 0xff,
    0xfb, 0x00, 0x00, 0x00, 0x00, 0x0e, 0xff, 0xff, 0xff, 0xff, 0xe0, 0x00, 0x08, 0xff, 0xff, 0xf8,
    0x00, 0x00, 0x00, 0x00, 0xef, 0xff, 0xff, 0xff, 0xfe, 0x00, 0x00, 0x0b, 0xff, 0xff, 0xf5, 0x00,
    0x00, 0x00, 0x0e, 0xff, 0xff, 0xff, 0xff, 0xe0, 0x00, 0x00, 0x1e, 0xff, 0xff, 0xf2, 0x00, 0x00,
    0x00, 0xef, 0xff, 0xff, 0xff, 0xfe, 0x00, 0x00, 0x00, 0x3f, 0xff, 0xff, 0xd1, 0x00, 0x00, 0x0e,
    0xff, 0xff, 0xff, 0xff, 0xe0, 0x00, 0x00, 0x00, 0x5f, 0xff, 0xff, 0xb0, 0x00, 0x00, 0xef, 0xff,
    0xff, 0xff, 0xfe, 0x00, 0x00, 0x00, 0x00, 0x8f, 0xff, 0xff, 0x80, 0x00, 0x0e, 0xff, 0xff, 0xff,
    0xff, 0xe0, 0x00, 0x00, 0x00, 0x00, 0xcf, 0xff, 0xff, 0x50, 0x00, 0xef, 0xff, 0xff, 0xff, 0xfe,
    0x00, 0x00, 0x00, 0x00, 0x01, 0xef, 0xff, 0xff, 0x20, 0x0e, 0xff, 0xff, 0xff, 0xff, 0xe0, 0x00,
    0x00, 0x00, 0x00, 0x03, 0xff, 0xff, 0xfd, 0x10, 0xef, 0xff, 0xff, 0xff, 0xfe, 0x00, 0x00, 0x00,
    0x00, 0x00, 0x06, 0xff, 0xff, 0xfb, 0x0e, 0xff, 0xff, 0xff, 0xff, 0xe0, 0x00, 0x00, 0x00, 0x00,
    0x00, 0x09, 0xff, 0xff, 0xf7, 0xef, 0xff, 0xff, 0xff, 0xfe, 0x00, 0x00, 0x00, 0x00, 0x00, 0x00,
    0x0c, 0xff, 0xff, 0xff, 0xff, 0xff, 0xff, 0xff, 0xe0, 0x00, 0x00, 0x00, 0x00, 0x00, 0x00, 0x1e,
    0xff, 0xff, 0xff, 0xff, 0xff, 0xff, 0xfe, 0x00, 0x00, 0x00, 0x00, 0x00, 0x00, 0x00, 0x3f, 0xff,
    0xff, 0xff, 0xff, 0xff, 0xff, 0xe0, 0x00, 0x00, 0x00, 0x00, 0x00, 0x00, 0x00, 0x6f, 0xff, 0xff,
    0xff, 0xff, 0xff, 0xfe, 0x00, 0x00, 0x00, 0x00, 0x00, 0x00, 0x00, 0x00, 0x9f, 0xff, 0xff, 0xff,
    0xff, 0xff, 0xe0, 0x00, 0x00, 0x00, 0x00, 0x00, 0x00, 0x00, 0x00, 0xcf, 0xff, 0xff, 0xff, 0xff,
    0xfe, 0x00, 0x00, 0x00, 0x00, 0x00, 0x00, 0x00, 0x00, 0x01, 0xef, 0xff, 0xff, 0xff, 0xff, 0xe0,
    0x00, 0x00, 0x00, 0x00, 0x00, 0x00, 0x00, 0x00, 0x04, 0xff, 0xff, 0xff, 0xff, 0xfe, 0x00, 0x00,
    0x00, 0x00, 0x00, 0x00, 0x00, 0x00, 0x00, 0x06, 0xff, 0xff, 0x00, 0x00, 0x00, 0x00, 0x00, 0x00,
    0x00, 0x07, 0x88, 0x88, 0x70, 0x00, 0x00, 0x00, 0x00, 0x00, 0x00, 0x00, 0x00, 0x0a, 0xff, 0xff,
    0xe3, 0x00, 0x00, 0x00, 0x00, 0x00, 0x00, 0x00, 0x00, 0x0a, 0xff, 0xff, 0xb1, 0x00, 0x00, 0x00,
    0x00, 0x00, 0x00, 0x00, 0x00, 0x0a, 0xff, 0xff, 0x80, 0x00, 0x00, 0x00, 0x00, 0x00, 0x00, 0x00,
    0x00, 0x0a, 0xff, 0xff, 0x50, 0x00, 0x00, 0x00, 0x00, 0x00, 0x00, 0x00, 0x00, 0x0a, 0xff, 0xfe,
    0x30, 0x00, 0x00, 0x00, 0x00, 0x00, 0x00, 0x00, 0x00, 0x0a, 0xff, 0xfc, 0x10, 0x00, 0x00, 0x00,
    0x00, 0x00, 0x00, 0x00, 0x00, 0x00, 0x00, 0x00, 0x00, 0x00, 0x00, 0x00, 0x00, 0x00, 0x00, 0x00,
    0x00, 0x00, 0x00, 0x00, 0x00, 0x00, 0x00, 0x00, 0x00, 0x00, 0x00, 0x00, 0x00, 0x00, 0x00, 0x00,
    0x00, 0x00, 0x00, 0x00, 0x00, 0x00, 0x00, 0xaf, 0xff, 0xd0, 0x00, 0x05, 0x9d, 0xff, 0xfe, 0xc8,
    0x30, 0x00, 0x00, 0x0a, 0xff, 0xfd, 0x00, 0x5e, 0xff, 0xff, 0xff, 0xff, 0xff, 0xb2, 0x00, 0x00,
    0xaf, 0xff, 0xd0, 0xbf, 0xff, 0xff, 0xff, 0xff, 0xff, 0xff, 0xf5, 0x00, 0x0a, 0xff, 0xfd, 0xbf,
    0xff, 0xff, 0xff, 0xff, 0xff, 0xff, 0xff, 0xf3, 0x00, 0xaf, 0xff, 0xff, 0xff, 0xfc, 0x73, 0x22,
    0x37, 0xdf, 0xff, 0xff, 0xe0, 0x0a, 0xff, 0xff, 0xff, 0xe4, 0x00, 0x00, 0x00, 0x00, 0x7f, 0xff,
    0xff, 0x60, 0xaf, 0xff, 0xff, 0xe2, 0x00, 0x00, 0x00, 0x00, 0x00, 0x8f, 0xff, 0xfd, 0x0a, 0xff,
    0xff, 0xf4, 0x00, 0x00, 0x00, 0x00, 0x00, 0x00, 0xef, 0xff, 0xf1, 0xaf, 0xff, 0xfc, 0x00, 0x00,
    0x00, 0x00, 0x00, 0x00, 0x08, 0xff, 0xff, 0x5a, 0xff, 0xff, 0x60, 0x00, 0x00, 0x00, 0x00, 0x00,
    0x00, 0x5f, 0xff, 0xf6, 0xaf, 0xff, 0xf3, 0x00, 0x00, 0x00, 0x00, 0x00, 0x00, 0x03, 0xff, 0xff,
    0x7a, 0xff, 0xff, 0x10, 0x00, 0x00, 0x00, 0x00, 0x00, 0x00, 0x2f, 0xff, 0xf8, 0xaf, 0xff, 0xf0,
    0x00, 0x00, 0x00, 0x00, 0x00, 0x00, 0x02, 0xff, 0xff, 0x8a, 0xff, 0xff, 0x00, 0x00, 0x00, 0x00,
    0x00, 0x00, 0x00, 0x2f, 0xff, 0xf8, 0xaf, 0xff, 0xf0, 0x00, 0x00, 0x00, 0x00, 0x00, 0x00, 0x02,
    0xff, 0xff, 0x8a, 0xff, 0xff, 0x00, 0x00, 0x00, 0x00, 0x00, 0x00, 0x00, 0x2f, 0xff, 0xf8, 0xaf,
    0xff, 0xf0, 0x00, 0x00, 0x00, 0x00, 0x00, 0x00, 0x02, 0xff, 0xff, 0x8a, 0xff, 0xff, 0x00, 0x00,
    0x00, 0x00, 0x00, 0x00, 0x00, 0x2f, 0xff, 0xf8, 0xaf, 0xff, 0xf0, 0x00, 0x00, 0x00, 0x00, 0x00,
    0x00, 0x02, 0xff, 0xff, 0x8a, 0xff, 0xff, 0x00, 0x00, 0x00, 0x00, 0x00, 0x00, 0x00, 0x2f, 0xff,
    0xf8, 0xaf, 0xff, 0xf0, 0x00, 0x00, 0x00, 0x00, 0x00, 0x00, 0x02, 0xff, 0xff, 0x8a, 0xff, 0xff,
    0x00, 0x00, 0x00, 0x00, 0x00, 0x00, 0x00, 0x2f, 0xff, 0xf8, 0xaf, 0xff, 0xf0, 0x00, 0x00, 0x00,
    0x00, 0x00, 0x00, 0x02, 0xff, 0xff, 0x8a, 0xff, 0xff, 0x00, 0x00, 0x00, 0x00, 0x00, 0x00, 0x00,
    0x2f, 0xff, 0xf8, 0xaf, 0xff, 0xf0, 0x00, 0x00, 0x00, 0x00, 0x00, 0x00, 0x02, 0xff, 0xff, 0x8a,
    0xff, 0xff, 0x00, 0x00, 0x00, 0x00, 0x00, 0x00, 0x00, 0x2f, 0xff, 0xf8, 0x00, 0x00, 0x00, 0x00,
    0x00, 0x00, 0x00, 0x00, 0x78, 0x88, 0x87, 0x00, 0x00, 0x00, 0x00, 0x00, 0x00, 0x00, 0x00, 0x00,
    0x0a, 0xff, 0xff, 0xe3, 0x00, 0x00, 0x00, 0x00, 0x00, 0x00, 0x00, 0x00, 0x00, 0xaf, 0xff, 0xfb,
    0x10, 0x00, 0x00, 0x00, 0x00, 0x00, 0x00, 0x00, 0x00, 0x0a, 0xff, 0xff, 0x80, 0x00, 0x00, 0x00,
    0x00, 0x00, 0x00, 0x00, 0x00, 0x00, 0xaf, 0xff, 0xf5, 0x00, 0x00, 0x00, 0x00, 0x00, 0x00, 0x00,
    0x00, 0x00, 0x0a, 0xff, 0xfe, 0x30, 0x00, 0x00, 0x00, 0x00, 0x00, 0x00, 0x00, 0x00, 0x00, 0xaf,
    0xff, 0xc1, 0x00, 0x00, 0x00, 0x00, 0x00, 0x00, 0x00, 0x00, 0x00, 0x00, 0x00, 0x00, 0x00, 0x00,
    0x00, 0x00, 0x00, 0x00, 0x00, 0x00, 0x00, 0x00, 0x00, 0x00, 0x00, 0x00, 0x00, 0x00, 0x00, 0x00,
    0x00, 0x00, 0x00, 0x00, 0x00, 0x00, 0x00, 0x00, 0x00, 0x00, 0x00, 0x00, 0x00, 0x00, 0x00, 0x00,
    0x00, 0x02, 0x6a, 0xce, 0xff, 0xfe, 0xda, 0x73, 0x00, 0x00, 0x00, 0x00, 0x00, 0x03, 0xbf, 0xff,
    0xff, 0xff, 0xff, 0xff, 0xff, 0xe9, 0x20, 0x00, 0x00, 0x01, 0x9f, 0xff, 0xff, 0xff, 0xff, 0xff,
    0xff, 0xff, 0xff, 0xf9, 0x10, 0x00, 0x1c, 0xff, 0xff, 0xff, 0xff, 0xff, 0xff, 0xff, 0xff, 0xff,
    0xff, 0x40, 0x00, 0xaf, 0xff, 0xff, 0xfa, 0x63, 0x22, 0x24, 0x6a, 0xef, 0xff, 0xfd, 0x00, 0x04,
    0xff, 0xff, 0xfa, 0x10, 0x00, 0x00, 0x00, 0x00, 0x04, 0xaf, 0xf7, 0x00, 0x0b, 0xff, 0xff, 0x90,
    0x00, 0x00, 0x00, 0x00, 0x00, 0x00, 0x03, 0xb1, 0x00, 0x0f, 0xff, 0xfe, 0x00, 0x00, 0x00, 0x00,
    0x00, 0x00, 0x00, 0x00, 0x00, 0x00, 0x2f, 0xff, 0xf9, 0x00, 0x00, 0x00, 0x00, 0x00, 0x00, 0x00,
    0x00, 0x00, 0x00, 0x3f, 0xff, 0xf8, 0x00, 0x00, 0x00, 0x00, 0x00, 0x00, 0x00, 0x00, 0x00, 0x00,
    0x2f, 0xff, 0xfb, 0x00, 0x00, 0x00, 0x00, 0x00, 0x00, 0x00, 0x00, 0x00, 0x00, 0x0f, 0xff, 0xff,
    0x30, 0x00, 0x00, 0x00, 0x00, 0x00, 0x00, 0x00, 0x00, 0x00, 0x0c, 0xff, 0xff, 0xe4, 0x00, 0x00,
    0x00, 0x00, 0x00, 0x00, 0x00, 0x00, 0x00, 0x04, 0xff, 0xff, 0xff, 0xb4, 0x00, 0x00, 0x00, 0x00,
    0x00, 0x00, 0x00, 0x00, 0x00, 0x9f, 0xff, 0xff, 0xff, 0xea, 0x62, 0x00, 0x00, 0x00, 0x00, 0x00,
    0x00, 0x00, 0x08, 0xff, 0xff, 0xff, 0xff, 0xff, 0xea, 0x61, 0x00, 0x00, 0x00, 0x00, 0x00, 0x00,
    0x5d, 0xff, 0xff, 0xff, 0xff, 0xff, 0xff, 0xc7, 0x10, 0x00, 0x00, 0x00, 0x00, 0x00, 0x5b, 0xff,
    0xff, 0xff, 0xff, 0xff, 0xff, 0xf8, 0x10, 0x00, 0x00, 0x00, 0x00, 0x00, 0x15, 0xae, 0xff, 0xff,
    0xff, 0xff, 0xff, 0xd2, 0x00, 0x00, 0x00, 0x00, 0x00, 0x00, 0x00, 0x26, 0xae, 0xff, 0xff, 0xff,
    0xfe, 0x20, 0x00, 0x00, 0x00, 0x00, 0x00, 0x00, 0x00, 0x00, 0x38, 0xff, 0xff, 0xff, 0xd0, 0x00,
    0x00, 0x00, 0x00, 0x00, 0x00, 0x00, 0x00, 0x00, 0x1a, 0xff, 0xff, 0xf5, 0x00, 0x00, 0x00, 0x00,
    0x00, 0x00, 0x00, 0x00, 0x00, 0x00, 0xaf, 0xff, 0xfa, 0x00, 0x00, 0x00, 0x00, 0x00, 0x00, 0x00,
    0x00, 0x00, 0x00, 0x1f, 0xff, 0xfc, 0x00, 0x00, 0x00, 0x00, 0x00, 0x00, 0x00, 0x00, 0x00, 0x00,
    0x0e, 0xff, 0xfd, 0x00, 0x00, 0x00, 0x00, 0x00, 0x00, 0x00, 0x00, 0x00, 0x00, 0x0f, 0xff, 0xfc,
    0x06, 0x50, 0x00, 0x00, 0x00, 0x00, 0x00, 0x00, 0x00, 0x00, 0x4f, 0xff, 0xfa, 0x0e, 0xfa, 0x10,
    0x00, 0x00, 0x00, 0x00, 0x00, 0x00, 0x01, 0xdf, 0xff, 0xf5, 0x7f, 0xff, 0xf9, 0x30, 0x00, 0x00,
    0x00, 0x00, 0x00, 0x3d, 0xff, 0xff, 0xe0, 0xef, 0xff, 0xff, 0xfe, 0x96, 0x42, 0x12, 0x24, 0x7c,
    0xff, 0xff, 0xff, 0x40, 0x4e, 0xff, 0xff, 0xff, 0xff, 0xff, 0xff, 0xff, 0xff, 0xff, 0xff, 0xf6,
    0x00, 0x01, 0x9f, 0xff, 0xff, 0xff, 0xff, 0xff, 0xff, 0xff, 0xff, 0xff, 0x50, 0x00, 0x00, 0x01,
    0x7d, 0xff, 0xff, 0xff, 0xff, 0xff, 0xff, 0xff, 0x81, 0x00, 0x00, 0x00, 0x00, 0x00, 0x26, 0x9c,
    0xef, 0xff, 0xfe, 0xc8, 0x40, 0x00, 0x00, 0x00, 0x00, 0x00, 0x00, 0x00, 0x00, 0x00, 0x03, 0x88,
    0x88, 0x83, 0x00, 0x00, 0x00, 0x00, 0x00, 0x00, 0x00, 0x4f, 0xff, 0xff, 0x70, 0x00, 0x00, 0x00,
    0x00, 0x00, 0x00, 0x04, 0xff, 0xff, 0xf4, 0x00, 0x00, 0x00, 0x00, 0x00, 0x00, 0x00, 0x4f, 0xff,
    0xfd, 0x20, 0x00, 0x00, 0x00, 0x00, 0x00, 0x00, 0x04, 0xff, 0xff, 0xb1, 0x00, 0x00, 0x00, 0x00,
    0x00, 0x00, 0x00, 0x4f, 0xff, 0xf8, 0x00, 0x00, 0x00, 0x00, 0x00, 0x00, 0x00, 0x04, 0xff, 0xff,
    0x50, 0x00, 0x00, 0x00, 0x00, 0x00, 0x00, 0x00, 0x00, 0x00, 0x00, 0x00, 0x00, 0x00, 0x00, 0x00,
    0x00, 0x00, 0x00, 0x00, 0x00, 0x00, 0x00, 0x00, 0x00, 0x00, 0x00, 0x00, 0x00, 0x00, 0x00, 0x00,
    0x00, 0x00, 0x00, 0x00, 0x00, 0x00, 0x00, 0x00, 0x00, 0x38, 0xbe, 0xff, 0xfe, 0xc9, 0x61, 0x00,
    0x00, 0x00, 0x00, 0x5d, 0xff, 0xff, 0xff, 0xff, 0xff, 0xff, 0xc5, 0x00, 0x00, 0x09, 0xff, 0xff,
    0xff, 0xff, 0xff, 0xff, 0xff, 0xff, 0xa0, 0x00, 0xaf, 0xff, 0xff, 0xff, 0xff, 0xff, 0xff, 0xff,
    0xff, 0x40, 0x04, 0xff, 0xff, 0xfd, 0x74, 0x21, 0x24, 0x6a, 0xff, 0xfc, 0x00, 0x0b, 0xff, 0xff,
    0x80, 0x00, 0x00, 0x00, 0x00, 0x17, 0xf4, 0x00, 0x0f, 0xff, 0xfc, 0x00, 0x00, 0x00, 0x00, 0x00,
    0x00, 0x10, 0x00, 0x0f, 0xff, 0xf9, 0x00, 0x00, 0x00, 0x00, 0x00, 0x00, 0x00, 0x00, 0x0f, 0xff,
    0xfc, 0x00, 0x00, 0x00, 0x00, 0x00, 0x00, 0x00, 0x00, 0x0d, 0xff, 0xff, 0x70, 0x00, 0x00, 0x00,
    0x00, 0x00, 0x00, 0x00, 0x07, 0xff, 0xff, 0xfd, 0x73, 0x00, 0x00, 0x00, 0x00, 0x00, 0x00, 0x01,
    0xdf, 0xff, 0xff, 0xff, 0xfc, 0x96, 0x30, 0x00, 0x00, 0x00, 0x00, 0x1b, 0xff, 0xff, 0xff, 0xff,
    0xff, 0xff, 0xb5, 0x00, 0x00, 0x00, 0x00, 0x5d, 0xff, 0xff, 0xff, 0xff, 0xff, 0xff, 0xe3, 0x00,
    0x00, 0x00, 0x00, 0x26, 0x9c, 0xff, 0xff, 0xff, 0xff, 0xff, 0x50, 0x00, 0x00, 0x00, 0x00, 0x00,
    0x02, 0x58, 0xdf, 0xff, 0xff, 0xf1, 0x00, 0x00, 0x00, 0x00, 0x00, 0x00, 0x00, 0x03, 0xef, 0xff,
    0xf6, 0x00, 0x00, 0x00, 0x00, 0x00, 0x00, 0x00, 0x00, 0x3f, 0xff, 0xf9, 0x00, 0x00, 0x00, 0x00,
    0x00, 0x00, 0x00, 0x00, 0x0f, 0xff, 0xfa, 0x01, 0x70, 0x00, 0x00, 0x00, 0x00, 0x00, 0x00, 0x2f,
    0xff, 0xf9, 0x09, 0xfd, 0x61, 0x00, 0x00, 0x00, 0x00, 0x01, 0xcf, 0xff, 0xf5, 0x2f, 0xff, 0xff,
    0xb8, 0x43, 0x22, 0x24, 0x8e, 0xff, 0xff, 0xe0, 0xaf, 0xff, 0xff, 0xff, 0xff, 0xff, 0xff, 0xff,
    0xff, 0xff, 0x40, 0x4d, 0xff, 0xff, 0xff, 0xff, 0xff, 0xff, 0xff, 0xff, 0xf5, 0x00, 0x00, 0x5c,
    0xff, 0xff, 0xff, 0xff, 0xff, 0xff, 0xfa, 0x20, 0x00, 0x00, 0x00, 0x15, 0x9c, 0xef, 0xff, 0xfd,
    0xa6, 0x10, 0x00, 0x00, 0x00, 0x00, 0x00, 0x00, 0x00, 0x00, 0x00, 0x00, 0x28, 0x88, 0x88, 0x50,
    0x00, 0x00, 0x00, 0x00, 0x00, 0x00, 0x00, 0x00, 0x00, 0x00, 0x2e, 0xff, 0xff, 0xa1, 0x00, 0x00,
    0x00, 0x00, 0x00, 0x00, 0x00, 0x00, 0x00, 0x00, 0x2e, 0xff, 0xff, 0x70, 0x00, 0x00, 0x00, 0x00,
    0x00, 0x00, 0x00, 0x00, 0x00, 0x00, 0x2e, 0xff, 0xff, 0x40, 0x00, 0x00, 0x00, 0x00, 0x00, 0x00,
    0x00, 0x00, 0x00, 0x00, 0x2e, 0xff, 0xfd, 0x20, 0x00, 0x00, 0x00, 0x00, 0x00, 0x00, 0x00, 0x00,
    0x00, 0x00, 0x2e, 0xff, 0xfb, 0x10, 0x00, 0x00, 0x00, 0x00, 0x00, 0x00, 0x00, 0x00, 0x00, 0x00,
    0x2e, 0xff, 0xf8, 0x00, 0x00, 0x00, 0x00, 0x00, 0x00, 0x00, 0x00, 0x00, 0x00, 0x00, 0x00, 0x00,
    0x00, 0x00, 0x00, 0x00, 0x00, 0x00, 0x00, 0x00, 0x00, 0x00, 0x00, 0x00, 0x00, 0x00, 0x00, 0x00,
    0x00, 0x00, 0x00, 0x00, 0x00, 0x00, 0x00, 0x00, 0x00, 0x00, 0x00, 0x00, 0x00, 0x00, 0x00, 0x00,
    0x00, 0x00, 0x00, 0x00, 0x00, 0xaf, 0xff, 0xff, 0xff, 0xff, 0xff, 0xff, 0xff, 0xff, 0xff, 0xff,
    0xff, 0xff, 0xf8, 0x0a, 0xff, 0xff, 0xff, 0xff, 0xff, 0xff, 0xff, 0xff, 0xff, 0xff, 0xff, 0xff,
    0xff, 0x80, 0xaf, 0xff, 0xff, 0xff, 0xff, 0xff, 0xff, 0xff, 0xff, 0xff, 0xff, 0xff, 0xff, 0xf8,
    0x0a, 0xff, 0xff, 0xff, 0xff, 0xff, 0xff, 0xff, 0xff, 0xff, 0xff, 0xff, 0xff, 0xff, 0x40, 0x11,
    0x11, 0x11, 0x11, 0x11, 0x11, 0x11, 0x11, 0x11, 0x11, 0x4f, 0xff, 0xff, 0x80, 0x00, 0x00, 0x00,
    0x00, 0x00, 0x00, 0x00, 0x00, 0x00, 0x00, 0x1e, 0xff, 0xff, 0xb0, 0x00, 0x00, 0x00, 0x00, 0x00,
    0x00, 0x00, 0x00, 0x00, 0x00, 0x0b, 0xff, 0xff, 0xe1, 0x00, 0x00, 0x00, 0x00, 0x00, 0x00, 0x00,
    0x00, 0x00, 0x00, 0x08, 0xff, 0xff, 0xf3, 0x00, 0x00, 0x00, 0x00, 0x00, 0x00, 0x00, 0x00, 0x00,
    0x00, 0x05, 0xff, 0xff, 0xf5, 0x00, 0x00, 0x00, 0x00, 0x00, 0x00, 0x00, 0x00, 0x00, 0x00, 0x02,
    0xff, 0xff, 0xf9, 0x00, 0x00, 0x00, 0x00, 0x00, 0x00, 0x00, 0x00, 0x00, 0x00, 0x01, 0xdf, 0xff,
    0xfc, 0x00, 0x00, 0x00, 0x00, 0x00, 0x00, 0x00, 0x00, 0x00, 0x00, 0x00, 0xbf, 0xff, 0xfe, 0x10,
    0x00, 0x00, 0x00, 0x00, 0x00, 0x00, 0x00, 0x00, 0x00, 0x00, 0x7f, 0xff, 0xff, 0x40, 0x00, 0x00,
    0x00, 0x00, 0x00, 0x00, 0x00, 0x00, 0x00, 0x00, 0x4f, 0xff, 0xff, 0x70, 0x00, 0x00, 0x00, 0x00,
    0x00, 0x00, 0x00, 0x00, 0x00, 0x00, 0x2f, 0xff, 0xff, 0xa0, 0x00, 0x00, 0x00, 0x00, 0x00, 0x00,
    0x00, 0x00, 0x00, 0x00, 0x0d, 0xff, 0xff, 0xd1, 0x00, 0x00, 0x00, 0x00, 0x00, 0x00, 0x00, 0x00,
    0x00, 0x00, 0x0a, 0xff, 0xff, 0xf2, 0x00, 0x00, 0x00, 0x00, 0x00, 0x00, 0x00, 0x00, 0x00, 0x00,
    0x06, 0xff, 0xff, 0xf4, 0x00, 0x00, 0x00, 0x00, 0x00, 0x00, 0x00, 0x00, 0x00, 0x00, 0x03, 0xff,
    0xff, 0xf8, 0x00, 0x00, 0x00, 0x00, 0x00, 0x00, 0x00, 0x00, 0x00, 0x00, 0x01, 0xef, 0xff, 0xfb,
    0x00, 0x00, 0x00, 0x00, 0x00, 0x00, 0x00, 0x00, 0x00, 0x00, 0x00, 0xcf, 0xff, 0xfe, 0x10, 0x00,
    0x00, 0x00, 0x00, 0x00, 0x00, 0x00, 0x00, 0x00, 0x00, 0x9f, 0xff, 0xff, 0x30, 0x00, 0x00, 0x00,
    0x00, 0x00, 0x00, 0x00, 0x00, 0x00, 0x00, 0x6f, 0xff, 0xff, 0x50, 0x00, 0x00, 0x00, 0x00, 0x00,
    0x00, 0x00, 0x00, 0x00, 0x00, 0x3f, 0xff, 0xff, 0x90, 0x00, 0x00, 0x00, 0x00, 0x00, 0x00, 0x00,
    0x00, 0x00, 0x00, 0x1e, 0xff, 0xff, 0xc0, 0x00, 0x00, 0x00, 0x00, 0x00, 0x00, 0x00, 0x00, 0x00,
    0x00, 0x0b, 0xff, 0xff, 0xe1, 0x00, 0x00, 0x00, 0x00, 0x00, 0x00, 0x00, 0x00, 0x00, 0x00, 0x08,
    0xff, 0xff, 0xf3, 0x00, 0x00, 0x00, 0x00, 0x00, 0x00, 0x00, 0x00, 0x00, 0x00, 0x05, 0xff, 0xff,
    0xf6, 0x00, 0x00, 0x00, 0x00, 0x00, 0x00, 0x00, 0x00, 0x00, 0x00, 0x02, 0xff, 0xff, 0xfa, 0x00,
    0x00, 0x00, 0x00, 0x00, 0x00, 0x00, 0x00, 0x00, 0x00, 0x01, 0xdf, 0xff, 0xfd, 0x21, 0x11, 0x11,
    0x11, 0x11, 0x11, 0x11, 0x11, 0x11, 0x11, 0x10, 0xaf, 0xff, 0xff, 0xff, 0xff, 0xff, 0xff, 0xff,
    0xff, 0xff, 0xff, 0xff, 0xff, 0xff, 0x2f, 0xff, 0xff, 0xff, 0xff, 0xff, 0xff, 0xff, 0xff, 0xff,
    0xff, 0xff, 0xff, 0xff, 0xf2, 0xff, 0xff, 0xff, 0xff, 0xff, 0xff, 0xff, 0xff, 0xff, 0xff, 0xff,
    0xff, 0xff, 0xff, 0x2f, 0xff, 0xff, 0xff, 0xff, 0xff, 0xff, 0xff, 0xff, 0xff, 0xff, 0xff, 0xff,
    0xff, 0xf2, 0x00, 0x00, 0x00, 0x00, 0x00, 0x00, 0x00, 0x68, 0x88, 0x88, 0x10, 0x00, 0x00, 0x00,
    0x00, 0x00, 0x00, 0x00, 0x8f, 0xff, 0xfe, 0x40, 0x00, 0x00, 0x00, 0x00, 0x00, 0x00, 0x00, 0x8f,
    0xff, 0xfc, 0x20, 0x00, 0x00, 0x00, 0x00, 0x00, 0x00, 0x00, 0x8f, 0xff, 0xfa, 0x00, 0x00, 0x00,
    0x00, 0x00, 0x00, 0x00, 0x00, 0x8f, 0xff, 0xf7, 0x00, 0x00, 0x00, 0x00, 0x00, 0x00, 0x00, 0x00,
    0x8f, 0xff, 0xf4, 0x00, 0x00, 0x00, 0x00, 0x00, 0x00, 0x00, 0x00, 0x8f, 0xff, 0xd2, 0x00, 0x00,
    0x00, 0x00, 0x00, 0x00, 0x00, 0x00, 0x00, 0x00, 0x00, 0x00, 0x00, 0x00, 0x00, 0x00, 0x00, 0x00,
    0x00, 0x00, 0x00, 0x00, 0x00, 0x00, 0x00, 0x00, 0x00, 0x00, 0x00, 0x00, 0x00, 0x00, 0x00, 0x00,
    0x00, 0x00, 0x00, 0x00, 0x00, 0x0d, 0xff, 0xff, 0xff, 0xff, 0xff, 0xff, 0xff, 0xff, 0xff, 0xfe,
    0x00, 0xdf, 0xff, 0xff, 0xff, 0xff, 0xff, 0xff, 0xff, 0xff, 0xff, 0xe0, 0x0d, 0xff, 0xff, 0xff,
    0xff, 0xff, 0xff, 0xff, 0xff, 0xff, 0xfe, 0x00, 0xdf, 0xff, 0xff, 0xff, 0xff, 0xff, 0xff, 0xff,
    0xff, 0xff, 0xa0, 0x01, 0x11, 0x11, 0x11, 0x11, 0x11, 0x11, 0x18, 0xff, 0xff, 0xd1, 0x00, 0x00,
    0x00, 0x00, 0x00, 0x00, 0x00, 0x04, 0xff, 0xff, 0xf2, 0x00, 0x00, 0x00, 0x00, 0x00, 0x00, 0x00,
    0x02, 0xef, 0xff, 0xf4, 0x00, 0x00, 0x00, 0x00, 0x00, 0x00, 0x00, 0x00, 0xcf, 0xff, 0xf7, 0x00,
    0x00, 0x00, 0x00, 0x00, 0x00, 0x00, 0x00, 0xaf, 0xff, 0xfa, 0x00, 0x00, 0x00, 0x00, 0x00, 0x00,
    0x00, 0x00, 0x7f, 0xff, 0xfd, 0x00, 0x00, 0x00, 0x00, 0x00, 0x00, 0x00, 0x00, 0x4f, 0xff, 0xfe,
    0x20, 0x00, 0x00, 0x00, 0x00, 0x00, 0x00, 0x00, 0x2e, 0xff, 0xff, 0x40, 0x00, 0x00, 0x00, 0x00,
    0x00, 0x00, 0x00, 0x0d, 0xff, 0xff, 0x60, 0x00, 0x00, 0x00, 0x00, 0x00, 0x00, 0x00, 0x0a, 0xff,
    0xff, 0xa0, 0x00, 0x00, 0x00, 0x00, 0x00, 0x00, 0x00, 0x07, 0xff, 0xff, 0xc0, 0x00, 0x00, 0x00,
    0x00, 0x00, 0x00, 0x00, 0x04, 0xff, 0xff, 0xe2, 0x00, 0x00, 0x00, 0x00, 0x00, 0x00, 0x00, 0x02,
    0xff, 0xff, 0xf3, 0x00, 0x00, 0x00, 0x00, 0x00, 0x00, 0x00, 0x00, 0xdf, 0xff, 0xf6, 0x00, 0x00,
    0x00, 0x00, 0x00, 0x00, 0x00, 0x00, 0xaf, 0xff, 0xf9, 0x00, 0x00, 0x00, 0x00, 0x00, 0x00, 0x00,
    0x00, 0x7f, 0xff, 0xfc, 0x00, 0x00, 0x00, 0x00, 0x00, 0x00, 0x00, 0x00, 0x4f, 0xff, 0xfe, 0x10,
    0x00, 0x00, 0x00, 0x00, 0x00, 0x00, 0x00, 0x2f, 0xff, 0xff, 0x41, 0x11, 0x11, 0x11, 0x11, 0x11,
    0x11, 0x10, 0x0d, 0xff, 0xff, 0xff, 0xff, 0xff, 0xff, 0xff, 0xff, 0xff, 0xff, 0x41, 0xff, 0xff,
    0xff, 0xff, 0xff, 0xff, 0xff, 0xff, 0xff, 0xff, 0xf4, 0x1f, 0xff, 0xff, 0xff, 0xff, 0xff, 0xff,
    0xff, 0xff, 0xff, 0xff, 0x41, 0xff, 0xff, 0xff, 0xff, 0xff, 0xff, 0xff, 0xff, 0xff, 0xff, 0xf4,
    0x00, 0x00, 0x00, 0x00, 0x00, 0x00, 0x6e, 0xf9, 0x00, 0x00, 0x00, 0x00, 0x00, 0x00, 0x00, 0x00,
    0x00, 0x00, 0x00, 0x00, 0x4f, 0xff, 0xf9, 0x00, 0x00, 0x00, 0x00, 0x00, 0x00, 0x00, 0x00, 0x00,
    0x00, 0x00, 0x0a, 0xff, 0xff, 0xe0, 0x00, 0x00, 0x00, 0x00, 0x00, 0x00, 0x00, 0x00, 0x00, 0x00,
    0x00, 0xaf, 0xff, 0xfe, 0x00, 0x00, 0x00, 0x00, 0x00, 0x00, 0x00, 0x00, 0x00, 0x00, 0x00, 0x05,
    0xff, 0xff, 0x90, 0x00, 0x00, 0x00, 0x00, 0x00, 0x00, 0x00, 0x00, 0x00, 0x00, 0x00, 0x07, 0xef,
    0x91, 0x00, 0x00, 0x00, 0x00, 0x00, 0x00, 0x00, 0x00, 0x00, 0x00, 0x00, 0x00, 0x00, 0x00, 0x00,
    0x00, 0x00, 0x00, 0x00, 0x00, 0x00, 0x00, 0x00, 0x00, 0x00, 0x00, 0x00, 0x00, 0x00, 0x00, 0x00,
    0x00, 0x00, 0x00, 0x00, 0x00, 0x00, 0x00, 0x00, 0x00, 0x00, 0x00, 0x00, 0x00, 0x00, 0x00, 0x00,
    0x00, 0x00, 0x00, 0x00, 0x00, 0x00, 0x00, 0x00, 0x00, 0x00, 0x00, 0x00, 0x00, 0x00, 0x00, 0x00,
    0x00, 0xaf, 0xff, 0xff, 0xff, 0xff, 0xff, 0xff, 0xff, 0xff, 0xff, 0xff, 0xff, 0xff, 0xf8, 0x0a,
    0xff, 0xff, 0xff, 0xff, 0xff, 0xff, 0xff, 0xff, 0xff, 0xff, 0xff, 0xff, 0xff, 0x80, 0xaf, 0xff,
    0xff, 0xff, 0xff, 0xff, 0xff, 0xff, 0xff, 0xff, 0xff, 0xff, 0xff, 0xf8, 0x0a, 0xff, 0xff, 0xff,
    0xff, 0xff, 0xff, 0xff, 0xff, 0xff, 0xff, 0xff, 0xff, 0xff, 0x40, 0x11, 0x11, 0x11, 0x11, 0x11,
    0x11, 0x11, 0x11, 0x11, 0x11, 0x4f, 0xff, 0xff, 0x80, 0x00, 0x00, 0x00, 0x00, 0x00, 0x00, 0x00,
    0x00, 0x00, 0x00, 0x1e, 0xff, 0xff, 0xb0, 0x00, 0x00, 0x00, 0x00, 0x00, 0x00, 0x00, 0x00, 0x00,
    0x00, 0x0b, 0xff, 0xff, 0xe1, 0x00, 0x00, 0x00, 0x00, 0x00, 0x00, 0x00, 0x00, 0x00, 0x00, 0x08,
    0xff, 0xff, 0xf3, 0x00, 0x00, 0x00, 0x00, 0x00, 0x00, 0x00, 0x00, 0x00, 0x00, 0x05, 0xff, 0xff,
    0xf5, 0x00, 0x00, 0x00, 0x00, 0x00, 0x00, 0x00, 0x00, 0x00, 0x00, 0x02, 0xff, 0xff, 0xf9, 0x00,
    0x00, 0x00, 0x00, 0x00, 0x00, 0x00, 0x00, 0x00, 0x00, 0x01, 0xdf, 0xff, 0xfc, 0x00, 0x00, 0x00,
    0x00, 0x00, 0x00, 0x00, 0x00, 0x00, 0x00, 0x00, 0xbf, 0xff, 0xfe, 0x10, 0x00, 0x00, 0x00, 0x00,
    0x00, 0x00, 0x00, 0x00, 0x00, 0x00, 0x7f, 0xff, 0xff, 0x40, 0x00, 0x00, 0x00, 0x00, 0x00, 0x00,
    0x00, 0x00, 0x00, 0x00, 0x4f, 0xff, 0xff, 0x70, 0x00, 0x00, 0x00, 0x00, 0x00, 0x00, 0x00, 0x00,
    0x00, 0x00, 0x2f, 0xff, 0xff, 0xa0, 0x00, 0x00, 0x00, 0x00, 0x00, 0x00, 0x00, 0x00, 0x00, 0x00,
    0x0d, 0xff, 0xff, 0xd1, 0x00, 0x00, 0x00, 0x00, 0x00, 0x00, 0x00, 0x00, 0x00, 0x00, 0x0a, 0xff,
    0xff, 0xf2, 0x00, 0x00, 0x00, 0x00, 0x00, 0x00, 0x00, 0x00, 0x00, 0x00, 0x06, 0xff, 0xff, 0xf4,
    0x00, 0x00, 0x00, 0x00, 0x00, 0x00, 0x00, 0x00, 0x00, 0x00, 0x03, 0xff, 0xff, 0xf8, 0x00, 0x00,
    0x00, 0x00, 0x00, 0x00, 0x00, 0x00, 0x00, 0x00, 0x01, 0xef, 0xff, 0xfb, 0x00, 0x00, 0x00, 0x00,
    0x00, 0x00, 0x00, 0x00, 0x00, 0x00, 0x00, 0xcf, 0xff, 0xfe, 0x10, 0x00, 0x00, 0x00, 0x00, 0x00,
    0x00, 0x00, 0x00, 0x00, 0x00, 0x9f, 0xff, 0xff, 0x30, 0x00, 0x00, 0x00, 0x00, 0x00, 0x00, 0x00,
    0x00, 0x00, 0x00, 0x6f, 0xff, 0xff, 0x50, 0x00, 0x00, 0x00, 0x00, 0x00, 0x00, 0x00, 0x00, 0x00,
    0x00, 0x3f, 0xff, 0xff, 0x90, 0x00, 0x00, 0x00, 0x00, 0x00, 0x00, 0x00, 0x00, 0x00, 0x00, 0x1e,
    0xff, 0xff, 0xc0, 0x00, 0x00, 0x00, 0x00, 0x00, 0x00, 0x00, 0x00, 0x00, 0x00, 0x0b, 0xff, 0xff,
    0xe1, 0x00, 0x00, 0x00, 0x00, 0x00, 0x00, 0x00, 0x00, 0x00, 0x00, 0x08, 0xff, 0xff, 0xf3, 0x00,
    0x00, 0x00, 0x00, 0x00, 0x00, 0x00, 0x00, 0x00, 0x00, 0x05, 0xff, 0xff, 0xf6, 0x00, 0x00, 0x00,
    0x00, 0x00, 0x00, 0x00, 0x00, 0x00, 0x00, 0x02, 0xff, 0xff, 0xfa, 0x00, 0x00, 0x00, 0x00, 0x00,
    0x00, 0x00, 0x00, 0x00, 0x00, 0x01, 0xdf, 0xff, 0xfd, 0x21, 0x11, 0x11, 0x11, 0x11, 0x11, 0x11,
    0x11, 0x11, 0x11, 0x10, 0xaf, 0xff, 0xff, 0xff, 0xff, 0xff, 0xff, 0xff, 0xff, 0xff, 0xff, 0xff,
    0xff, 0xff, 0x2f, 0xff, 0xff, 0xff, 0xff, 0xff, 0xff, 0xff, 0xff, 0xff, 0xff, 0xff, 0xff, 0xff,
    0xf2, 0xff, 0xff, 0xff, 0xff, 0xff, 0xff, 0xff, 0xff, 0xff, 0xff, 0xff, 0xff, 0xff, 0xff, 0x2f,
    0xff, 0xff, 0xff, 0xff, 0xff, 0xff, 0xff, 0xff, 0xff, 0xff, 0xff, 0xff, 0xff, 0xf2, 0x00, 0x00,
    0x00, 0x00, 0x02, 0xcf, 0xd3, 0x00, 0x00, 0x00, 0x00, 0x00, 0x00, 0x00, 0x00, 0x00, 0xdf, 0xff,
    0xf1, 0x00, 0x00, 0x00, 0x00, 0x00, 0x00, 0x00, 0x00, 0x3f, 0xff, 0xff, 0x50, 0x00, 0x00, 0x00,
    0x00, 0x00, 0x00, 0x00, 0x03, 0xff, 0xff, 0xf5, 0x00, 0x00, 0x00, 0x00, 0x00, 0x00, 0x00, 0x00,
    0x0d, 0xff, 0xff, 0x10, 0x00, 0x00, 0x00, 0x00, 0x00, 0x00, 0x00, 0x00, 0x2c, 0xfd, 0x30, 0x00,
    0x00, 0x00, 0x00, 0x00, 0x00, 0x00, 0x00, 0x00, 0x00, 0x00, 0x00, 0x00, 0x00, 0x00, 0x00, 0x00,
    0x00, 0x00, 0x00, 0x00, 0x00, 0x00, 0x00, 0x00, 0x00, 0x00, 0x00, 0x00, 0x00, 0x00, 0x00, 0x00,
    0x00, 0x00, 0x00, 0x00, 0x00, 0x00, 0x00, 0x00, 0x00, 0x00, 0x00, 0x00, 0x00, 0x00, 0x00, 0x00,
    0x00, 0x0d, 0xff, 0xff, 0xff, 0xff, 0xff, 0xff, 0xff, 0xff, 0xff, 0xfe, 0x00, 0xdf, 0xff, 0xff,
    0xff, 0xff, 0xff, 0xff, 0xff, 0xff, 0xff, 0xe0, 0x0d, 0xff, 0xff, 0xff, 0xff, 0xff, 0xff, 0xff,
    0xff, 0xff, 0xfe, 0x00, 0xdf, 0xff, 0xff, 0xff, 0xff, 0xff, 0xff, 0xff, 0xff, 0xff, 0xa0, 0x01,
    0x11, 0x11, 0x11, 0x11, 0x11, 0x11, 0x18, 0xff, 0xff, 0xd1, 0x00, 0x00, 0x00, 0x00, 0x00, 0x00,
    0x00, 0x04, 0xff, 0xff, 0xf2, 0x00, 0x00, 0x00, 0x00, 0x00, 0x00, 0x00, 0x02, 0xef, 0xff, 0xf4,
    0x00, 0x00, 0x00, 0x00, 0x00, 0x00, 0x00, 0x00, 0xcf, 0xff, 0xf7, 0x00, 0x00, 0x00, 0x00, 0x00,
    0x00, 0x00, 0x00, 0xaf, 0xff, 0xfa, 0x00, 0x00, 0x00, 0x00, 0x00, 0x00, 0x00, 0x00, 0x7f, 0xff,
    0xfd, 0x00, 0x00, 0x00, 0x00, 0x00, 0x00, 0x00, 0x00, 0x4f, 0xff, 0xfe, 0x20, 0x00, 0x00, 0x00,
    0x00, 0x00, 0x00, 0x00, 0x2e, 0xff, 0xff, 0x40, 0x00, 0x00, 0x00, 0x00, 0x00, 0x00, 0x00, 0x0d,
    0xff, 0xff, 0x60, 0x00, 0x00, 0x00, 0x00, 0x00, 0x00, 0x00, 0x0a, 0xff, 0xff, 0xa0, 0x00, 0x00,
    0x00, 0x00, 0x00, 0x00, 0x00, 0x07, 0xff, 0xff, 0xc0, 0x00, 0x00, 0x00, 0x00, 0x00, 0x00, 0x00,
    0x04, 0xff, 0xff, 0xe2, 0x00, 0x00, 0x00, 0x00, 0x00, 0x00, 0x00, 0x02, 0xff, 0xff, 0xf3, 0x00,
    0x00, 0x00, 0x00, 0x00, 0x00, 0x00, 0x00, 0xdf, 0xff, 0xf6, 0x00, 0x00, 0x00, 0x00, 0x00, 0x00,
    0x00, 0x00, 0xaf, 0xff, 0xf9, 0x00, 0x00, 0x00, 0x00, 0x00, 0x00, 0x00, 0x00, 0x7f, 0xff, 0xfc,
    0x00, 0x00, 0x00, 0x00, 0x00, 0x00, 0x00, 0x00, 0x4f, 0xff, 0xfe, 0x10, 0x00, 0x00, 0x00, 0x00,
    0x00, 0x00, 0x00, 0x2f, 0xff, 0xff, 0x41, 0x11, 0x11, 0x11, 0x11, 0x11, 0x11, 0x10, 0x0d, 0xff,
    0xff, 0xff, 0xff, 0xff, 0xff, 0xff, 0xff, 0xff, 0xff, 0x41, 0xff, 0xff, 0xff, 0xff, 0xff, 0xff,
    0xff, 0xff, 0xff, 0xff, 0xf4, 0x1f, 0xff, 0xff, 0xff, 0xff, 0xff, 0xff, 0xff, 0xff, 0xff, 0xff,
    0x41, 0xff, 0xff, 0xff, 0xff, 0xff, 0xff, 0xff, 0xff, 0xff, 0xff, 0xf4,
};
static const lv_font_fmt_txt_glyph_dsc_t pl48_glyph_dsc[] = {
    {.bitmap_index = 0, .adv_w = 0, .box_w = 0, .box_h = 0, .ofs_x = 0, .ofs_y = 0},  /* id 0 */
    {.bitmap_index = 0, .adv_w = 640, .box_w = 36, .box_h = 44, .ofs_x = 2, .ofs_y = 0},  /* U+00D3 */
    {.bitmap_index = 792, .adv_w = 480, .box_w = 27, .box_h = 36, .ofs_x = 2, .ofs_y = 0},  /* U+00F3 */
    {.bitmap_index = 1278, .adv_w = 560, .box_w = 37, .box_h = 45, .ofs_x = 0, .ofs_y = -11},  /* U+0104 */
    {.bitmap_index = 2111, .adv_w = 464, .box_w = 24, .box_h = 37, .ofs_x = 2, .ofs_y = -11},  /* U+0105 */
    {.bitmap_index = 2555, .adv_w = 560, .box_w = 31, .box_h = 44, .ofs_x = 2, .ofs_y = 0},  /* U+0106 */
    {.bitmap_index = 3237, .adv_w = 432, .box_w = 24, .box_h = 36, .ofs_x = 2, .ofs_y = 0},  /* U+0107 */
    {.bitmap_index = 3669, .adv_w = 512, .box_w = 26, .box_h = 45, .ofs_x = 5, .ofs_y = -11},  /* U+0118 */
    {.bitmap_index = 4254, .adv_w = 464, .box_w = 26, .box_h = 37, .ofs_x = 2, .ofs_y = -11},  /* U+0119 */
    {.bitmap_index = 4735, .adv_w = 464, .box_w = 29, .box_h = 34, .ofs_x = 0, .ofs_y = 0},  /* U+0141 */
    {.bitmap_index = 5228, .adv_w = 224, .box_w = 16, .box_h = 36, .ofs_x = -1, .ofs_y = 0},  /* U+0142 */
    {.bitmap_index = 5516, .adv_w = 624, .box_w = 29, .box_h = 44, .ofs_x = 5, .ofs_y = 0},  /* U+0143 */
    {.bitmap_index = 6154, .adv_w = 528, .box_w = 25, .box_h = 36, .ofs_x = 4, .ofs_y = 0},  /* U+0144 */
    {.bitmap_index = 6604, .adv_w = 480, .box_w = 26, .box_h = 44, .ofs_x = 2, .ofs_y = 0},  /* U+015A */
    {.bitmap_index = 7176, .adv_w = 384, .box_w = 22, .box_h = 36, .ofs_x = 1, .ofs_y = 0},  /* U+015B */
    {.bitmap_index = 7572, .adv_w = 512, .box_w = 29, .box_h = 44, .ofs_x = 2, .ofs_y = 0},  /* U+0179 */
    {.bitmap_index = 8210, .adv_w = 400, .box_w = 23, .box_h = 36, .ofs_x = 1, .ofs_y = 0},  /* U+017A */
    {.bitmap_index = 8624, .adv_w = 512, .box_w = 29, .box_h = 44, .ofs_x = 2, .ofs_y = 0},  /* U+017B */
    {.bitmap_index = 9262, .adv_w = 400, .box_w = 23, .box_h = 36, .ofs_x = 1, .ofs_y = 0},  /* U+017C */
};
static const uint16_t pl48_unicode_list[] = { 0x0, 0x20, 0x31, 0x32, 0x33, 0x34, 0x45, 0x46, 0x6e, 0x6f, 0x70, 0x71, 0x87, 0x88, 0xa6, 0xa7, 0xa8, 0xa9 };
static const lv_font_fmt_txt_cmap_t pl48_cmaps[] = {
    { .range_start = 0xd3, .range_length = 170, .glyph_id_start = 1, .unicode_list = pl48_unicode_list,
      .glyph_id_ofs_list = NULL, .list_length = 18, .type = LV_FONT_FMT_TXT_CMAP_SPARSE_TINY },
};
static const lv_font_fmt_txt_dsc_t pl48_dsc = {
    .glyph_bitmap = pl48_bitmap, .glyph_dsc = pl48_glyph_dsc, .cmaps = pl48_cmaps, .kern_dsc = NULL,
    .kern_scale = 0, .cmap_num = 1, .bpp = 4, .kern_classes = 0, .bitmap_format = 0,
};
const lv_font_t console_font_pl_48 = {
    .get_glyph_dsc = lv_font_get_glyph_dsc_fmt_txt, .get_glyph_bitmap = lv_font_get_bitmap_fmt_txt,
    .line_height = 52, .base_line = 9, .subpx = LV_FONT_SUBPX_NONE, .underline_position = -1,
    .underline_thickness = 1, .dsc = &pl48_dsc, .fallback = &lv_font_montserrat_48,
};
